date,campaign_id,channel,spend,impressions,clicks,conversions
2026-01-01,CAM001,Affiliate,25453.23,105158,3688,189
2026-01-01,CAM002,Email,20464.63,125622,9439,894
2026-01-01,CAM003,Paid Search,64057.06,252763,14757,1155
2026-01-01,CAM004,Display,36966.94,164622,4398,138
2026-01-01,CAM005,Affiliate,21217.07,89491,3258,178
2026-01-01,CAM006,Paid Search,62204.95,224983,12149,930
2026-01-01,CAM007,Display,34145.38,163971,3864,144
2026-01-01,CAM008,Paid Search,54945.28,205533,11060,840
2026-01-01,CAM009,Affiliate,25098.64,100930,3308,194
2026-01-01,CAM010,Email,20114.4,123827,9822,1063
2026-01-01,CAM011,Affiliate,29764.68,105329,3806,206
2026-01-01,CAM012,Email,19839.09,132981,10512,1035
2026-01-01,CAM013,Affiliate,26445.18,116515,3929,237
2026-01-01,CAM014,Paid Social,61909.66,286599,11705,736
2026-01-01,CAM015,Paid Search,57850.83,177851,9097,719
2026-01-01,CAM016,Paid Search,60701.32,223228,13049,923
2026-01-01,CAM017,Paid Social,78275.67,306264,13177,764
2026-01-01,CAM018,Email,14114.34,84958,6872,733
2026-01-01,CAM019,Paid Search,58532.58,177965,10685,762
2026-01-01,CAM020,Paid Social,54117.28,272817,12321,672
2026-01-01,CAM021,Paid Search,61361.61,210809,11585,854
2026-01-01,CAM022,Display,30223.55,149143,3817,131
2026-01-01,CAM023,Email,21392.12,164276,13053,1232
2026-01-01,CAM024,Display,38109.45,213524,5332,197
2026-01-01,CAM025,Email,19443.42,154403,13391,1384
2026-01-01,CAM026,Paid Social,65938.47,270578,10285,658
2026-01-01,CAM027,Email,19005.49,143027,12555,1320
2026-01-01,CAM028,Email,17413.07,139545,11786,1084
2026-01-01,CAM029,Paid Social,59109.98,229221,10242,608
2026-01-01,CAM030,Email,18222.87,118305,10373,1027
2026-01-01,CAM031,Paid Search,67653.02,267209,15948,1271
2026-01-01,CAM032,Affiliate,25935.58,110869,4223,219
2026-01-01,CAM033,Paid Social,55726.64,229052,9962,571
2026-01-01,CAM034,Affiliate,23855.13,107420,3654,214
2026-01-01,CAM035,Paid Social,45856.14,210285,9291,513
2026-01-01,CAM036,Paid Social,54728.35,253403,10032,574
2026-01-01,CAM037,Display,35277.64,188208,4716,179
2026-01-01,CAM038,Display,29777.35,127545,3385,129
2026-01-01,CAM039,Email,19205.15,136875,11587,1256
2026-01-01,CAM040,Affiliate,28460.62,128425,4707,276
2026-01-01,CAM041,Paid Social,63895.69,312180,11848,703
2026-01-01,CAM042,Email,16536.6,98567,8003,721
2026-01-01,CAM043,Paid Search,48555.76,152875,7719,574
2026-01-01,CAM044,Paid Social,51637.79,197834,8389,466
2026-01-02,CAM001,Affiliate,22877.95,92121,3508,186
2026-01-02,CAM002,Email,17299.08,124413,9645,896
2026-01-02,CAM003,Paid Search,48607.79,150639,8684,639
2026-01-02,CAM004,Display,33135.29,145295,3615,132
2026-01-02,CAM005,Affiliate,24917.92,111562,4148,250
2026-01-02,CAM006,Paid Search,55542.0,213620,11602,832
2026-01-02,CAM007,Display,36831.59,191862,4319,159
2026-01-02,CAM008,Paid Search,59054.45,236109,13148,1041
2026-01-02,CAM009,Affiliate,27610.71,112935,3932,206
2026-01-02,CAM010,Email,15608.24,118866,9691,1020
2026-01-02,CAM011,Affiliate,27903.27,104751,3667,182
2026-01-02,CAM012,Email,18451.3,118283,9001,832
2026-01-02,CAM013,Affiliate,23204.34,105603,3787,225
2026-01-02,CAM014,Paid Social,58176.49,254229,9820,581
2026-01-02,CAM015,Paid Search,55207.28,171170,9998,788
2026-01-02,CAM016,Paid Search,42300.69,139599,7257,527
2026-01-02,CAM017,Paid Social,79210.4,407448,15850,1031
2026-01-02,CAM018,Email,19271.72,118038,9970,1013
2026-01-02,CAM019,Paid Search,55758.57,192173,9618,761
2026-01-02,CAM020,Paid Social,55049.74,255572,10515,671
2026-01-02,CAM021,Paid Search,44127.55,148210,8832,619
2026-01-02,CAM022,Display,35466.54,163952,4421,142
2026-01-02,CAM023,Email,21101.07,155778,13189,1269
2026-01-02,CAM024,Display,32238.42,165644,3989,149
2026-01-02,CAM025,Email,19653.15,154357,12244,1170
2026-01-02,CAM026,Paid Social,57821.95,233486,8988,527
2026-01-02,CAM027,Email,16725.45,132708,10890,987
2026-01-02,CAM028,Email,17263.73,102754,8950,956
2026-01-02,CAM029,Paid Social,64467.97,262613,10396,576
2026-01-02,CAM030,Email,17301.85,123097,9530,1040
2026-01-02,CAM031,Paid Search,47944.5,166177,8256,571
2026-01-02,CAM032,Affiliate,24000.49,95233,3449,174
2026-01-02,CAM033,Paid Social,66799.8,312196,13814,791
2026-01-02,CAM034,Affiliate,25865.8,97636,3521,176
2026-01-02,CAM035,Paid Social,56125.43,217216,8797,531
2026-01-02,CAM036,Paid Social,78985.31,384552,16958,950
2026-01-02,CAM037,Display,36923.6,194591,4407,147
2026-01-02,CAM038,Display,31769.08,151053,3568,118
2026-01-02,CAM039,Email,16298.76,120307,9597,948
2026-01-02,CAM040,Affiliate,23506.02,102751,3604,212
2026-01-02,CAM041,Paid Social,61377.79,257869,10059,661
2026-01-02,CAM042,Email,18527.52,132689,10930,1094
2026-01-02,CAM043,Paid Search,63608.61,240353,14524,1171
2026-01-02,CAM044,Paid Social,72774.22,308080,12031,667
2026-01-03,CAM001,Affiliate,22380.66,85030,2747,153
2026-01-03,CAM002,Email,18077.47,110211,8584,805
2026-01-03,CAM003,Paid Search,73281.14,239470,14218,1065
2026-01-03,CAM004,Display,32758.58,170282,4273,137
2026-01-03,CAM005,Affiliate,21273.16,90040,3228,176
2026-01-03,CAM006,Paid Search,68959.88,221572,12642,995
2026-01-03,CAM007,Display,36270.8,158779,3894,142
2026-01-03,CAM008,Paid Search,51752.89,154425,8198,609
2026-01-03,CAM009,Affiliate,22326.78,94526,3351,179
2026-01-03,CAM010,Email,15348.65,123435,10623,980
2026-01-03,CAM011,Affiliate,22013.34,78640,2711,141
2026-01-03,CAM012,Email,19513.35,150079,12656,1147
2026-01-03,CAM013,Affiliate,22667.22,80471,2754,142
2026-01-03,CAM014,Paid Social,71675.15,333618,15209,981
2026-01-03,CAM015,Paid Search,65429.05,196279,11288,777
2026-01-03,CAM016,Paid Search,60368.0,182480,10702,723
2026-01-03,CAM017,Paid Social,73416.44,300335,12279,793
2026-01-03,CAM018,Email,18031.96,139272,12115,1131
2026-01-03,CAM019,Paid Search,60325.46,184438,9287,704
2026-01-03,CAM020,Paid Social,72875.91,364968,15118,877
2026-01-03,CAM021,Paid Search,55914.6,179213,10122,707
2026-01-03,CAM022,Display,34426.18,150547,3726,128
2026-01-03,CAM023,Email,16960.09,123679,9253,1003
2026-01-03,CAM024,Display,32078.44,160367,4073,136
2026-01-03,CAM025,Email,18205.53,115583,9472,932
2026-01-03,CAM026,Paid Social,62320.34,292438,13132,800
2026-01-03,CAM027,Email,18916.01,149028,11534,1052
2026-01-03,CAM028,Email,16279.95,124984,10372,964
2026-01-03,CAM029,Paid Social,73879.84,326147,13485,808
2026-01-03,CAM030,Email,20671.27,162058,12562,1343
2026-01-03,CAM031,Paid Search,52780.93,211859,10757,866
2026-01-03,CAM032,Affiliate,23042.64,88785,2946,166
2026-01-03,CAM033,Paid Social,64401.87,326990,13249,800
2026-01-03,CAM034,Affiliate,25192.89,112399,3544,198
2026-01-03,CAM035,Paid Social,58684.95,263128,10851,636
2026-01-03,CAM036,Paid Social,67654.21,339646,13446,786
2026-01-03,CAM037,Display,26224.6,130406,3384,126
2026-01-03,CAM038,Display,31324.83,178018,4514,173
2026-01-03,CAM039,Email,18259.5,115394,8464,853
2026-01-03,CAM040,Affiliate,19005.27,70709,2495,143
2026-01-03,CAM041,Paid Social,67691.54,291900,11601,752
2026-01-03,CAM042,Email,21423.19,141289,11833,1300
2026-01-03,CAM043,Paid Search,54393.47,204411,11402,874
2026-01-03,CAM044,Paid Social,70434.09,347572,14100,918
2026-01-04,CAM001,Affiliate,21481.19,78032,2990,160
2026-01-04,CAM002,Email,18759.78,128856,10807,1022
2026-01-04,CAM003,Paid Search,61639.99,184460,10240,705
2026-01-04,CAM004,Display,33055.81,170355,4389,158
2026-01-04,CAM005,Affiliate,26568.91,90452,3214,187
2026-01-04,CAM006,Paid Search,59896.76,187175,10466,760
2026-01-04,CAM007,Display,39676.48,179904,4654,164
2026-01-04,CAM008,Paid Search,63184.76,237365,13701,1116
2026-01-04,CAM009,Affiliate,29053.55,133513,4564,264
2026-01-04,CAM010,Email,18619.75,134965,9737,909
2026-01-04,CAM011,Affiliate,24504.96,84088,2981,157
2026-01-04,CAM012,Email,19740.94,132485,10147,1085
2026-01-04,CAM013,Affiliate,21986.53,75218,2766,152
2026-01-04,CAM014,Paid Social,46414.07,196120,8798,564
2026-01-04,CAM015,Paid Search,50956.98,204336,10328,769
2026-01-04,CAM016,Paid Search,68901.37,268477,14568,1159
2026-01-04,CAM017,Paid Social,52063.89,261645,11114,701
2026-01-04,CAM018,Email,21477.53,141686,10567,1054
2026-01-04,CAM019,Paid Search,51262.39,203248,10995,845
2026-01-04,CAM020,Paid Social,61557.58,294517,12201,688
2026-01-04,CAM021,Paid Search,59901.06,190639,10325,765
2026-01-04,CAM022,Display,40313.75,188848,4910,187
2026-01-04,CAM023,Email,19842.45,124030,10139,1016
2026-01-04,CAM024,Display,32734.61,187043,4697,165
2026-01-04,CAM025,Email,14344.43,110946,9323,930
2026-01-04,CAM026,Paid Social,64093.95,297224,11443,687
2026-01-04,CAM027,Email,15948.37,125138,10913,1020
2026-01-04,CAM028,Email,19912.67,157270,12816,1183
2026-01-04,CAM029,Paid Social,66076.29,262759,9942,651
2026-01-04,CAM030,Email,16437.18,103857,9069,821
2026-01-04,CAM031,Paid Search,48187.98,174600,9421,731
2026-01-04,CAM032,Affiliate,21796.01,78238,2873,157
2026-01-04,CAM033,Paid Social,51147.4,221529,10022,608
2026-01-04,CAM034,Affiliate,28426.79,116529,4365,259
2026-01-04,CAM035,Paid Social,72601.6,340329,14422,796
2026-01-04,CAM036,Paid Social,77295.79,358120,13553,868
2026-01-04,CAM037,Display,36547.78,173753,4431,169
2026-01-04,CAM038,Display,35946.69,202247,5464,194
2026-01-04,CAM039,Email,19857.23,154316,11871,1181
2026-01-04,CAM040,Affiliate,22462.15,86521,3063,165
2026-01-04,CAM041,Paid Social,53963.59,223643,8694,491
2026-01-04,CAM042,Email,16526.79,101359,8080,779
2026-01-04,CAM043,Paid Search,56467.55,176932,9906,709
2026-01-04,CAM044,Paid Social,55524.71,232234,8976,534
2026-01-05,CAM001,Affiliate,23348.8,101395,3642,217
2026-01-05,CAM002,Email,17016.63,109618,9157,982
2026-01-05,CAM003,Paid Search,64123.38,213010,11531,874
2026-01-05,CAM004,Display,32207.72,151409,3988,128
2026-01-05,CAM005,Affiliate,25257.98,98447,3281,172
2026-01-05,CAM006,Paid Search,59873.34,227229,13123,902
2026-01-05,CAM007,Display,34792.67,184812,5018,180
2026-01-05,CAM008,Paid Search,51628.86,196979,11560,916
2026-01-05,CAM009,Affiliate,20848.29,86366,2982,162
2026-01-05,CAM010,Email,14484.25,110552,8979,976
2026-01-05,CAM011,Affiliate,24284.41,92568,3209,166
2026-01-05,CAM012,Email,17983.33,112334,9827,1053
2026-01-05,CAM013,Affiliate,26624.14,111869,3822,222
2026-01-05,CAM014,Paid Social,74951.83,303529,12909,836
2026-01-05,CAM015,Paid Search,56684.53,206161,10364,771
2026-01-05,CAM016,Paid Search,59316.57,190807,10206,814
2026-01-05,CAM017,Paid Social,82043.01,344659,14377,886
2026-01-05,CAM018,Email,18166.51,118325,9178,964
2026-01-05,CAM019,Paid Search,58715.68,184689,10919,757
2026-01-05,CAM020,Paid Social,63677.26,245375,10298,664
2026-01-05,CAM021,Paid Search,56185.63,184706,10146,733
2026-01-05,CAM022,Display,33895.37,159889,4372,137
2026-01-05,CAM023,Email,12060.99,84161,7274,789
2026-01-05,CAM024,Display,37969.43,175564,4285,143
2026-01-05,CAM025,Email,18307.27,110772,8456,781
2026-01-05,CAM026,Paid Social,79261.0,356869,13593,744
2026-01-05,CAM027,Email,19467.22,142193,12271,1172
2026-01-05,CAM028,Email,21502.12,164306,14368,1374
2026-01-05,CAM029,Paid Social,56984.1,255133,9905,544
2026-01-05,CAM030,Email,21348.39,169062,13386,1317
2026-01-05,CAM031,Paid Search,61582.69,217867,10822,815
2026-01-05,CAM032,Affiliate,25183.81,91545,3448,186
2026-01-05,CAM033,Paid Social,59709.13,251089,9750,580
2026-01-05,CAM034,Affiliate,31966.57,137573,4938,255
2026-01-05,CAM035,Paid Social,75168.59,348225,14596,850
2026-01-05,CAM036,Paid Social,57141.14,264610,10286,670
2026-01-05,CAM037,Display,32038.8,157866,3709,126
2026-01-05,CAM038,Display,37073.36,166502,4501,170
2026-01-05,CAM039,Email,18913.12,134174,10138,1078
2026-01-05,CAM040,Affiliate,23099.55,91744,3209,165
2026-01-05,CAM041,Paid Social,70328.91,350139,13811,889
2026-01-05,CAM042,Email,18356.13,113499,9347,924
2026-01-05,CAM043,Paid Search,53767.79,200193,11498,812
2026-01-05,CAM044,Paid Social,77071.05,301590,13065,832
2026-01-06,CAM001,Affiliate,25016.94,86301,3271,184
2026-01-06,CAM002,Email,16163.91,115596,8946,819
2026-01-06,CAM003,Paid Search,47796.02,184982,10589,839
2026-01-06,CAM004,Display,39137.88,214216,4948,180
2026-01-06,CAM005,Affiliate,29187.1,121124,4033,242
2026-01-06,CAM006,Paid Search,45451.53,136929,8154,607
2026-01-06,CAM007,Display,38202.51,202970,4641,155
2026-01-06,CAM008,Paid Search,50009.3,197734,10366,789
2026-01-06,CAM009,Affiliate,26603.61,115366,3949,196
2026-01-06,CAM010,Email,16526.63,114681,8731,874
2026-01-06,CAM011,Affiliate,19607.42,67568,2292,117
2026-01-06,CAM012,Email,19869.71,138595,11255,1139
2026-01-06,CAM013,Affiliate,24514.66,86808,3155,165
2026-01-06,CAM014,Paid Social,79064.66,330773,14011,883
2026-01-06,CAM015,Paid Search,43239.71,157192,8639,636
2026-01-06,CAM016,Paid Search,64269.71,236673,13801,1012
2026-01-06,CAM017,Paid Social,72069.51,355859,16303,899
2026-01-06,CAM018,Email,18982.06,148253,11892,1162
2026-01-06,CAM019,Paid Search,54054.73,187735,10478,733
2026-01-06,CAM020,Paid Social,76978.66,348797,15432,850
2026-01-06,CAM021,Paid Search,44446.79,145493,7683,559
2026-01-06,CAM022,Display,33994.84,162967,4467,171
2026-01-06,CAM023,Email,19315.59,149847,12379,1245
2026-01-06,CAM024,Display,32669.81,179146,4075,138
2026-01-06,CAM025,Email,18028.62,134850,10763,1005
2026-01-06,CAM026,Paid Social,63964.92,263225,10423,591
2026-01-06,CAM027,Email,16369.29,116490,9430,1001
2026-01-06,CAM028,Email,16605.1,111246,9554,969
2026-01-06,CAM029,Paid Social,64707.18,328303,14659,957
2026-01-06,CAM030,Email,17575.96,116557,9721,1016
2026-01-06,CAM031,Paid Search,57347.41,210880,10680,808
2026-01-06,CAM032,Affiliate,27459.76,93793,3194,178
2026-01-06,CAM033,Paid Social,72443.98,330742,13558,836
2026-01-06,CAM034,Affiliate,20873.1,87888,2791,141
2026-01-06,CAM035,Paid Social,64885.53,293514,11483,736
2026-01-06,CAM036,Paid Social,63773.96,264466,11276,685
2026-01-06,CAM037,Display,32796.57,156714,3756,121
2026-01-06,CAM038,Display,31966.44,181094,4106,149
2026-01-06,CAM039,Email,19709.77,141568,11692,1152
2026-01-06,CAM040,Affiliate,22615.81,83622,2938,168
2026-01-06,CAM041,Paid Social,66913.5,337805,13526,824
2026-01-06,CAM042,Email,20289.82,137601,11166,1061
2026-01-06,CAM043,Paid Search,62371.44,212540,12256,892
2026-01-06,CAM044,Paid Social,67408.53,308804,11846,713
2026-01-07,CAM001,Affiliate,22837.59,95505,3620,198
2026-01-07,CAM002,Email,14044.82,92610,7312,766
2026-01-07,CAM003,Paid Search,49366.23,174504,10519,733
2026-01-07,CAM004,Display,32022.75,145097,3707,136
2026-01-07,CAM005,Affiliate,29896.77,134397,4398,238
2026-01-07,CAM006,Paid Search,49184.25,146936,7938,637
2026-01-07,CAM007,Display,35635.3,202159,5420,173
2026-01-07,CAM008,Paid Search,61324.78,207577,11637,809
2026-01-07,CAM009,Affiliate,27427.12,116893,4228,243
2026-01-07,CAM010,Email,19490.61,138299,11741,1116
2026-01-07,CAM011,Affiliate,23155.47,86538,3256,175
2026-01-07,CAM012,Email,19891.8,156467,11705,1210
2026-01-07,CAM013,Affiliate,23663.53,80755,2826,168
2026-01-07,CAM014,Paid Social,72797.74,289718,11460,678
2026-01-07,CAM015,Paid Search,58722.93,216632,12010,962
2026-01-07,CAM016,Paid Search,63566.76,202374,10825,868
2026-01-07,CAM017,Paid Social,70683.82,359077,14741,941
2026-01-07,CAM018,Email,14359.4,103373,7461,763
2026-01-07,CAM019,Paid Search,57639.4,226190,12173,942
2026-01-07,CAM020,Paid Social,84305.38,435556,19572,1274
2026-01-07,CAM021,Paid Search,42130.89,165284,9213,747
2026-01-07,CAM022,Display,36709.21,175649,4783,152
2026-01-07,CAM023,Email,16417.47,117224,9853,989
2026-01-07,CAM024,Display,33671.38,188423,5173,176
2026-01-07,CAM025,Email,18703.49,115942,10108,1098
2026-01-07,CAM026,Paid Social,69487.03,277656,11746,678
2026-01-07,CAM027,Email,18978.27,125095,10580,954
2026-01-07,CAM028,Email,18189.64,142047,12014,1148
2026-01-07,CAM029,Paid Social,56543.15,292100,12910,722
2026-01-07,CAM030,Email,18334.51,127035,9168,1000
2026-01-07,CAM031,Paid Search,63220.87,220713,13115,980
2026-01-07,CAM032,Affiliate,24802.48,84959,3122,158
2026-01-07,CAM033,Paid Social,66993.05,286497,12619,817
2026-01-07,CAM034,Affiliate,24759.9,92841,3559,178
2026-01-07,CAM035,Paid Social,62972.06,281991,12516,743
2026-01-07,CAM036,Paid Social,66340.77,311001,12256,726
2026-01-07,CAM037,Display,40629.65,195905,4807,176
2026-01-07,CAM038,Display,38612.22,213169,5276,173
2026-01-07,CAM039,Email,19736.9,124731,9912,963
2026-01-07,CAM040,Affiliate,28871.64,105320,3337,201
2026-01-07,CAM041,Paid Social,55481.67,268523,10635,667
2026-01-07,CAM042,Email,18735.17,135365,9813,939
2026-01-07,CAM043,Paid Search,54247.76,185628,9518,774
2026-01-07,CAM044,Paid Social,75372.33,314087,13986,756
2026-01-08,CAM001,Affiliate,26280.76,104687,3833,215
2026-01-08,CAM002,Email,15864.74,98994,8604,843
2026-01-08,CAM003,Paid Search,60944.38,203033,11592,816
2026-01-08,CAM004,Display,34505.12,166275,4100,141
2026-01-08,CAM005,Affiliate,22109.77,89770,3320,196
2026-01-08,CAM006,Paid Search,62392.26,230612,11580,891
2026-01-08,CAM007,Display,34452.51,164755,3913,127
2026-01-08,CAM008,Paid Search,40157.06,136905,7265,598
2026-01-08,CAM009,Affiliate,28742.07,124880,4741,270
2026-01-08,CAM010,Email,21012.38,159707,12973,1360
2026-01-08,CAM011,Affiliate,27744.98,123245,4730,267
2026-01-08,CAM012,Email,17011.09,121011,9800,954
2026-01-08,CAM013,Affiliate,26764.43,98749,3421,204
2026-01-08,CAM014,Paid Social,64080.92,322165,12432,689
2026-01-08,CAM015,Paid Search,63964.75,233209,12241,892
2026-01-08,CAM016,Paid Search,62041.83,218251,10945,794
2026-01-08,CAM017,Paid Social,61501.88,304414,12445,742
2026-01-08,CAM018,Email,21341.87,157330,12412,1146
2026-01-08,CAM019,Paid Search,60763.45,221665,11550,944
2026-01-08,CAM020,Paid Social,52905.48,240091,9412,603
2026-01-08,CAM021,Paid Search,59865.07,222247,11662,865
2026-01-08,CAM022,Display,34835.26,179268,4354,148
2026-01-08,CAM023,Email,17596.82,117285,8886,852
2026-01-08,CAM024,Display,42835.38,230257,5912,202
2026-01-08,CAM025,Email,20575.45,126996,9280,911
2026-01-08,CAM026,Paid Social,64257.24,276492,11276,656
2026-01-08,CAM027,Email,20979.97,160374,11613,1141
2026-01-08,CAM028,Email,18892.93,135678,11420,1162
2026-01-08,CAM029,Paid Social,72846.92,344873,13062,819
2026-01-08,CAM030,Email,19497.2,155202,12694,1198
2026-01-08,CAM031,Paid Search,61192.45,231521,13926,975
2026-01-08,CAM032,Affiliate,24505.69,99760,3773,207
2026-01-08,CAM033,Paid Social,71411.57,358635,15710,1000
2026-01-08,CAM034,Affiliate,24744.22,111464,3852,219
2026-01-08,CAM035,Paid Social,81688.11,345161,14074,886
2026-01-08,CAM036,Paid Social,59055.59,287659,12950,718
2026-01-08,CAM037,Display,36430.2,195704,5068,185
2026-01-08,CAM038,Display,33996.41,153281,3517,120
2026-01-08,CAM039,Email,19245.57,140119,12056,1289
2026-01-08,CAM040,Affiliate,22216.67,95485,3385,173
2026-01-08,CAM041,Paid Social,67135.44,297460,11983,723
2026-01-08,CAM042,Email,23281.28,173777,14554,1332
2026-01-08,CAM043,Paid Search,56369.55,182346,9304,698
2026-01-08,CAM044,Paid Social,62797.51,260781,11369,618
2026-01-09,CAM001,Affiliate,22079.22,98519,3190,159
2026-01-09,CAM002,Email,15343.96,92901,7758,780
2026-01-09,CAM003,Paid Search,60436.77,239102,13381,940
2026-01-09,CAM004,Display,37524.58,210247,5571,188
2026-01-09,CAM005,Affiliate,26823.52,120589,4498,264
2026-01-09,CAM006,Paid Search,39744.56,148867,8893,690
2026-01-09,CAM007,Display,35011.4,200499,5161,164
2026-01-09,CAM008,Paid Search,37820.54,148134,8896,717
2026-01-09,CAM009,Affiliate,30444.1,104393,3390,170
2026-01-09,CAM010,Email,17782.87,116203,8915,854
2026-01-09,CAM011,Affiliate,27842.66,99791,3267,185
2026-01-09,CAM012,Email,17364.97,122066,9163,883
2026-01-09,CAM013,Affiliate,26437.49,112442,3779,211
2026-01-09,CAM014,Paid Social,43782.03,187258,7982,461
2026-01-09,CAM015,Paid Search,56639.71,187223,9395,695
2026-01-09,CAM016,Paid Search,46993.42,171041,10210,771
2026-01-09,CAM017,Paid Social,63353.87,263735,11283,649
2026-01-09,CAM018,Email,18925.15,137006,10397,1096
2026-01-09,CAM019,Paid Search,41498.2,124298,7399,535
2026-01-09,CAM020,Paid Social,72890.63,315165,12057,721
2026-01-09,CAM021,Paid Search,56197.89,194571,11548,922
2026-01-09,CAM022,Display,33658.86,153447,3591,135
2026-01-09,CAM023,Email,16026.48,127924,11016,1175
2026-01-09,CAM024,Display,35739.63,190709,4404,163
2026-01-09,CAM025,Email,17973.2,122339,10516,1081
2026-01-09,CAM026,Paid Social,62464.67,300348,11796,751
2026-01-09,CAM027,Email,15721.33,112867,8819,852
2026-01-09,CAM028,Email,13599.92,105438,8902,953
2026-01-09,CAM029,Paid Social,61673.7,308521,12304,781
2026-01-09,CAM030,Email,15773.84,101874,8902,932
2026-01-09,CAM031,Paid Search,63653.34,255179,13518,990
2026-01-09,CAM032,Affiliate,21889.55,84416,3043,177
2026-01-09,CAM033,Paid Social,56574.52,286873,12639,817
2026-01-09,CAM034,Affiliate,24646.53,104430,3909,226
2026-01-09,CAM035,Paid Social,76284.49,336584,12837,832
2026-01-09,CAM036,Paid Social,60060.69,294965,12368,771
2026-01-09,CAM037,Display,38547.98,201004,4798,170
2026-01-09,CAM038,Display,37198.71,176921,4850,176
2026-01-09,CAM039,Email,19092.35,151985,11512,1194
2026-01-09,CAM040,Affiliate,27390.7,115834,3738,199
2026-01-09,CAM041,Paid Social,57935.2,252164,9936,567
2026-01-09,CAM042,Email,18137.8,117374,10041,1080
2026-01-09,CAM043,Paid Search,60522.64,186312,11233,881
2026-01-09,CAM044,Paid Social,57746.14,246873,10389,589
2026-01-10,CAM001,Affiliate,25298.11,103523,3921,231
2026-01-10,CAM002,Email,17290.78,111543,8659,783
2026-01-10,CAM003,Paid Search,50684.69,164253,8868,704
2026-01-10,CAM004,Display,31103.73,140574,3400,117
2026-01-10,CAM005,Affiliate,22710.3,95242,3022,152
2026-01-10,CAM006,Paid Search,48641.84,179245,10564,830
2026-01-10,CAM007,Display,26935.85,133003,3466,117
2026-01-10,CAM008,Paid Search,49734.19,185521,10291,796
2026-01-10,CAM009,Affiliate,25357.71,107350,3721,185
2026-01-10,CAM010,Email,18029.34,125967,10348,1040
2026-01-10,CAM011,Affiliate,21160.48,71960,2762,151
2026-01-10,CAM012,Email,17594.01,120291,9968,902
2026-01-10,CAM013,Affiliate,22927.32,103512,3726,209
2026-01-10,CAM014,Paid Social,70472.83,316924,14043,791
2026-01-10,CAM015,Paid Search,58216.61,178635,10279,828
2026-01-10,CAM016,Paid Search,62078.07,235465,11790,847
2026-01-10,CAM017,Paid Social,65074.14,269960,12272,782
2026-01-10,CAM018,Email,20996.22,165835,12621,1315
2026-01-10,CAM019,Paid Search,64248.0,203471,11063,909
2026-01-10,CAM020,Paid Social,74942.06,307253,12001,734
2026-01-10,CAM021,Paid Search,64564.27,254631,12607,909
2026-01-10,CAM022,Display,47282.71,220760,5271,191
2026-01-10,CAM023,Email,15839.86,123473,9872,1073
2026-01-10,CAM024,Display,34069.72,174102,4084,131
2026-01-10,CAM025,Email,17918.14,110632,9332,923
2026-01-10,CAM026,Paid Social,70107.68,330510,14023,771
2026-01-10,CAM027,Email,19601.92,124795,10940,1046
2026-01-10,CAM028,Email,18269.95,110635,9329,995
2026-01-10,CAM029,Paid Social,60750.79,244142,9905,637
2026-01-10,CAM030,Email,18999.46,144245,11564,1175
2026-01-10,CAM031,Paid Search,62091.85,187217,9365,741
2026-01-10,CAM032,Affiliate,20247.4,81190,2691,145
2026-01-10,CAM033,Paid Social,62114.7,293519,13004,854
2026-01-10,CAM034,Affiliate,20385.26,88837,3120,182
2026-01-10,CAM035,Paid Social,73010.32,358709,13559,863
2026-01-10,CAM036,Paid Social,67844.01,321864,13192,755
2026-01-10,CAM037,Display,29062.02,151679,3634,118
2026-01-10,CAM038,Display,31758.44,152701,4104,150
2026-01-10,CAM039,Email,22845.71,141574,12031,1156
2026-01-10,CAM040,Affiliate,23788.27,103260,3405,192
2026-01-10,CAM041,Paid Social,55534.61,259524,10652,622
2026-01-10,CAM042,Email,21056.88,165846,13173,1310
2026-01-10,CAM043,Paid Search,52728.56,183225,9562,700
2026-01-10,CAM044,Paid Social,70985.76,363960,15543,878
2026-01-11,CAM001,Affiliate,19193.32,82706,2890,172
2026-01-11,CAM002,Email,20782.2,158559,12021,1259
2026-01-11,CAM003,Paid Search,53679.34,176532,9930,780
2026-01-11,CAM004,Display,38120.81,193813,4814,164
2026-01-11,CAM005,Affiliate,21378.46,92852,3071,154
2026-01-11,CAM006,Paid Search,45376.39,155958,8269,565
2026-01-11,CAM007,Display,38733.37,181903,4484,145
2026-01-11,CAM008,Paid Search,60281.46,207147,11394,844
2026-01-11,CAM009,Affiliate,27269.04,107355,3624,196
2026-01-11,CAM010,Email,20846.64,160653,13847,1479
2026-01-11,CAM011,Affiliate,21843.34,85261,3099,182
2026-01-11,CAM012,Email,17297.07,119033,9141,968
2026-01-11,CAM013,Affiliate,28346.04,113483,4242,241
2026-01-11,CAM014,Paid Social,66792.23,265026,10225,634
2026-01-11,CAM015,Paid Search,57124.72,171637,8813,663
2026-01-11,CAM016,Paid Search,53521.11,199981,10101,702
2026-01-11,CAM017,Paid Social,75150.31,387390,15610,955
2026-01-11,CAM018,Email,21775.09,141414,11592,1090
2026-01-11,CAM019,Paid Search,50080.38,158022,9185,730
2026-01-11,CAM020,Paid Social,62643.46,278195,11208,724
2026-01-11,CAM021,Paid Search,59674.96,235144,11832,918
2026-01-11,CAM022,Display,30374.44,149180,3385,118
2026-01-11,CAM023,Email,18677.4,111828,8669,870
2026-01-11,CAM024,Display,37087.39,169963,4056,135
2026-01-11,CAM025,Email,22297.0,163206,12676,1209
2026-01-11,CAM026,Paid Social,75709.75,369132,14010,798
2026-01-11,CAM027,Email,18344.35,135464,10454,1002
2026-01-11,CAM028,Email,18875.07,129094,10520,1022
2026-01-11,CAM029,Paid Social,65482.03,321699,12569,822
2026-01-11,CAM030,Email,14449.02,105020,8034,726
2026-01-11,CAM031,Paid Search,53237.66,192097,11501,828
2026-01-11,CAM032,Affiliate,31946.86,133289,4788,287
2026-01-11,CAM033,Paid Social,80640.94,411400,18915,1045
2026-01-11,CAM034,Affiliate,26044.07,99650,3728,225
2026-01-11,CAM035,Paid Social,69089.72,292482,13379,744
2026-01-11,CAM036,Paid Social,57101.61,233407,8971,503
2026-01-11,CAM037,Display,31580.71,145457,3801,144
2026-01-11,CAM038,Display,41318.61,188904,4644,149
2026-01-11,CAM039,Email,17916.36,126230,9190,851
2026-01-11,CAM040,Affiliate,24816.82,106876,3903,197
2026-01-11,CAM041,Paid Social,60751.53,306637,12639,804
2026-01-11,CAM042,Email,19484.28,154055,13529,1344
2026-01-11,CAM043,Paid Search,42031.33,128748,6540,500
2026-01-11,CAM044,Paid Social,71621.77,360043,15091,833
2026-01-12,CAM001,Affiliate,24617.16,88287,3106,166
2026-01-12,CAM002,Email,19929.16,137401,10126,926
2026-01-12,CAM003,Paid Search,56835.55,175700,8942,657
2026-01-12,CAM004,Display,35995.53,164067,3707,140
2026-01-12,CAM005,Affiliate,25559.32,99070,3674,209
2026-01-12,CAM006,Paid Search,44877.55,135612,8183,632
2026-01-12,CAM007,Display,38167.76,176695,4023,146
2026-01-12,CAM008,Paid Search,52612.4,188288,9952,736
2026-01-12,CAM009,Affiliate,26963.03,101202,3558,213
2026-01-12,CAM010,Email,14796.91,118680,9349,871
2026-01-12,CAM011,Affiliate,22637.3,98024,3463,207
2026-01-12,CAM012,Email,19406.35,138347,10467,1135
2026-01-12,CAM013,Affiliate,28333.48,119390,4088,235
2026-01-12,CAM014,Paid Social,51916.58,240476,9569,581
2026-01-12,CAM015,Paid Search,64476.55,210095,12055,856
2026-01-12,CAM016,Paid Search,57741.57,174065,10324,733
2026-01-12,CAM017,Paid Social,75399.47,385161,17352,1037
2026-01-12,CAM018,Email,19749.17,149516,12139,1174
2026-01-12,CAM019,Paid Search,46296.94,181155,10318,807
2026-01-12,CAM020,Paid Social,72927.02,280208,12816,731
2026-01-12,CAM021,Paid Search,52910.68,211042,12745,928
2026-01-12,CAM022,Display,36654.14,163674,4495,147
2026-01-12,CAM023,Email,20278.7,158181,13477,1250
2026-01-12,CAM024,Display,36853.9,181173,4327,158
2026-01-12,CAM025,Email,17358.46,139146,11529,1038
2026-01-12,CAM026,Paid Social,57078.64,231396,8821,510
2026-01-12,CAM027,Email,20257.28,151608,12988,1241
2026-01-12,CAM028,Email,19000.92,119926,8983,849
2026-01-12,CAM029,Paid Social,74530.07,314215,12889,790
2026-01-12,CAM030,Email,16146.41,110790,7982,806
2026-01-12,CAM031,Paid Search,53279.25,194332,10997,865
2026-01-12,CAM032,Affiliate,24875.44,90493,3260,196
2026-01-12,CAM033,Paid Social,78903.8,325437,14269,930
2026-01-12,CAM034,Affiliate,23283.83,93559,3285,166
2026-01-12,CAM035,Paid Social,56496.57,238375,9421,566
2026-01-12,CAM036,Paid Social,57150.58,239392,10661,668
2026-01-12,CAM037,Display,36252.21,188899,5052,159
2026-01-12,CAM038,Display,39384.74,217727,4995,185
2026-01-12,CAM039,Email,16457.2,102677,9001,821
2026-01-12,CAM040,Affiliate,27655.84,110157,4124,237
2026-01-12,CAM041,Paid Social,65551.36,331737,12783,711
2026-01-12,CAM042,Email,21376.64,148412,12840,1292
2026-01-12,CAM043,Paid Search,40231.34,128164,7055,510
2026-01-12,CAM044,Paid Social,60430.08,292344,11135,678
2026-01-13,CAM001,Affiliate,23799.5,81550,2580,132
2026-01-13,CAM002,Email,19442.17,143743,10968,992
2026-01-13,CAM003,Paid Search,57537.63,224969,11706,908
2026-01-13,CAM004,Display,32407.32,142610,3729,119
2026-01-13,CAM005,Affiliate,24202.27,98312,3418,175
2026-01-13,CAM006,Paid Search,62144.76,229062,11646,863
2026-01-13,CAM007,Display,44684.79,207133,5050,188
2026-01-13,CAM008,Paid Search,46224.15,157984,9484,742
2026-01-13,CAM009,Affiliate,22574.94,83512,3004,167
2026-01-13,CAM010,Email,19614.3,140977,11140,1025
2026-01-13,CAM011,Affiliate,27964.65,127112,4838,261
2026-01-13,CAM012,Email,18449.36,123801,10110,1107
2026-01-13,CAM013,Affiliate,29167.53,103541,3556,182
2026-01-13,CAM014,Paid Social,69783.89,280938,12846,770
2026-01-13,CAM015,Paid Search,54102.26,199280,10122,794
2026-01-13,CAM016,Paid Search,53281.14,167601,9423,688
2026-01-13,CAM017,Paid Social,48036.39,245092,10123,566
2026-01-13,CAM018,Email,20296.86,122463,10463,975
2026-01-13,CAM019,Paid Search,68195.67,239036,14279,972
2026-01-13,CAM020,Paid Social,55406.65,235740,10081,593
2026-01-13,CAM021,Paid Search,62337.25,242564,12190,994
2026-01-13,CAM022,Display,35715.33,192404,5052,160
2026-01-13,CAM023,Email,18976.05,149027,12342,1205
2026-01-13,CAM024,Display,37840.88,200292,4586,171
2026-01-13,CAM025,Email,20852.86,149227,10761,1011
2026-01-13,CAM026,Paid Social,66372.67,328164,13203,863
2026-01-13,CAM027,Email,17236.31,113519,9308,946
2026-01-13,CAM028,Email,21115.25,159314,12417,1230
2026-01-13,CAM029,Paid Social,61763.83,266590,11964,649
2026-01-13,CAM030,Email,17987.41,126327,10582,1120
2026-01-13,CAM031,Paid Search,58216.72,184514,10911,825
2026-01-13,CAM032,Affiliate,24527.82,94484,3216,193
2026-01-13,CAM033,Paid Social,70537.68,359863,15959,988
2026-01-13,CAM034,Affiliate,22838.3,95504,3215,175
2026-01-13,CAM035,Paid Social,67763.16,276437,11965,730
2026-01-13,CAM036,Paid Social,76658.71,304628,13005,805
2026-01-13,CAM037,Display,36418.08,191713,4370,159
2026-01-13,CAM038,Display,35012.98,167485,4062,133
2026-01-13,CAM039,Email,19957.14,160117,13878,1496
2026-01-13,CAM040,Affiliate,25704.42,101227,3677,216
2026-01-13,CAM041,Paid Social,57770.72,280976,11321,660
2026-01-13,CAM042,Email,19664.67,154452,13393,1362
2026-01-13,CAM043,Paid Search,56406.67,211021,12123,828
2026-01-13,CAM044,Paid Social,73847.68,318677,12663,734
2026-01-14,CAM001,Affiliate,24823.2,103928,3834,226
2026-01-14,CAM002,Email,20788.49,147319,12689,1336
2026-01-14,CAM003,Paid Search,50644.92,190955,11371,858
2026-01-14,CAM004,Display,32537.0,176319,4307,157
2026-01-14,CAM005,Affiliate,27590.34,113655,4186,214
2026-01-14,CAM006,Paid Search,46542.6,167765,8882,695
2026-01-14,CAM007,Display,35399.82,186175,4502,154
2026-01-14,CAM008,Paid Search,63168.65,200308,10365,745
2026-01-14,CAM009,Affiliate,28303.29,128351,4795,239
2026-01-14,CAM010,Email,17779.87,137302,10247,1121
2026-01-14,CAM011,Affiliate,28409.07,118756,4564,240
2026-01-14,CAM012,Email,19753.96,131101,10278,1096
2026-01-14,CAM013,Affiliate,25358.03,104460,3676,202
2026-01-14,CAM014,Paid Social,63785.59,304204,13013,735
2026-01-14,CAM015,Paid Search,61644.35,216262,10920,744
2026-01-14,CAM016,Paid Search,58089.14,216706,11370,839
2026-01-14,CAM017,Paid Social,67075.85,329309,14116,929
2026-01-14,CAM018,Email,19936.91,130177,11056,1051
2026-01-14,CAM019,Paid Search,61995.34,225372,11163,884
2026-01-14,CAM020,Paid Social,63467.29,325046,12674,695
2026-01-14,CAM021,Paid Search,54088.75,164760,8398,577
2026-01-14,CAM022,Display,43922.5,246141,5811,211
2026-01-14,CAM023,Email,20248.27,157065,12142,1161
2026-01-14,CAM024,Display,32685.4,157318,3917,130
2026-01-14,CAM025,Email,19461.16,126321,9976,1068
2026-01-14,CAM026,Paid Social,88181.51,340327,14592,951
2026-01-14,CAM027,Email,11468.62,74810,5954,618
2026-01-14,CAM028,Email,21267.16,145623,10886,1080
2026-01-14,CAM029,Paid Social,61104.94,277880,11999,790
2026-01-14,CAM030,Email,22863.87,177290,15042,1619
2026-01-14,CAM031,Paid Search,50407.4,175478,9401,720
2026-01-14,CAM032,Affiliate,28666.04,111135,4257,233
2026-01-14,CAM033,Paid Social,75114.21,337036,13570,860
2026-01-14,CAM034,Affiliate,22434.41,93497,3468,189
2026-01-14,CAM035,Paid Social,61627.94,303214,13785,758
2026-01-14,CAM036,Paid Social,51317.48,257915,9825,609
2026-01-14,CAM037,Display,35870.25,175444,4582,147
2026-01-14,CAM038,Display,37357.52,180461,4214,156
2026-01-14,CAM039,Email,15972.61,117778,9278,970
2026-01-14,CAM040,Affiliate,27244.2,122819,4001,208
2026-01-14,CAM041,Paid Social,74976.93,315349,13817,812
2026-01-14,CAM042,Email,15423.82,97881,7964,807
2026-01-14,CAM043,Paid Search,63642.98,215261,11771,916
2026-01-14,CAM044,Paid Social,58211.11,240973,10830,601
2026-01-15,CAM001,Affiliate,27676.35,119024,4296,251
2026-01-15,CAM002,Email,16375.28,120488,9438,991
2026-01-15,CAM003,Paid Search,60718.0,238118,13864,981
2026-01-15,CAM004,Display,25491.9,133249,3205,119
2026-01-15,CAM005,Affiliate,29388.16,108980,3801,206
2026-01-15,CAM006,Paid Search,53075.24,160066,9656,679
2026-01-15,CAM007,Display,34678.74,170817,4183,150
2026-01-15,CAM008,Paid Search,54904.79,189585,10335,809
2026-01-15,CAM009,Affiliate,23952.25,87332,3238,185
2026-01-15,CAM010,Email,21189.1,139580,10304,1042
2026-01-15,CAM011,Affiliate,27768.48,109120,4030,234
2026-01-15,CAM012,Email,21289.92,136638,11587,1117
2026-01-15,CAM013,Affiliate,24677.21,86186,3208,175
2026-01-15,CAM014,Paid Social,67274.75,344448,14137,848
2026-01-15,CAM015,Paid Search,54790.48,196543,9792,774
2026-01-15,CAM016,Paid Search,65009.75,226504,13016,910
2026-01-15,CAM017,Paid Social,65453.08,300648,12278,790
2026-01-15,CAM018,Email,18576.02,141818,10401,1084
2026-01-15,CAM019,Paid Search,55799.17,197360,11396,888
2026-01-15,CAM020,Paid Social,70820.2,322902,12815,799
2026-01-15,CAM021,Paid Search,54082.9,189438,10593,783
2026-01-15,CAM022,Display,30691.1,149303,3738,127
2026-01-15,CAM023,Email,17892.37,111721,9339,977
2026-01-15,CAM024,Display,33492.58,142812,3224,120
2026-01-15,CAM025,Email,15180.61,113680,8885,940
2026-01-15,CAM026,Paid Social,62855.96,283325,12143,785
2026-01-15,CAM027,Email,19270.34,134969,10543,1031
2026-01-15,CAM028,Email,18758.56,111781,8573,830
2026-01-15,CAM029,Paid Social,68667.76,328900,13570,768
2026-01-15,CAM030,Email,18987.61,133088,10389,1016
2026-01-15,CAM031,Paid Search,56377.45,175750,10615,729
2026-01-15,CAM032,Affiliate,23229.11,93641,3210,179
2026-01-15,CAM033,Paid Social,64545.16,273967,10884,670
2026-01-15,CAM034,Affiliate,23140.16,84429,3119,155
2026-01-15,CAM035,Paid Social,70960.66,357484,13601,845
2026-01-15,CAM036,Paid Social,69477.52,331654,13351,865
2026-01-15,CAM037,Display,26541.52,117579,3076,108
2026-01-15,CAM038,Display,35261.98,153342,3772,132
2026-01-15,CAM039,Email,15371.68,105728,8139,841
2026-01-15,CAM040,Affiliate,32195.66,140239,4946,278
2026-01-15,CAM041,Paid Social,55763.47,238210,10084,629
2026-01-15,CAM042,Email,20941.1,159439,12889,1205
2026-01-15,CAM043,Paid Search,46912.13,181041,10435,774
2026-01-15,CAM044,Paid Social,74322.02,360339,13789,770
2026-01-16,CAM001,Affiliate,24252.42,97709,3337,196
2026-01-16,CAM002,Email,15145.28,106665,9014,874
2026-01-16,CAM003,Paid Search,46006.99,175007,10388,756
2026-01-16,CAM004,Display,32779.32,163261,3821,137
2026-01-16,CAM005,Affiliate,20966.13,78086,2877,147
2026-01-16,CAM006,Paid Search,55058.74,211679,10538,837
2026-01-16,CAM007,Display,31337.41,157328,3842,138
2026-01-16,CAM008,Paid Search,54074.56,168126,9112,680
2026-01-16,CAM009,Affiliate,20950.17,74454,2581,134
2026-01-16,CAM010,Email,16643.48,99942,8657,804
2026-01-16,CAM011,Affiliate,27964.49,104480,3504,193
2026-01-16,CAM012,Email,19213.0,136560,11737,1115
2026-01-16,CAM013,Affiliate,27245.69,110788,3781,223
2026-01-16,CAM014,Paid Social,66382.2,313133,13808,859
2026-01-16,CAM015,Paid Search,62931.84,205120,10235,823
2026-01-16,CAM016,Paid Search,55541.84,222126,11691,904
2026-01-16,CAM017,Paid Social,59843.96,247823,11367,650
2026-01-16,CAM018,Email,15518.83,102531,8764,927
2026-01-16,CAM019,Paid Search,60443.32,238665,14033,1005
2026-01-16,CAM020,Paid Social,62025.68,272369,11302,653
2026-01-16,CAM021,Paid Search,54555.75,205912,11888,853
2026-01-16,CAM022,Display,37369.29,168037,4003,128
2026-01-16,CAM023,Email,20365.06,155534,13224,1422
2026-01-16,CAM024,Display,31937.4,174497,3962,147
2026-01-16,CAM025,Email,19482.27,152739,11525,1267
2026-01-16,CAM026,Paid Social,75148.59,301479,13642,852
2026-01-16,CAM027,Email,19407.29,118226,8707,850
2026-01-16,CAM028,Email,14864.5,107712,8606,859
2026-01-16,CAM029,Paid Social,54233.91,254749,9943,597
2026-01-16,CAM030,Email,18900.87,148584,11074,1153
2026-01-16,CAM031,Paid Search,54033.11,171497,8735,649
2026-01-16,CAM032,Affiliate,23071.14,98956,3774,198
2026-01-16,CAM033,Paid Social,71113.45,317883,13156,775
2026-01-16,CAM034,Affiliate,24348.86,87098,2819,169
2026-01-16,CAM035,Paid Social,72813.45,305684,13862,840
2026-01-16,CAM036,Paid Social,66396.3,331410,15173,884
2026-01-16,CAM037,Display,35839.92,170290,4136,130
2026-01-16,CAM038,Display,39515.83,176751,4671,149
2026-01-16,CAM039,Email,16710.94,134173,10971,1097
2026-01-16,CAM040,Affiliate,21084.99,90062,3322,175
2026-01-16,CAM041,Paid Social,53914.78,251980,10710,695
2026-01-16,CAM042,Email,19099.1,138561,12173,1332
2026-01-16,CAM043,Paid Search,53231.58,181277,10841,768
2026-01-16,CAM044,Paid Social,59871.63,270063,10706,652
2026-01-17,CAM001,Affiliate,27006.45,109552,3457,190
2026-01-17,CAM002,Email,18553.25,135751,9914,958
2026-01-17,CAM003,Paid Search,64872.83,213587,12508,977
2026-01-17,CAM004,Display,28872.94,156351,3617,116
2026-01-17,CAM005,Affiliate,25697.08,94004,3419,169
2026-01-17,CAM006,Paid Search,64517.49,221160,13151,1075
2026-01-17,CAM007,Display,30895.78,137050,3289,120
2026-01-17,CAM008,Paid Search,54765.66,217995,12194,857
2026-01-17,CAM009,Affiliate,22671.17,94659,3074,176
2026-01-17,CAM010,Email,19355.51,153229,11127,1138
2026-01-17,CAM011,Affiliate,25733.07,104927,3890,231
2026-01-17,CAM012,Email,20820.94,156103,12642,1288
2026-01-17,CAM013,Affiliate,24045.7,105339,3839,192
2026-01-17,CAM014,Paid Social,53807.98,269234,11415,632
2026-01-17,CAM015,Paid Search,40676.51,124644,6183,502
2026-01-17,CAM016,Paid Search,55950.13,215556,10998,803
2026-01-17,CAM017,Paid Social,54257.89,254188,9649,566
2026-01-17,CAM018,Email,19217.05,115153,8807,934
2026-01-17,CAM019,Paid Search,58813.09,184034,10409,809
2026-01-17,CAM020,Paid Social,61786.82,319062,12639,796
2026-01-17,CAM021,Paid Search,53100.11,187495,9323,704
2026-01-17,CAM022,Display,38970.13,201857,5518,195
2026-01-17,CAM023,Email,16575.76,131794,11077,1083
2026-01-17,CAM024,Display,36927.81,162428,4402,151
2026-01-17,CAM025,Email,19581.04,140002,12061,1218
2026-01-17,CAM026,Paid Social,65508.54,264565,11556,627
2026-01-17,CAM027,Email,17248.93,133056,10519,951
2026-01-17,CAM028,Email,18349.95,144196,12392,1152
2026-01-17,CAM029,Paid Social,61328.62,258674,11716,647
2026-01-17,CAM030,Email,16093.91,108150,8423,891
2026-01-17,CAM031,Paid Search,58121.45,223799,12817,936
2026-01-17,CAM032,Affiliate,25901.35,112062,3625,189
2026-01-17,CAM033,Paid Social,61381.33,269565,10492,597
2026-01-17,CAM034,Affiliate,20953.37,83034,2696,140
2026-01-17,CAM035,Paid Social,61761.07,258836,11480,629
2026-01-17,CAM036,Paid Social,50391.53,228549,9304,558
2026-01-17,CAM037,Display,33446.79,153286,3718,119
2026-01-17,CAM038,Display,31495.25,157638,3623,129
2026-01-17,CAM039,Email,17997.19,130692,10195,972
2026-01-17,CAM040,Affiliate,27981.37,112539,4066,206
2026-01-17,CAM041,Paid Social,52746.56,251782,11279,677
2026-01-17,CAM042,Email,16340.26,97510,8361,762
2026-01-17,CAM043,Paid Search,43157.42,149080,8612,644
2026-01-17,CAM044,Paid Social,56538.0,287056,12515,749
2026-01-18,CAM001,Affiliate,21538.47,90899,2962,167
2026-01-18,CAM002,Email,17140.5,111755,9032,907
2026-01-18,CAM003,Paid Search,53199.64,196207,10849,875
2026-01-18,CAM004,Display,21768.83,94808,2146,75
2026-01-18,CAM005,Affiliate,25098.42,109465,4107,228
2026-01-18,CAM006,Paid Search,62657.13,199866,10661,819
2026-01-18,CAM007,Display,30503.48,162427,3951,147
2026-01-18,CAM008,Paid Search,53479.58,159317,9241,682
2026-01-18,CAM009,Affiliate,25796.53,100172,3444,200
2026-01-18,CAM010,Email,19104.99,127231,10910,989
2026-01-18,CAM011,Affiliate,28783.13,129179,4971,251
2026-01-18,CAM012,Email,18861.36,140851,10936,1104
2026-01-18,CAM013,Affiliate,24064.85,83325,2645,152
2026-01-18,CAM014,Paid Social,56129.48,262824,10314,600
2026-01-18,CAM015,Paid Search,54125.15,174304,10150,742
2026-01-18,CAM016,Paid Search,54804.08,165375,8924,679
2026-01-18,CAM017,Paid Social,56301.19,281767,10830,684
2026-01-18,CAM018,Email,20816.04,152522,11968,1275
2026-01-18,CAM019,Paid Search,52327.21,166338,9591,741
2026-01-18,CAM020,Paid Social,76464.17,352216,15971,891
2026-01-18,CAM021,Paid Search,59047.39,215039,11881,914
2026-01-18,CAM022,Display,33707.0,157960,3731,125
2026-01-18,CAM023,Email,19702.51,141118,12321,1324
2026-01-18,CAM024,Display,39058.42,183997,4901,187
2026-01-18,CAM025,Email,17646.21,125367,9570,895
2026-01-18,CAM026,Paid Social,63842.55,280547,10912,670
2026-01-18,CAM027,Email,14131.87,86334,7390,754
2026-01-18,CAM028,Email,15041.67,93718,7386,700
2026-01-18,CAM029,Paid Social,68148.55,321344,12712,718
2026-01-18,CAM030,Email,18255.91,143031,10844,1124
2026-01-18,CAM031,Paid Search,51577.35,164418,8888,614
2026-01-18,CAM032,Affiliate,27292.68,123301,4611,272
2026-01-18,CAM033,Paid Social,61168.37,285908,12000,701
2026-01-18,CAM034,Affiliate,27193.62,107169,3521,187
2026-01-18,CAM035,Paid Social,61900.93,311825,12415,816
2026-01-18,CAM036,Paid Social,55183.36,244183,9697,601
2026-01-18,CAM037,Display,36905.88,163246,4296,157
2026-01-18,CAM038,Display,30062.63,147325,3917,147
2026-01-18,CAM039,Email,16102.94,106771,9281,889
2026-01-18,CAM040,Affiliate,26284.61,101942,3460,189
2026-01-18,CAM041,Paid Social,87417.29,417406,15887,932
2026-01-18,CAM042,Email,17474.88,111747,8157,766
2026-01-18,CAM043,Paid Search,61723.21,191457,10424,727
2026-01-18,CAM044,Paid Social,70803.75,364284,16262,997
2026-01-19,CAM001,Affiliate,33277.5,144708,5434,326
2026-01-19,CAM002,Email,17928.82,135158,11709,1083
2026-01-19,CAM003,Paid Search,56378.13,194319,11606,940
2026-01-19,CAM004,Display,38935.82,170039,3944,141
2026-01-19,CAM005,Affiliate,23448.59,97455,3212,186
2026-01-19,CAM006,Paid Search,49748.75,167620,8944,668
2026-01-19,CAM007,Display,42858.15,208144,5278,193
2026-01-19,CAM008,Paid Search,52144.76,204066,11333,852
2026-01-19,CAM009,Affiliate,21807.81,82741,2744,151
2026-01-19,CAM010,Email,16605.95,113693,8672,826
2026-01-19,CAM011,Affiliate,23062.79,92074,3352,182
2026-01-19,CAM012,Email,18080.44,144692,11935,1086
2026-01-19,CAM013,Affiliate,22657.31,85343,3101,166
2026-01-19,CAM014,Paid Social,66641.61,340219,14556,889
2026-01-19,CAM015,Paid Search,66409.59,250059,14482,1028
2026-01-19,CAM016,Paid Search,54405.01,210031,10454,773
2026-01-19,CAM017,Paid Social,69505.97,356429,15011,898
2026-01-19,CAM018,Email,16129.93,114463,8901,915
2026-01-19,CAM019,Paid Search,45288.17,156951,8754,639
2026-01-19,CAM020,Paid Social,73322.15,288265,13170,848
2026-01-19,CAM021,Paid Search,49407.06,171570,9389,713
2026-01-19,CAM022,Display,29091.99,127721,3429,108
2026-01-19,CAM023,Email,13678.09,102723,7633,723
2026-01-19,CAM024,Display,32689.12,156121,3689,134
2026-01-19,CAM025,Email,20358.41,151612,11633,1209
2026-01-19,CAM026,Paid Social,53280.76,251673,10438,677
2026-01-19,CAM027,Email,19115.55,120985,9365,949
2026-01-19,CAM028,Email,17124.34,122831,10190,1111
2026-01-19,CAM029,Paid Social,66926.93,322690,14076,862
2026-01-19,CAM030,Email,17053.35,109970,8735,880
2026-01-19,CAM031,Paid Search,44866.73,138430,7072,491
2026-01-19,CAM032,Affiliate,24246.5,92313,3256,165
2026-01-19,CAM033,Paid Social,72681.39,304227,13582,841
2026-01-19,CAM034,Affiliate,26330.68,110283,3825,205
2026-01-19,CAM035,Paid Social,62547.76,239923,10976,656
2026-01-19,CAM036,Paid Social,64046.34,305249,12250,713
2026-01-19,CAM037,Display,31555.2,141252,3839,145
2026-01-19,CAM038,Display,38587.3,219995,5930,216
2026-01-19,CAM039,Email,19564.15,151173,11646,1173
2026-01-19,CAM040,Affiliate,22569.02,94885,3298,183
2026-01-19,CAM041,Paid Social,70010.62,288703,12346,747
2026-01-19,CAM042,Email,17797.68,131766,10443,1011
2026-01-19,CAM043,Paid Search,51920.69,174753,9892,670
2026-01-19,CAM044,Paid Social,75614.09,343194,15569,913
2026-01-20,CAM001,Affiliate,23953.96,84664,2893,153
2026-01-20,CAM002,Email,19627.86,125587,9786,930
2026-01-20,CAM003,Paid Search,48666.51,188329,10002,759
2026-01-20,CAM004,Display,30234.07,158829,3771,132
2026-01-20,CAM005,Affiliate,22023.96,78151,2533,147
2026-01-20,CAM006,Paid Search,58730.96,224325,12549,879
2026-01-20,CAM007,Display,30406.9,143569,3756,144
2026-01-20,CAM008,Paid Search,54934.85,178500,9998,779
2026-01-20,CAM009,Affiliate,28063.02,97058,3504,209
2026-01-20,CAM010,Email,21428.17,149550,12826,1341
2026-01-20,CAM011,Affiliate,24701.48,110341,3895,221
2026-01-20,CAM012,Email,23492.16,180361,14355,1363
2026-01-20,CAM013,Affiliate,25407.95,100503,3606,193
2026-01-20,CAM014,Paid Social,53651.12,275797,10968,641
2026-01-20,CAM015,Paid Search,50078.2,160318,8676,601
2026-01-20,CAM016,Paid Search,56146.94,167928,8998,739
2026-01-20,CAM017,Paid Social,80422.68,339563,13481,747
2026-01-20,CAM018,Email,16343.83,100498,8225,793
2026-01-20,CAM019,Paid Search,48645.8,175957,9611,783
2026-01-20,CAM020,Paid Social,66808.74,295919,13621,811
2026-01-20,CAM021,Paid Search,47895.51,192136,11232,758
2026-01-20,CAM022,Display,34918.17,190991,4934,181
2026-01-20,CAM023,Email,20577.13,159732,12696,1177
2026-01-20,CAM024,Display,31328.26,153191,4161,151
2026-01-20,CAM025,Email,17876.83,137410,11237,1063
2026-01-20,CAM026,Paid Social,57718.72,269273,12281,688
2026-01-20,CAM027,Email,17741.77,132555,10053,958
2026-01-20,CAM028,Email,18809.75,142923,12328,1160
2026-01-20,CAM029,Paid Social,59916.26,242696,10437,640
2026-01-20,CAM030,Email,19155.16,120574,10279,959
2026-01-20,CAM031,Paid Search,47558.23,183326,9594,674
2026-01-20,CAM032,Affiliate,23961.07,110108,3646,211
2026-01-20,CAM033,Paid Social,75795.88,357521,15683,883
2026-01-20,CAM034,Affiliate,26630.46,97553,3642,181
2026-01-20,CAM035,Paid Social,57073.55,258377,9990,549
2026-01-20,CAM036,Paid Social,66566.35,314114,13735,780
2026-01-20,CAM037,Display,40716.69,205605,5617,196
2026-01-20,CAM038,Display,36986.77,167911,4463,149
2026-01-20,CAM039,Email,16231.6,98379,7129,646
2026-01-20,CAM040,Affiliate,19866.47,91353,3476,187
2026-01-20,CAM041,Paid Social,87397.23,403927,15508,876
2026-01-20,CAM042,Email,18053.15,113307,8839,964
2026-01-20,CAM043,Paid Search,54407.63,172951,10116,683
2026-01-20,CAM044,Paid Social,49122.03,226952,8866,496
2026-01-21,CAM001,Affiliate,29022.37,126248,4510,270
2026-01-21,CAM002,Email,14128.43,111044,9711,894
2026-01-21,CAM003,Paid Search,55022.83,164776,8485,659
2026-01-21,CAM004,Display,32957.49,187559,4441,146
2026-01-21,CAM005,Affiliate,26243.17,112294,3802,201
2026-01-21,CAM006,Paid Search,55718.18,207015,11533,881
2026-01-21,CAM007,Display,32730.32,167711,4545,163
2026-01-21,CAM008,Paid Search,55426.17,167128,9451,779
2026-01-21,CAM009,Affiliate,23741.11,99464,3651,195
2026-01-21,CAM010,Email,12786.4,78506,6439,625
2026-01-21,CAM011,Affiliate,22542.76,86151,2749,150
2026-01-21,CAM012,Email,18145.31,118988,9338,926
2026-01-21,CAM013,Affiliate,21090.64,75492,2702,160
2026-01-21,CAM014,Paid Social,74413.54,383728,15180,906
2026-01-21,CAM015,Paid Search,51564.98,203350,11703,818
2026-01-21,CAM016,Paid Search,48118.99,188219,9922,714
2026-01-21,CAM017,Paid Social,57379.7,274766,11725,717
2026-01-21,CAM018,Email,18108.79,119052,10341,1116
2026-01-21,CAM019,Paid Search,55199.8,202277,12161,933
2026-01-21,CAM020,Paid Social,60292.39,287870,12033,739
2026-01-21,CAM021,Paid Search,57319.94,220924,12950,1031
2026-01-21,CAM022,Display,27452.99,135909,3327,108
2026-01-21,CAM023,Email,18644.84,137579,10001,1004
2026-01-21,CAM024,Display,39651.43,187514,4707,157
2026-01-21,CAM025,Email,17882.3,136129,10157,1111
2026-01-21,CAM026,Paid Social,58480.41,301575,11760,706
2026-01-21,CAM027,Email,18050.3,122398,9251,874
2026-01-21,CAM028,Email,20713.6,154948,11723,1289
2026-01-21,CAM029,Paid Social,72026.0,308229,13456,858
2026-01-21,CAM030,Email,14383.14,95697,8219,896
2026-01-21,CAM031,Paid Search,56735.16,204325,12167,881
2026-01-21,CAM032,Affiliate,27052.12,118179,4356,262
2026-01-21,CAM033,Paid Social,47435.71,228570,8779,490
2026-01-21,CAM034,Affiliate,26172.3,114683,3731,197
2026-01-21,CAM035,Paid Social,57080.86,275669,12258,802
2026-01-21,CAM036,Paid Social,69211.69,313395,12257,672
2026-01-21,CAM037,Display,36217.98,189557,4351,152
2026-01-21,CAM038,Display,34516.9,189246,4912,178
2026-01-21,CAM039,Email,16077.9,113929,8535,822
2026-01-21,CAM040,Affiliate,30074.41,119608,4368,261
2026-01-21,CAM041,Paid Social,59236.54,284544,11686,716
2026-01-21,CAM042,Email,18029.58,125017,9768,980
2026-01-21,CAM043,Paid Search,55354.17,219736,13178,1028
2026-01-21,CAM044,Paid Social,59551.42,307156,13568,886
2026-01-22,CAM001,Affiliate,23010.5,91638,3424,181
2026-01-22,CAM002,Email,17847.11,115625,8561,851
2026-01-22,CAM003,Paid Search,47872.2,170823,10094,771
2026-01-22,CAM004,Display,36379.06,199736,4655,156
2026-01-22,CAM005,Affiliate,22285.89,101299,3803,193
2026-01-22,CAM006,Paid Search,58541.6,228933,12548,914
2026-01-22,CAM007,Display,25284.19,113270,3098,100
2026-01-22,CAM008,Paid Search,53547.96,178887,9381,759
2026-01-22,CAM009,Affiliate,22540.49,92425,3034,165
2026-01-22,CAM010,Email,20402.57,161705,13096,1220
2026-01-22,CAM011,Affiliate,19570.44,81464,3134,167
2026-01-22,CAM012,Email,15622.14,104702,8107,765
2026-01-22,CAM013,Affiliate,26858.18,107984,4019,207
2026-01-22,CAM014,Paid Social,74803.53,340352,15005,887
2026-01-22,CAM015,Paid Search,57434.0,182489,9980,732
2026-01-22,CAM016,Paid Search,66503.84,198619,10523,796
2026-01-22,CAM017,Paid Social,71538.92,316174,12453,816
2026-01-22,CAM018,Email,18196.16,111736,9785,1016
2026-01-22,CAM019,Paid Search,56693.16,184156,10647,775
2026-01-22,CAM020,Paid Social,75909.34,318382,12457,721
2026-01-22,CAM021,Paid Search,44955.29,135831,6850,489
2026-01-22,CAM022,Display,41776.23,227830,5775,199
2026-01-22,CAM023,Email,15815.18,97588,7557,724
2026-01-22,CAM024,Display,34521.81,161740,4282,163
2026-01-22,CAM025,Email,20684.47,135242,10050,963
2026-01-22,CAM026,Paid Social,68758.81,324270,13196,772
2026-01-22,CAM027,Email,17175.59,114228,9392,1007
2026-01-22,CAM028,Email,22702.7,180313,13360,1307
2026-01-22,CAM029,Paid Social,72689.38,289685,11678,765
2026-01-22,CAM030,Email,19545.56,128825,10749,1146
2026-01-22,CAM031,Paid Search,53204.57,194294,11150,761
2026-01-22,CAM032,Affiliate,23217.96,83827,3056,160
2026-01-22,CAM033,Paid Social,60907.26,265971,10311,586
2026-01-22,CAM034,Affiliate,24351.18,100840,3512,182
2026-01-22,CAM035,Paid Social,80923.06,368432,14055,789
2026-01-22,CAM036,Paid Social,50708.42,232924,10698,602
2026-01-22,CAM037,Display,28331.66,151118,4036,148
2026-01-22,CAM038,Display,35679.76,151887,3625,124
2026-01-22,CAM039,Email,16289.85,109100,8754,814
2026-01-22,CAM040,Affiliate,23863.97,90657,3460,187
2026-01-22,CAM041,Paid Social,47727.73,245166,9650,587
2026-01-22,CAM042,Email,18077.68,120146,9089,854
2026-01-22,CAM043,Paid Search,64798.93,246607,12902,1019
2026-01-22,CAM044,Paid Social,81760.86,336818,13942,856
2026-01-23,CAM001,Affiliate,25141.88,85961,2908,150
2026-01-23,CAM002,Email,21096.1,145478,12620,1238
2026-01-23,CAM003,Paid Search,57137.57,173830,8859,611
2026-01-23,CAM004,Display,36034.96,180994,4550,153
2026-01-23,CAM005,Affiliate,28406.88,98787,3190,160
2026-01-23,CAM006,Paid Search,60634.91,182486,9107,652
2026-01-23,CAM007,Display,34777.37,150490,4085,150
2026-01-23,CAM008,Paid Search,56266.04,202057,11079,856
2026-01-23,CAM009,Affiliate,20720.87,75030,2708,143
2026-01-23,CAM010,Email,17203.42,108370,9229,928
2026-01-23,CAM011,Affiliate,26174.02,97320,3325,168
2026-01-23,CAM012,Email,15050.59,117457,10167,945
2026-01-23,CAM013,Affiliate,32533.73,116409,4113,229
2026-01-23,CAM014,Paid Social,74520.93,336828,12889,809
2026-01-23,CAM015,Paid Search,60494.36,195276,11786,873
2026-01-23,CAM016,Paid Search,49304.08,172572,9432,761
2026-01-23,CAM017,Paid Social,74999.41,324645,12758,812
2026-01-23,CAM018,Email,19095.58,115051,9185,828
2026-01-23,CAM019,Paid Search,61942.92,221036,12686,1022
2026-01-23,CAM020,Paid Social,59227.96,232129,9663,625
2026-01-23,CAM021,Paid Search,61319.03,238853,12383,908
2026-01-23,CAM022,Display,32122.91,182421,4475,145
2026-01-23,CAM023,Email,15419.55,123333,9464,927
2026-01-23,CAM024,Display,31055.3,170141,4178,142
2026-01-23,CAM025,Email,18399.81,111826,8808,875
2026-01-23,CAM026,Paid Social,64498.82,280698,11369,652
2026-01-23,CAM027,Email,15761.21,101809,7890,713
2026-01-23,CAM028,Email,15499.99,112858,9393,1000
2026-01-23,CAM029,Paid Social,46810.33,186998,7818,486
2026-01-23,CAM030,Email,14751.27,117710,10357,1108
2026-01-23,CAM031,Paid Search,58149.28,213111,12043,849
2026-01-23,CAM032,Affiliate,29195.64,112237,4018,213
2026-01-23,CAM033,Paid Social,46226.54,216743,8619,524
2026-01-23,CAM034,Affiliate,23489.58,100861,3846,197
2026-01-23,CAM035,Paid Social,63860.8,281045,12244,721
2026-01-23,CAM036,Paid Social,65354.98,293205,11788,682
2026-01-23,CAM037,Display,43052.6,211210,5232,178
2026-01-23,CAM038,Display,27717.93,122721,3228,123
2026-01-23,CAM039,Email,21313.88,152719,11062,1088
2026-01-23,CAM040,Affiliate,29838.05,128636,4676,244
2026-01-23,CAM041,Paid Social,66132.9,268801,10226,652
2026-01-23,CAM042,Email,15762.28,125895,10011,1058
2026-01-23,CAM043,Paid Search,49298.33,182194,10757,755
2026-01-23,CAM044,Paid Social,48568.43,217583,9860,536
2026-01-24,CAM001,Affiliate,25010.81,103450,3621,185
2026-01-24,CAM002,Email,17700.47,112654,9826,896
2026-01-24,CAM003,Paid Search,56390.41,208927,11158,777
2026-01-24,CAM004,Display,38936.15,203287,4902,179
2026-01-24,CAM005,Affiliate,21460.87,94315,3602,211
2026-01-24,CAM006,Paid Search,63917.32,196328,11805,874
2026-01-24,CAM007,Display,33309.69,145754,3622,137
2026-01-24,CAM008,Paid Search,48073.22,165194,9320,726
2026-01-24,CAM009,Affiliate,19120.65,67739,2500,128
2026-01-24,CAM010,Email,20768.21,126087,9476,1029
2026-01-24,CAM011,Affiliate,31748.62,133358,4533,248
2026-01-24,CAM012,Email,17990.52,125308,9256,920
2026-01-24,CAM013,Affiliate,27206.87,105756,3607,218
2026-01-24,CAM014,Paid Social,75527.06,352448,15233,974
2026-01-24,CAM015,Paid Search,49744.81,157632,7968,615
2026-01-24,CAM016,Paid Search,67762.38,247231,13066,1030
2026-01-24,CAM017,Paid Social,63132.29,321113,14095,885
2026-01-24,CAM018,Email,14346.73,111032,9478,991
2026-01-24,CAM019,Paid Search,51193.14,157337,8343,592
2026-01-24,CAM020,Paid Social,55898.73,255296,9653,623
2026-01-24,CAM021,Paid Search,55802.79,210096,12452,967
2026-01-24,CAM022,Display,33764.92,164489,3771,120
2026-01-24,CAM023,Email,15155.59,107490,7943,769
2026-01-24,CAM024,Display,30950.96,142354,3547,131
2026-01-24,CAM025,Email,16524.42,111951,8739,942
2026-01-24,CAM026,Paid Social,69828.24,274529,11306,659
2026-01-24,CAM027,Email,17437.82,128949,10712,1033
2026-01-24,CAM028,Email,17629.53,129283,9632,1013
2026-01-24,CAM029,Paid Social,66890.37,273202,12531,782
2026-01-24,CAM030,Email,19093.59,125115,10781,1125
2026-01-24,CAM031,Paid Search,53513.65,162100,9446,767
2026-01-24,CAM032,Affiliate,25183.37,87333,3310,196
2026-01-24,CAM033,Paid Social,76129.73,389945,16223,1042
2026-01-24,CAM034,Affiliate,25593.63,87732,2977,167
2026-01-24,CAM035,Paid Social,72184.22,327839,13357,826
2026-01-24,CAM036,Paid Social,65029.24,313161,13122,861
2026-01-24,CAM037,Display,28055.43,119797,3190,114
2026-01-24,CAM038,Display,36944.63,174247,4351,146
2026-01-24,CAM039,Email,18638.14,142702,12551,1324
2026-01-24,CAM040,Affiliate,24406.59,87565,2866,165
2026-01-24,CAM041,Paid Social,67741.63,315130,12328,718
2026-01-24,CAM042,Email,19195.56,141393,11191,1046
2026-01-24,CAM043,Paid Search,58688.09,187456,10829,752
2026-01-24,CAM044,Paid Social,58744.44,248047,9961,558
2026-01-25,CAM001,Affiliate,25378.87,98571,3733,206
2026-01-25,CAM002,Email,20856.72,167030,13050,1418
2026-01-25,CAM003,Paid Search,55750.64,203810,11566,832
2026-01-25,CAM004,Display,32695.52,139287,3317,116
2026-01-25,CAM005,Affiliate,21864.25,99215,3717,185
2026-01-25,CAM006,Paid Search,67075.3,251956,14951,1044
2026-01-25,CAM007,Display,39216.65,225257,6058,203
2026-01-25,CAM008,Paid Search,57361.12,215590,11185,817
2026-01-25,CAM009,Affiliate,19144.3,67614,2270,126
2026-01-25,CAM010,Email,15166.94,98270,7969,741
2026-01-25,CAM011,Affiliate,25604.96,92536,3301,191
2026-01-25,CAM012,Email,16633.06,116008,9642,891
2026-01-25,CAM013,Affiliate,17581.76,73492,2398,135
2026-01-25,CAM014,Paid Social,70848.6,281213,11941,694
2026-01-25,CAM015,Paid Search,52575.33,158161,7991,614
2026-01-25,CAM016,Paid Search,48596.15,168070,8721,594
2026-01-25,CAM017,Paid Social,63493.66,312890,12595,698
2026-01-25,CAM018,Email,17502.68,111927,9585,1010
2026-01-25,CAM019,Paid Search,52014.77,184644,10151,829
2026-01-25,CAM020,Paid Social,46162.49,235664,10587,619
2026-01-25,CAM021,Paid Search,51061.82,201752,10586,735
2026-01-25,CAM022,Display,35089.79,159620,3959,138
2026-01-25,CAM023,Email,16442.96,131422,10410,1081
2026-01-25,CAM024,Display,32370.81,161068,3708,127
2026-01-25,CAM025,Email,15319.79,112385,8329,784
2026-01-25,CAM026,Paid Social,75289.47,319508,13538,829
2026-01-25,CAM027,Email,21307.51,160805,12720,1299
2026-01-25,CAM028,Email,16974.21,135328,11232,1087
2026-01-25,CAM029,Paid Social,72850.84,359445,14770,972
2026-01-25,CAM030,Email,17980.74,138409,12022,1278
2026-01-25,CAM031,Paid Search,56965.63,210892,11902,957
2026-01-25,CAM032,Affiliate,26267.92,94761,3109,170
2026-01-25,CAM033,Paid Social,69933.82,281448,11810,669
2026-01-25,CAM034,Affiliate,23733.96,86735,3018,180
2026-01-25,CAM035,Paid Social,46788.95,219154,9523,539
2026-01-25,CAM036,Paid Social,67361.0,307641,14208,859
2026-01-25,CAM037,Display,38124.05,165724,4033,142
2026-01-25,CAM038,Display,28383.85,161502,3640,116
2026-01-25,CAM039,Email,13136.52,94563,7988,824
2026-01-25,CAM040,Affiliate,23879.66,90426,2900,144
2026-01-25,CAM041,Paid Social,68288.58,348515,15207,915
2026-01-25,CAM042,Email,22037.27,175908,14580,1595
2026-01-25,CAM043,Paid Search,54360.34,193468,11608,833
2026-01-25,CAM044,Paid Social,67160.26,295568,11446,753
2026-01-26,CAM001,Affiliate,28600.44,120788,4243,236
2026-01-26,CAM002,Email,17958.19,141665,11501,1068
2026-01-26,CAM003,Paid Search,60643.05,185806,10493,833
2026-01-26,CAM004,Display,38082.88,167785,3996,139
2026-01-26,CAM005,Affiliate,24971.81,96737,3572,183
2026-01-26,CAM006,Paid Search,51035.98,151849,8048,554
2026-01-26,CAM007,Display,29436.59,146868,4009,145
2026-01-26,CAM008,Paid Search,57731.92,228170,12323,1011
2026-01-26,CAM009,Affiliate,21698.79,77739,2763,140
2026-01-26,CAM010,Email,18659.77,142375,12504,1361
2026-01-26,CAM011,Affiliate,22565.37,82844,3089,178
2026-01-26,CAM012,Email,18045.57,136036,10895,1148
2026-01-26,CAM013,Affiliate,23239.59,94596,3186,169
2026-01-26,CAM014,Paid Social,69473.26,273017,11230,719
2026-01-26,CAM015,Paid Search,62711.66,244011,12894,874
2026-01-26,CAM016,Paid Search,64138.2,213232,11547,876
2026-01-26,CAM017,Paid Social,63568.75,295478,11492,629
2026-01-26,CAM018,Email,15769.05,118765,8607,909
2026-01-26,CAM019,Paid Search,66646.4,238592,13133,888
2026-01-26,CAM020,Paid Social,59275.3,246479,10981,604
2026-01-26,CAM021,Paid Search,56905.83,170341,9702,663
2026-01-26,CAM022,Display,36702.93,162685,3859,144
2026-01-26,CAM023,Email,14171.17,92086,7528,683
2026-01-26,CAM024,Display,36410.35,173080,4665,178
2026-01-26,CAM025,Email,19839.5,132206,9746,1009
2026-01-26,CAM026,Paid Social,74911.3,385839,16642,1055
2026-01-26,CAM027,Email,16027.59,118597,9438,884
2026-01-26,CAM028,Email,23567.27,145886,11606,1239
2026-01-26,CAM029,Paid Social,78816.73,390632,15168,864
2026-01-26,CAM030,Email,18360.98,112754,9278,944
2026-01-26,CAM031,Paid Search,57492.51,178735,9547,753
2026-01-26,CAM032,Affiliate,28361.01,125598,4101,222
2026-01-26,CAM033,Paid Social,64335.03,250805,10661,603
2026-01-26,CAM034,Affiliate,26011.72,104913,3941,213
2026-01-26,CAM035,Paid Social,53004.63,248114,9823,534
2026-01-26,CAM036,Paid Social,62748.68,254235,10792,699
2026-01-26,CAM037,Display,32854.0,182577,4425,167
2026-01-26,CAM038,Display,36702.24,159132,4234,141
2026-01-26,CAM039,Email,18123.66,119752,8899,826
2026-01-26,CAM040,Affiliate,23066.01,99748,3735,208
2026-01-26,CAM041,Paid Social,75721.72,369540,16566,897
2026-01-26,CAM042,Email,14765.38,89047,6855,730
2026-01-26,CAM043,Paid Search,57893.86,216524,12611,946
2026-01-26,CAM044,Paid Social,70510.15,295814,12362,761
2026-01-27,CAM001,Affiliate,23072.69,101008,3481,185
2026-01-27,CAM002,Email,18516.51,139914,10288,941
2026-01-27,CAM003,Paid Search,50515.56,152199,8552,643
2026-01-27,CAM004,Display,27576.41,132978,3632,134
2026-01-27,CAM005,Affiliate,22612.61,84893,2741,144
2026-01-27,CAM006,Paid Search,49352.83,185294,9425,718
2026-01-27,CAM007,Display,33714.57,189352,4480,144
2026-01-27,CAM008,Paid Search,57976.45,211699,12164,958
2026-01-27,CAM009,Affiliate,28513.43,122883,4080,223
2026-01-27,CAM010,Email,20161.68,158686,12801,1166
2026-01-27,CAM011,Affiliate,24320.33,91047,2969,159
2026-01-27,CAM012,Email,17227.02,114759,9111,878
2026-01-27,CAM013,Affiliate,24034.7,107160,3612,194
2026-01-27,CAM014,Paid Social,75535.91,336757,13664,788
2026-01-27,CAM015,Paid Search,58282.78,189478,9874,715
2026-01-27,CAM016,Paid Search,52562.13,164856,8543,656
2026-01-27,CAM017,Paid Social,54578.34,273581,12531,687
2026-01-27,CAM018,Email,16241.32,97895,7924,744
2026-01-27,CAM019,Paid Search,44923.54,136681,7334,536
2026-01-27,CAM020,Paid Social,58938.88,284259,12269,725
2026-01-27,CAM021,Paid Search,59627.56,201401,11264,891
2026-01-27,CAM022,Display,34251.61,150326,3602,127
2026-01-27,CAM023,Email,21191.05,151576,13030,1386
2026-01-27,CAM024,Display,32957.23,149486,3525,132
2026-01-27,CAM025,Email,17323.62,107634,8089,813
2026-01-27,CAM026,Paid Social,67358.14,343348,15838,1035
2026-01-27,CAM027,Email,15341.47,114854,8970,877
2026-01-27,CAM028,Email,18607.9,133743,10203,987
2026-01-27,CAM029,Paid Social,62136.57,262288,11873,698
2026-01-27,CAM030,Email,16828.82,100803,7911,829
2026-01-27,CAM031,Paid Search,47766.29,162983,9214,700
2026-01-27,CAM032,Affiliate,26501.4,113996,3648,212
2026-01-27,CAM033,Paid Social,67508.61,303154,13447,796
2026-01-27,CAM034,Affiliate,25682.02,111286,4270,228
2026-01-27,CAM035,Paid Social,63642.75,280228,12746,694
2026-01-27,CAM036,Paid Social,57430.0,258188,11727,655
2026-01-27,CAM037,Display,35770.05,181542,4936,156
2026-01-27,CAM038,Display,36877.44,158912,3670,128
2026-01-27,CAM039,Email,16709.43,126254,9120,833
2026-01-27,CAM040,Affiliate,22671.66,97153,3124,172
2026-01-27,CAM041,Paid Social,62702.46,299110,12318,703
2026-01-27,CAM042,Email,19395.91,126371,10994,1131
2026-01-27,CAM043,Paid Search,53832.32,172777,8631,682
2026-01-27,CAM044,Paid Social,49406.98,215175,8465,488
2026-01-28,CAM001,Affiliate,24624.8,91169,3307,180
2026-01-28,CAM002,Email,19367.64,130513,10985,1007
2026-01-28,CAM003,Paid Search,59408.97,221266,12412,880
2026-01-28,CAM004,Display,39727.02,224157,5672,180
2026-01-28,CAM005,Affiliate,21495.18,94924,3282,177
2026-01-28,CAM006,Paid Search,54145.47,174478,9157,663
2026-01-28,CAM007,Display,34395.37,156210,3522,129
2026-01-28,CAM008,Paid Search,61588.11,188475,9903,738
2026-01-28,CAM009,Affiliate,29641.56,128635,4902,273
2026-01-28,CAM010,Email,15837.01,114426,10043,932
2026-01-28,CAM011,Affiliate,26077.71,91021,3090,183
2026-01-28,CAM012,Email,17740.45,135805,11757,1176
2026-01-28,CAM013,Affiliate,21669.36,95731,3557,179
2026-01-28,CAM014,Paid Social,66715.32,308623,13612,765
2026-01-28,CAM015,Paid Search,54130.27,208011,11026,855
2026-01-28,CAM016,Paid Search,56918.22,188472,10631,865
2026-01-28,CAM017,Paid Social,67402.03,306181,11601,683
2026-01-28,CAM018,Email,22342.43,154317,11707,1244
2026-01-28,CAM019,Paid Search,53279.75,200371,11296,923
2026-01-28,CAM020,Paid Social,67631.55,294837,12318,788
2026-01-28,CAM021,Paid Search,46075.85,178914,10285,817
2026-01-28,CAM022,Display,36591.9,195847,5165,174
2026-01-28,CAM023,Email,15657.86,107722,9229,996
2026-01-28,CAM024,Display,35281.96,185323,4599,161
2026-01-28,CAM025,Email,19006.47,146145,11240,1153
2026-01-28,CAM026,Paid Social,74002.81,289848,11949,694
2026-01-28,CAM027,Email,19237.95,119697,9625,891
2026-01-28,CAM028,Email,17480.86,129614,10184,975
2026-01-28,CAM029,Paid Social,63334.65,274815,12201,694
2026-01-28,CAM030,Email,19070.72,151391,11344,1025
2026-01-28,CAM031,Paid Search,44450.66,168093,9846,692
2026-01-28,CAM032,Affiliate,19434.52,82478,2947,175
2026-01-28,CAM033,Paid Social,65390.98,278477,10850,670
2026-01-28,CAM034,Affiliate,27131.38,124783,4414,239
2026-01-28,CAM035,Paid Social,65684.13,277710,11681,760
2026-01-28,CAM036,Paid Social,72105.57,323213,12803,702
2026-01-28,CAM037,Display,33709.75,182226,4113,157
2026-01-28,CAM038,Display,41450.18,194297,4468,159
2026-01-28,CAM039,Email,17264.46,127443,10606,1001
2026-01-28,CAM040,Affiliate,32452.7,122134,4558,250
2026-01-28,CAM041,Paid Social,58939.03,251921,11036,718
2026-01-28,CAM042,Email,16863.91,103926,8240,828
2026-01-28,CAM043,Paid Search,42295.82,126154,7122,585
2026-01-28,CAM044,Paid Social,80018.87,405968,17981,1159
2026-01-29,CAM001,Affiliate,23440.25,83309,2714,141
2026-01-29,CAM002,Email,17939.53,135937,10839,1004
2026-01-29,CAM003,Paid Search,52281.22,194262,11390,882
2026-01-29,CAM004,Display,37177.8,184654,4820,156
2026-01-29,CAM005,Affiliate,28424.5,129948,4783,269
2026-01-29,CAM006,Paid Search,50042.94,149589,7658,517
2026-01-29,CAM007,Display,32777.42,163129,3671,122
2026-01-29,CAM008,Paid Search,59816.43,182494,9840,711
2026-01-29,CAM009,Affiliate,17815.67,70776,2241,120
2026-01-29,CAM010,Email,18283.34,135170,10310,1012
2026-01-29,CAM011,Affiliate,26896.1,101959,3852,210
2026-01-29,CAM012,Email,17845.25,134024,11381,1174
2026-01-29,CAM013,Affiliate,25899.62,90152,3366,168
2026-01-29,CAM014,Paid Social,70528.78,275046,10701,698
2026-01-29,CAM015,Paid Search,56889.58,173539,9972,706
2026-01-29,CAM016,Paid Search,44132.28,136564,7577,610
2026-01-29,CAM017,Paid Social,69189.8,337962,15411,943
2026-01-29,CAM018,Email,16132.3,120178,9944,905
2026-01-29,CAM019,Paid Search,46966.85,176492,10160,771
2026-01-29,CAM020,Paid Social,71381.27,290120,11075,716
2026-01-29,CAM021,Paid Search,51226.71,179347,8951,695
2026-01-29,CAM022,Display,36731.41,165312,4209,153
2026-01-29,CAM023,Email,15529.06,123995,10339,954
2026-01-29,CAM024,Display,37922.84,179368,4235,136
2026-01-29,CAM025,Email,18702.16,126962,9549,1016
2026-01-29,CAM026,Paid Social,60764.14,257255,11214,640
2026-01-29,CAM027,Email,18591.04,128724,9846,935
2026-01-29,CAM028,Email,18267.83,120709,10047,1099
2026-01-29,CAM029,Paid Social,79803.19,372012,15024,932
2026-01-29,CAM030,Email,18213.84,129755,10836,1150
2026-01-29,CAM031,Paid Search,55324.99,200425,11181,810
2026-01-29,CAM032,Affiliate,21676.63,96630,3597,196
2026-01-29,CAM033,Paid Social,52864.02,269969,10997,691
2026-01-29,CAM034,Affiliate,27753.59,106824,4057,236
2026-01-29,CAM035,Paid Social,69246.6,278376,11168,673
2026-01-29,CAM036,Paid Social,70639.18,363015,15029,873
2026-01-29,CAM037,Display,29281.43,134698,3250,118
2026-01-29,CAM038,Display,30361.88,146543,3545,122
2026-01-29,CAM039,Email,15441.73,95305,7719,774
2026-01-29,CAM040,Affiliate,28240.52,123065,3881,200
2026-01-29,CAM041,Paid Social,68011.58,313439,13161,716
2026-01-29,CAM042,Email,20028.36,145414,12387,1340
2026-01-29,CAM043,Paid Search,53564.94,182251,9568,725
2026-01-29,CAM044,Paid Social,67603.17,286575,12039,787
2026-01-30,CAM001,Affiliate,22374.79,90738,3417,198
2026-01-30,CAM002,Email,17122.39,127417,10077,1085
2026-01-30,CAM003,Paid Search,61692.67,204836,11363,859
2026-01-30,CAM004,Display,33416.51,155683,3503,117
2026-01-30,CAM005,Affiliate,28106.52,114797,4137,249
2026-01-30,CAM006,Paid Search,48692.5,173222,10171,721
2026-01-30,CAM007,Display,34983.25,195049,4619,163
2026-01-30,CAM008,Paid Search,49599.67,179533,9911,764
2026-01-30,CAM009,Affiliate,26186.64,119563,4035,211
2026-01-30,CAM010,Email,21170.66,156455,12231,1165
2026-01-30,CAM011,Affiliate,22958.93,95111,3246,166
2026-01-30,CAM012,Email,15457.77,115419,9796,969
2026-01-30,CAM013,Affiliate,30705.88,140504,4746,279
2026-01-30,CAM014,Paid Social,53390.7,223683,9482,552
2026-01-30,CAM015,Paid Search,40111.11,149555,7770,553
2026-01-30,CAM016,Paid Search,54118.69,205635,10231,718
2026-01-30,CAM017,Paid Social,80290.58,365691,14870,824
2026-01-30,CAM018,Email,19387.58,134194,11341,1137
2026-01-30,CAM019,Paid Search,60879.3,218858,13055,989
2026-01-30,CAM020,Paid Social,63471.74,288730,12671,787
2026-01-30,CAM021,Paid Search,70670.86,250196,13562,924
2026-01-30,CAM022,Display,40857.31,175382,4464,147
2026-01-30,CAM023,Email,20228.46,148080,12288,1120
2026-01-30,CAM024,Display,40693.21,216920,5220,200
2026-01-30,CAM025,Email,18670.81,112990,8389,918
2026-01-30,CAM026,Paid Social,48366.18,222725,9339,557
2026-01-30,CAM027,Email,17539.95,132244,11207,1055
2026-01-30,CAM028,Email,20721.63,138884,11487,1187
2026-01-30,CAM029,Paid Social,71011.39,357977,15680,872
2026-01-30,CAM030,Email,17843.01,125025,10530,963
2026-01-30,CAM031,Paid Search,48890.17,159833,8347,638
2026-01-30,CAM032,Affiliate,25219.42,95616,3282,195
2026-01-30,CAM033,Paid Social,66026.11,313240,12384,696
2026-01-30,CAM034,Affiliate,23614.41,88816,3305,185
2026-01-30,CAM035,Paid Social,74550.01,309978,11814,736
2026-01-30,CAM036,Paid Social,74765.98,323749,12303,708
2026-01-30,CAM037,Display,37139.13,207823,5226,172
2026-01-30,CAM038,Display,31112.36,156252,3952,137
2026-01-30,CAM039,Email,18432.22,144807,11435,1169
2026-01-30,CAM040,Affiliate,25801.56,91503,3467,194
2026-01-30,CAM041,Paid Social,68907.25,315490,13088,760
2026-01-30,CAM042,Email,16492.58,101939,7418,780
2026-01-30,CAM043,Paid Search,56982.05,173683,9909,686
2026-01-30,CAM044,Paid Social,54299.03,233070,9865,580
2026-01-31,CAM001,Affiliate,24717.68,113664,4172,246
2026-01-31,CAM002,Email,18613.05,148301,12078,1299
2026-01-31,CAM003,Paid Search,55851.88,166832,8560,580
2026-01-31,CAM004,Display,41795.84,230893,5837,192
2026-01-31,CAM005,Affiliate,28431.29,120672,3992,224
2026-01-31,CAM006,Paid Search,50675.38,166317,9288,655
2026-01-31,CAM007,Display,36026.39,185541,4198,138
2026-01-31,CAM008,Paid Search,52920.28,200550,10277,742
2026-01-31,CAM009,Affiliate,30494.13,107229,4013,233
2026-01-31,CAM010,Email,17324.52,116617,9370,954
2026-01-31,CAM011,Affiliate,22728.77,96538,3162,185
2026-01-31,CAM012,Email,19918.73,138657,10749,1021
2026-01-31,CAM013,Affiliate,23264.34,88046,2825,160
2026-01-31,CAM014,Paid Social,65782.9,281344,11924,668
2026-01-31,CAM015,Paid Search,59113.62,214248,11745,867
2026-01-31,CAM016,Paid Search,55775.42,208683,10451,847
2026-01-31,CAM017,Paid Social,72219.74,323493,14383,803
2026-01-31,CAM018,Email,15235.47,116705,8587,887
2026-01-31,CAM019,Paid Search,44503.05,173125,9826,684
2026-01-31,CAM020,Paid Social,61931.35,272184,12574,690
2026-01-31,CAM021,Paid Search,54764.32,172012,8858,648
2026-01-31,CAM022,Display,30790.99,158482,3957,129
2026-01-31,CAM023,Email,21002.95,159580,12497,1193
2026-01-31,CAM024,Display,29524.06,160164,3835,131
2026-01-31,CAM025,Email,19993.11,121894,10631,1105
2026-01-31,CAM026,Paid Social,67072.87,347012,14467,786
2026-01-31,CAM027,Email,17896.91,117298,9143,880
2026-01-31,CAM028,Email,15830.17,111745,8816,899
2026-01-31,CAM029,Paid Social,59810.85,278401,10994,613
2026-01-31,CAM030,Email,19085.12,140986,12124,1218
2026-01-31,CAM031,Paid Search,55558.24,201586,10286,759
2026-01-31,CAM032,Affiliate,26900.2,122427,4290,257
2026-01-31,CAM033,Paid Social,68545.11,289941,11757,671
2026-01-31,CAM034,Affiliate,26642.13,102087,3499,189
2026-01-31,CAM035,Paid Social,72631.79,293956,11762,751
2026-01-31,CAM036,Paid Social,73428.68,294457,11681,653
2026-01-31,CAM037,Display,35540.21,167347,3941,126
2026-01-31,CAM038,Display,35044.12,165193,3847,140
2026-01-31,CAM039,Email,16567.15,130194,9626,1012
2026-01-31,CAM040,Affiliate,22675.23,92729,3311,179
2026-01-31,CAM041,Paid Social,71002.58,366981,14769,823
2026-01-31,CAM042,Email,18782.67,126469,9336,885
2026-01-31,CAM043,Paid Search,62787.75,210071,10454,839
2026-01-31,CAM044,Paid Social,66992.18,315959,13244,732
2026-02-01,CAM001,Affiliate,23735.01,94843,3630,214
2026-02-01,CAM002,Email,17687.8,122141,9805,991
2026-02-01,CAM003,Paid Search,46391.48,168749,9540,665
2026-02-01,CAM004,Display,38534.17,216490,5639,207
2026-02-01,CAM005,Affiliate,25409.09,89658,3350,173
2026-02-01,CAM006,Paid Search,63765.32,238646,12586,858
2026-02-01,CAM007,Display,32961.22,179928,4429,156
2026-02-01,CAM008,Paid Search,65090.7,245948,13633,997
2026-02-01,CAM009,Affiliate,21595.54,90404,2888,171
2026-02-01,CAM010,Email,17397.56,133389,9768,935
2026-02-01,CAM011,Affiliate,26582.7,99232,3198,184
2026-02-01,CAM012,Email,13140.3,93620,7220,667
2026-02-01,CAM013,Affiliate,23335.74,79539,2714,153
2026-02-01,CAM014,Paid Social,56689.52,283122,10842,674
2026-02-01,CAM015,Paid Search,55907.02,222493,11728,955
2026-02-01,CAM016,Paid Search,61186.42,207109,11816,959
2026-02-01,CAM017,Paid Social,60165.92,244608,9565,589
2026-02-01,CAM018,Email,19975.81,145497,11089,1184
2026-02-01,CAM019,Paid Search,56088.14,181567,9909,695
2026-02-01,CAM020,Paid Social,66418.22,310189,12021,693
2026-02-01,CAM021,Paid Search,65426.55,262973,14256,1009
2026-02-01,CAM022,Display,32957.0,175057,4429,146
2026-02-01,CAM023,Email,18378.72,147085,12128,1330
2026-02-01,CAM024,Display,37619.33,209084,5541,208
2026-02-01,CAM025,Email,17773.8,116967,10101,1062
2026-02-01,CAM026,Paid Social,61658.44,308091,13259,762
2026-02-01,CAM027,Email,15794.51,114706,9343,939
2026-02-01,CAM028,Email,19227.72,136758,11776,1125
2026-02-01,CAM029,Paid Social,63395.53,272493,10707,682
2026-02-01,CAM030,Email,19838.22,118281,8644,887
2026-02-01,CAM031,Paid Search,58393.74,211958,11183,898
2026-02-01,CAM032,Affiliate,28118.64,104031,3826,212
2026-02-01,CAM033,Paid Social,70821.7,312310,12175,740
2026-02-01,CAM034,Affiliate,21940.27,98289,3159,175
2026-02-01,CAM035,Paid Social,58209.15,231928,10282,574
2026-02-01,CAM036,Paid Social,64638.26,301529,12118,669
2026-02-01,CAM037,Display,34502.58,191965,4570,173
2026-02-01,CAM038,Display,31658.43,176277,4431,154
2026-02-01,CAM039,Email,20305.33,155524,11277,1101
2026-02-01,CAM040,Affiliate,27041.35,94832,3270,183
2026-02-01,CAM041,Paid Social,66234.78,333804,14994,972
2026-02-01,CAM042,Email,17555.51,128135,10841,1063
2026-02-01,CAM043,Paid Search,54101.85,209013,11064,872
2026-02-01,CAM044,Paid Social,66623.42,267418,10290,591
2026-02-02,CAM001,Affiliate,23592.74,87804,2856,142
2026-02-02,CAM002,Email,16700.92,126161,11044,1010
2026-02-02,CAM003,Paid Search,50400.07,200129,11311,932
2026-02-02,CAM004,Display,28025.49,153767,3609,137
2026-02-02,CAM005,Affiliate,21640.44,77358,2481,141
2026-02-02,CAM006,Paid Search,63820.64,199688,11454,902
2026-02-02,CAM007,Display,38412.04,164069,3877,123
2026-02-02,CAM008,Paid Search,52197.9,195169,11595,931
2026-02-02,CAM009,Affiliate,23595.61,93581,3023,174
2026-02-02,CAM010,Email,16312.4,108289,8660,904
2026-02-02,CAM011,Affiliate,24324.52,94202,3364,203
2026-02-02,CAM012,Email,19849.22,142052,12412,1155
2026-02-02,CAM013,Affiliate,25803.13,117710,3787,203
2026-02-02,CAM014,Paid Social,60381.36,248114,9426,571
2026-02-02,CAM015,Paid Search,64571.16,204761,10595,798
2026-02-02,CAM016,Paid Search,55063.97,198571,11723,861
2026-02-02,CAM017,Paid Social,71672.29,306660,13653,809
2026-02-02,CAM018,Email,17281.6,126868,11118,1015
2026-02-02,CAM019,Paid Search,54389.7,185841,10855,757
2026-02-02,CAM020,Paid Social,71433.22,352109,15706,988
2026-02-02,CAM021,Paid Search,55056.03,173533,8816,637
2026-02-02,CAM022,Display,37617.77,191778,5173,181
2026-02-02,CAM023,Email,17221.05,104271,8520,843
2026-02-02,CAM024,Display,28839.46,150386,3838,125
2026-02-02,CAM025,Email,17508.8,138655,11703,1117
2026-02-02,CAM026,Paid Social,64756.79,291282,12826,695
2026-02-02,CAM027,Email,16279.1,121307,10455,975
2026-02-02,CAM028,Email,17110.52,134584,10076,943
2026-02-02,CAM029,Paid Social,77258.8,337482,14833,925
2026-02-02,CAM030,Email,20904.14,141277,11349,1069
2026-02-02,CAM031,Paid Search,64704.12,240683,13251,1017
2026-02-02,CAM032,Affiliate,25831.53,99722,3287,172
2026-02-02,CAM033,Paid Social,52693.65,209893,9499,537
2026-02-02,CAM034,Affiliate,27582.71,124831,4484,263
2026-02-02,CAM035,Paid Social,64760.97,285417,12275,760
2026-02-02,CAM036,Paid Social,58271.98,300167,12557,731
2026-02-02,CAM037,Display,38379.03,178423,4539,162
2026-02-02,CAM038,Display,29691.14,129955,3120,104
2026-02-02,CAM039,Email,21844.17,162438,12190,1223
2026-02-02,CAM040,Affiliate,26733.49,99107,3790,196
2026-02-02,CAM041,Paid Social,70701.5,362289,15522,1023
2026-02-02,CAM042,Email,20340.12,141771,10845,1140
2026-02-02,CAM043,Paid Search,54773.03,205843,11895,932
2026-02-02,CAM044,Paid Social,65431.15,289136,12266,695
2026-02-03,CAM001,Affiliate,23781.94,102864,3602,194
2026-02-03,CAM002,Email,17682.35,109261,9162,846
2026-02-03,CAM003,Paid Search,58263.59,196654,10568,814
2026-02-03,CAM004,Display,33432.43,182051,4188,158
2026-02-03,CAM005,Affiliate,28609.2,114474,4096,243
2026-02-03,CAM006,Paid Search,56001.45,219270,13115,930
2026-02-03,CAM007,Display,28222.46,122162,3291,110
2026-02-03,CAM008,Paid Search,64119.11,252877,14890,1054
2026-02-03,CAM009,Affiliate,27838.66,125274,4599,251
2026-02-03,CAM010,Email,18834.23,138944,10135,1059
2026-02-03,CAM011,Affiliate,25942.46,88954,3383,176
2026-02-03,CAM012,Email,16079.65,121437,8751,954
2026-02-03,CAM013,Affiliate,29257.74,131387,5028,270
2026-02-03,CAM014,Paid Social,66514.95,271523,11962,777
2026-02-03,CAM015,Paid Search,54186.42,182203,9319,698
2026-02-03,CAM016,Paid Search,46908.68,165338,9931,789
2026-02-03,CAM017,Paid Social,62735.83,249419,10662,659
2026-02-03,CAM018,Email,17371.73,131816,11089,1135
2026-02-03,CAM019,Paid Search,42439.42,153594,8273,604
2026-02-03,CAM020,Paid Social,61016.65,297379,11729,744
2026-02-03,CAM021,Paid Search,55326.43,190132,9497,646
2026-02-03,CAM022,Display,27796.09,128839,3500,115
2026-02-03,CAM023,Email,20554.26,161590,11802,1092
2026-02-03,CAM024,Display,33835.9,151723,3968,127
2026-02-03,CAM025,Email,19268.73,153393,11453,1118
2026-02-03,CAM026,Paid Social,73960.6,354050,14908,841
2026-02-03,CAM027,Email,18728.94,118405,9559,870
2026-02-03,CAM028,Email,18799.66,140222,10388,1015
2026-02-03,CAM029,Paid Social,59964.74,236001,9087,559
2026-02-03,CAM030,Email,15819.75,112004,9256,951
2026-02-03,CAM031,Paid Search,60808.51,225621,12658,896
2026-02-03,CAM032,Affiliate,34714.73,155614,5679,323
2026-02-03,CAM033,Paid Social,69704.98,330155,13824,807
2026-02-03,CAM034,Affiliate,24206.44,103392,3799,191
2026-02-03,CAM035,Paid Social,55579.96,233645,9911,567
2026-02-03,CAM036,Paid Social,61050.01,308076,12239,661
2026-02-03,CAM037,Display,31418.74,140499,3210,102
2026-02-03,CAM038,Display,37891.55,193146,4891,184
2026-02-03,CAM039,Email,17562.25,135870,10559,1076
2026-02-03,CAM040,Affiliate,26454.17,104073,3836,213
2026-02-03,CAM041,Paid Social,69752.68,341630,13333,737
2026-02-03,CAM042,Email,13986.36,87578,7039,739
2026-02-03,CAM043,Paid Search,57761.54,175715,8732,641
2026-02-03,CAM044,Paid Social,75396.04,332115,14013,861
2026-02-04,CAM001,Affiliate,19440.59,82986,2780,144
2026-02-04,CAM002,Email,15128.87,104829,8719,931
2026-02-04,CAM003,Paid Search,51740.11,172470,9131,685
2026-02-04,CAM004,Display,32985.88,164364,4515,155
2026-02-04,CAM005,Affiliate,29913.21,129013,4276,255
2026-02-04,CAM006,Paid Search,67243.78,212660,11032,775
2026-02-04,CAM007,Display,38811.88,193213,4458,165
2026-02-04,CAM008,Paid Search,57446.69,207663,12117,917
2026-02-04,CAM009,Affiliate,25303.15,90469,3005,168
2026-02-04,CAM010,Email,16446.5,130262,11322,1024
2026-02-04,CAM011,Affiliate,20779.56,87472,3182,170
2026-02-04,CAM012,Email,19435.94,152309,11167,1192
2026-02-04,CAM013,Affiliate,29648.04,117096,4482,266
2026-02-04,CAM014,Paid Social,56241.95,229055,9647,576
2026-02-04,CAM015,Paid Search,53590.91,204116,11443,903
2026-02-04,CAM016,Paid Search,64044.07,257055,14345,973
2026-02-04,CAM017,Paid Social,62326.86,300628,13150,842
2026-02-04,CAM018,Email,17753.58,141423,10261,1004
2026-02-04,CAM019,Paid Search,66229.71,251262,12594,1015
2026-02-04,CAM020,Paid Social,56399.08,254446,11319,737
2026-02-04,CAM021,Paid Search,49148.84,148517,7423,582
2026-02-04,CAM022,Display,33925.87,176984,4826,185
2026-02-04,CAM023,Email,14739.32,117149,8982,956
2026-02-04,CAM024,Display,42676.33,200918,4845,173
2026-02-04,CAM025,Email,19798.12,149312,12818,1376
2026-02-04,CAM026,Paid Social,63083.09,248131,11036,716
2026-02-04,CAM027,Email,15967.2,105753,7819,797
2026-02-04,CAM028,Email,20075.02,127104,9850,985
2026-02-04,CAM029,Paid Social,60492.63,253111,10442,644
2026-02-04,CAM030,Email,20340.46,131400,11439,1143
2026-02-04,CAM031,Paid Search,58336.39,207130,12341,890
2026-02-04,CAM032,Affiliate,21639.28,87493,2920,155
2026-02-04,CAM033,Paid Social,71628.78,323149,12797,803
2026-02-04,CAM034,Affiliate,28369.55,125091,4626,268
2026-02-04,CAM035,Paid Social,67265.48,305201,12849,819
2026-02-04,CAM036,Paid Social,57235.58,257391,10958,673
2026-02-04,CAM037,Display,31789.25,152306,3533,133
2026-02-04,CAM038,Display,33530.46,169825,4657,158
2026-02-04,CAM039,Email,16211.87,127571,10491,1056
2026-02-04,CAM040,Affiliate,24923.35,87634,2985,174
2026-02-04,CAM041,Paid Social,58628.76,227287,9545,570
2026-02-04,CAM042,Email,15943.56,117602,9683,1031
2026-02-04,CAM043,Paid Search,52508.38,197417,10788,873
2026-02-04,CAM044,Paid Social,61898.05,318860,12845,749
2026-02-05,CAM001,Affiliate,24681.34,97207,3530,180
2026-02-05,CAM002,Email,19123.81,123409,10494,1127
2026-02-05,CAM003,Paid Search,70401.27,254243,15085,1212
2026-02-05,CAM004,Display,31891.69,172778,4414,150
2026-02-05,CAM005,Affiliate,25097.77,100440,3272,186
2026-02-05,CAM006,Paid Search,45756.63,178629,9138,660
2026-02-05,CAM007,Display,35389.06,153599,4126,137
2026-02-05,CAM008,Paid Search,49330.46,193977,11646,869
2026-02-05,CAM009,Affiliate,30936.49,111397,3868,231
2026-02-05,CAM010,Email,20207.03,153825,11494,1221
2026-02-05,CAM011,Affiliate,23102.93,82063,2742,165
2026-02-05,CAM012,Email,18642.05,122843,10175,1110
2026-02-05,CAM013,Affiliate,22644.87,88263,3232,165
2026-02-05,CAM014,Paid Social,52183.65,222376,9163,517
2026-02-05,CAM015,Paid Search,48581.17,168199,9645,732
2026-02-05,CAM016,Paid Search,56447.62,206547,12289,953
2026-02-05,CAM017,Paid Social,83501.57,366502,16571,964
2026-02-05,CAM018,Email,17248.21,131867,10829,1043
2026-02-05,CAM019,Paid Search,53974.76,184839,9920,752
2026-02-05,CAM020,Paid Social,65395.11,329190,14172,929
2026-02-05,CAM021,Paid Search,53096.29,200070,12055,918
2026-02-05,CAM022,Display,33665.2,173534,3983,131
2026-02-05,CAM023,Email,17230.17,128634,10023,1008
2026-02-05,CAM024,Display,26402.23,141252,3829,125
2026-02-05,CAM025,Email,20205.91,147616,11812,1235
2026-02-05,CAM026,Paid Social,52511.21,268433,11340,694
2026-02-05,CAM027,Email,18978.75,115624,8799,953
2026-02-05,CAM028,Email,21333.25,137530,11299,1225
2026-02-05,CAM029,Paid Social,68240.59,352502,14198,927
2026-02-05,CAM030,Email,21697.13,134401,10010,918
2026-02-05,CAM031,Paid Search,60992.95,182142,10330,837
2026-02-05,CAM032,Affiliate,22471.96,84652,2677,137
2026-02-05,CAM033,Paid Social,65131.4,315217,12496,680
2026-02-05,CAM034,Affiliate,25097.81,99397,3345,194
2026-02-05,CAM035,Paid Social,53954.0,265113,12203,797
2026-02-05,CAM036,Paid Social,69295.73,356818,14414,907
2026-02-05,CAM037,Display,35408.69,178865,4118,133
2026-02-05,CAM038,Display,37304.42,209277,4812,152
2026-02-05,CAM039,Email,16893.01,118865,10002,1061
2026-02-05,CAM040,Affiliate,22442.36,89918,3343,167
2026-02-05,CAM041,Paid Social,66656.96,313791,14073,801
2026-02-05,CAM042,Email,18688.81,143786,12400,1340
2026-02-05,CAM043,Paid Search,54418.62,185818,10070,790
2026-02-05,CAM044,Paid Social,75059.07,289022,12625,800
2026-02-06,CAM001,Affiliate,26475.31,95512,3246,182
2026-02-06,CAM002,Email,17165.15,122673,10403,951
2026-02-06,CAM003,Paid Search,54253.14,197918,11188,795
2026-02-06,CAM004,Display,42662.73,220480,5631,199
2026-02-06,CAM005,Affiliate,24958.69,103422,3940,213
2026-02-06,CAM006,Paid Search,62946.01,220236,10966,761
2026-02-06,CAM007,Display,38855.64,206661,5207,177
2026-02-06,CAM008,Paid Search,65216.9,259009,14438,1172
2026-02-06,CAM009,Affiliate,24831.95,94855,3390,177
2026-02-06,CAM010,Email,18567.06,146779,10806,1082
2026-02-06,CAM011,Affiliate,25080.25,90100,3405,203
2026-02-06,CAM012,Email,19169.11,151539,12796,1319
2026-02-06,CAM013,Affiliate,20701.73,88775,3393,174
2026-02-06,CAM014,Paid Social,53002.84,208958,7956,502
2026-02-06,CAM015,Paid Search,67438.03,244683,12546,962
2026-02-06,CAM016,Paid Search,59392.73,204285,10376,704
2026-02-06,CAM017,Paid Social,77282.33,373846,14275,864
2026-02-06,CAM018,Email,20994.9,131677,10431,939
2026-02-06,CAM019,Paid Search,47993.97,167568,8810,720
2026-02-06,CAM020,Paid Social,54911.72,239841,10754,619
2026-02-06,CAM021,Paid Search,56274.02,198264,11058,884
2026-02-06,CAM022,Display,32058.14,163636,3952,129
2026-02-06,CAM023,Email,17373.67,118896,9509,900
2026-02-06,CAM024,Display,39945.32,210973,4785,184
2026-02-06,CAM025,Email,15447.13,121798,9154,829
2026-02-06,CAM026,Paid Social,57963.78,229547,9303,508
2026-02-06,CAM027,Email,16594.43,121947,9839,987
2026-02-06,CAM028,Email,19315.66,144188,11839,1084
2026-02-06,CAM029,Paid Social,63121.43,279822,11859,769
2026-02-06,CAM030,Email,19391.24,122389,9967,962
2026-02-06,CAM031,Paid Search,50576.42,196042,11346,826
2026-02-06,CAM032,Affiliate,26602.12,95833,3214,186
2026-02-06,CAM033,Paid Social,71545.77,320007,14216,857
2026-02-06,CAM034,Affiliate,21850.98,90243,3229,161
2026-02-06,CAM035,Paid Social,63215.27,264312,12074,745
2026-02-06,CAM036,Paid Social,63723.19,257082,10106,597
2026-02-06,CAM037,Display,32559.98,155460,4062,132
2026-02-06,CAM038,Display,32250.11,170424,4145,131
2026-02-06,CAM039,Email,21663.82,154112,12982,1278
2026-02-06,CAM040,Affiliate,23296.89,106623,3675,200
2026-02-06,CAM041,Paid Social,61425.09,285126,12878,695
2026-02-06,CAM042,Email,18919.19,136053,11353,1216
2026-02-06,CAM043,Paid Search,48341.46,152977,8975,614
2026-02-06,CAM044,Paid Social,69264.37,299252,13155,858
2026-02-07,CAM001,Affiliate,29190.42,118952,3800,198
2026-02-07,CAM002,Email,16683.54,127039,10066,980
2026-02-07,CAM003,Paid Search,64150.37,222229,11923,926
2026-02-07,CAM004,Display,35092.48,161182,3794,144
2026-02-07,CAM005,Affiliate,21324.53,83188,2764,151
2026-02-07,CAM006,Paid Search,57714.03,229138,12617,976
2026-02-07,CAM007,Display,30585.53,142488,3322,106
2026-02-07,CAM008,Paid Search,60367.92,189702,10395,789
2026-02-07,CAM009,Affiliate,26713.38,106987,3736,209
2026-02-07,CAM010,Email,20692.44,160901,11916,1190
2026-02-07,CAM011,Affiliate,27876.65,103851,3524,202
2026-02-07,CAM012,Email,19594.75,130455,10152,1111
2026-02-07,CAM013,Affiliate,28258.94,122821,4590,252
2026-02-07,CAM014,Paid Social,55279.13,258593,9921,551
2026-02-07,CAM015,Paid Search,59850.49,193819,11535,902
2026-02-07,CAM016,Paid Search,53653.47,195185,9707,762
2026-02-07,CAM017,Paid Social,63699.44,280881,12311,807
2026-02-07,CAM018,Email,21976.82,169256,13097,1239
2026-02-07,CAM019,Paid Search,63910.23,241607,12743,916
2026-02-07,CAM020,Paid Social,60730.48,276070,11178,685
2026-02-07,CAM021,Paid Search,54405.54,193248,10253,838
2026-02-07,CAM022,Display,33757.78,170369,4409,161
2026-02-07,CAM023,Email,16757.1,126833,10672,1040
2026-02-07,CAM024,Display,30182.64,133223,3134,111
2026-02-07,CAM025,Email,19493.56,151140,11606,1172
2026-02-07,CAM026,Paid Social,53083.89,232720,9799,616
2026-02-07,CAM027,Email,18404.05,135650,10300,1126
2026-02-07,CAM028,Email,19185.45,129454,10725,1082
2026-02-07,CAM029,Paid Social,65584.01,330268,13969,910
2026-02-07,CAM030,Email,21081.96,164575,12642,1264
2026-02-07,CAM031,Paid Search,52984.53,190332,11449,821
2026-02-07,CAM032,Affiliate,19809.55,84676,2894,161
2026-02-07,CAM033,Paid Social,53073.66,208958,8009,444
2026-02-07,CAM034,Affiliate,19833.34,77918,2920,176
2026-02-07,CAM035,Paid Social,64053.95,317928,12347,723
2026-02-07,CAM036,Paid Social,63493.83,305790,13798,828
2026-02-07,CAM037,Display,37154.44,194013,4940,161
2026-02-07,CAM038,Display,37279.87,195004,4501,168
2026-02-07,CAM039,Email,14306.19,88202,7596,802
2026-02-07,CAM040,Affiliate,25174.29,104542,3945,218
2026-02-07,CAM041,Paid Social,67528.92,267096,11751,643
2026-02-07,CAM042,Email,15979.26,108865,8971,955
2026-02-07,CAM043,Paid Search,58380.85,230366,12013,827
2026-02-07,CAM044,Paid Social,67088.94,341812,14872,881
2026-02-08,CAM001,Affiliate,22169.13,95762,3356,194
2026-02-08,CAM002,Email,19908.34,158687,12652,1217
2026-02-08,CAM003,Paid Search,58378.8,221185,12531,1009
2026-02-08,CAM004,Display,36201.93,201103,4548,170
2026-02-08,CAM005,Affiliate,26013.86,105720,3741,225
2026-02-08,CAM006,Paid Search,57845.74,220904,11893,891
2026-02-08,CAM007,Display,33815.69,190687,4867,163
2026-02-08,CAM008,Paid Search,68559.27,259875,14441,1065
2026-02-08,CAM009,Affiliate,24425.47,90374,3130,181
2026-02-08,CAM010,Email,16528.49,123341,9800,1007
2026-02-08,CAM011,Affiliate,25317.73,96801,3667,201
2026-02-08,CAM012,Email,19408.37,126630,11137,1176
2026-02-08,CAM013,Affiliate,23068.72,82369,2820,162
2026-02-08,CAM014,Paid Social,58416.19,298710,13448,733
2026-02-08,CAM015,Paid Search,49017.51,151335,7731,599
2026-02-08,CAM016,Paid Search,57281.32,193911,11026,850
2026-02-08,CAM017,Paid Social,64963.26,294172,12978,709
2026-02-08,CAM018,Email,22190.89,134196,10227,952
2026-02-08,CAM019,Paid Search,43414.66,152103,7966,644
2026-02-08,CAM020,Paid Social,60584.63,310698,14036,893
2026-02-08,CAM021,Paid Search,63443.27,234381,11803,821
2026-02-08,CAM022,Display,33533.09,186466,5003,159
2026-02-08,CAM023,Email,18277.62,142049,12366,1292
2026-02-08,CAM024,Display,30643.29,166258,4008,153
2026-02-08,CAM025,Email,20837.41,157355,12338,1226
2026-02-08,CAM026,Paid Social,66171.35,333063,14008,766
2026-02-08,CAM027,Email,16350.24,119833,9629,900
2026-02-08,CAM028,Email,17483.16,109470,7933,738
2026-02-08,CAM029,Paid Social,48496.71,246645,10060,570
2026-02-08,CAM030,Email,21099.07,157017,11649,1107
2026-02-08,CAM031,Paid Search,52973.69,161658,8884,698
2026-02-08,CAM032,Affiliate,25655.81,97602,3533,186
2026-02-08,CAM033,Paid Social,73284.52,305548,11864,733
2026-02-08,CAM034,Affiliate,29721.12,126458,4494,238
2026-02-08,CAM035,Paid Social,58053.27,223542,10243,616
2026-02-08,CAM036,Paid Social,72459.88,364490,16557,897
2026-02-08,CAM037,Display,39887.65,192137,4616,167
2026-02-08,CAM038,Display,37317.88,198738,4845,185
2026-02-08,CAM039,Email,17906.21,116779,9199,938
2026-02-08,CAM040,Affiliate,19929.67,88143,3291,179
2026-02-08,CAM041,Paid Social,65505.73,335603,13291,792
2026-02-08,CAM042,Email,20861.34,129158,9869,1055
2026-02-08,CAM043,Paid Search,54709.95,219413,11283,834
2026-02-08,CAM044,Paid Social,51121.34,205240,8746,509
2026-02-09,CAM001,Affiliate,25843.97,98971,3292,179
2026-02-09,CAM002,Email,18991.64,141082,11832,1106
2026-02-09,CAM003,Paid Search,59557.9,214901,11671,881
2026-02-09,CAM004,Display,42563.85,193883,5198,178
2026-02-09,CAM005,Affiliate,23769.55,108456,3718,196
2026-02-09,CAM006,Paid Search,54925.68,189527,9981,725
2026-02-09,CAM007,Display,27310.4,134826,3253,117
2026-02-09,CAM008,Paid Search,51629.36,153859,8562,659
2026-02-09,CAM009,Affiliate,32547.53,145709,5127,302
2026-02-09,CAM010,Email,18756.31,133105,10716,1004
2026-02-09,CAM011,Affiliate,24281.52,87237,3162,169
2026-02-09,CAM012,Email,15538.1,114545,8517,899
2026-02-09,CAM013,Affiliate,26785.1,97112,3503,204
2026-02-09,CAM014,Paid Social,69391.17,354898,15795,914
2026-02-09,CAM015,Paid Search,67056.66,235755,13235,1042
2026-02-09,CAM016,Paid Search,56438.28,208064,11185,759
2026-02-09,CAM017,Paid Social,61171.98,305734,11686,664
2026-02-09,CAM018,Email,15394.66,122174,10417,1133
2026-02-09,CAM019,Paid Search,46606.87,142261,7978,588
2026-02-09,CAM020,Paid Social,62683.95,244873,9321,546
2026-02-09,CAM021,Paid Search,55878.91,175192,9164,705
2026-02-09,CAM022,Display,31320.06,174943,4280,154
2026-02-09,CAM023,Email,18708.19,124277,10558,1012
2026-02-09,CAM024,Display,29432.23,156987,4129,132
2026-02-09,CAM025,Email,20012.69,132497,11194,1071
2026-02-09,CAM026,Paid Social,60156.31,292886,11400,694
2026-02-09,CAM027,Email,15011.57,112784,8947,852
2026-02-09,CAM028,Email,16664.68,118394,9968,915
2026-02-09,CAM029,Paid Social,64323.06,255497,9781,548
2026-02-09,CAM030,Email,20801.55,159324,13578,1305
2026-02-09,CAM031,Paid Search,42090.59,126750,7099,489
2026-02-09,CAM032,Affiliate,31185.1,138854,5311,279
2026-02-09,CAM033,Paid Social,70226.71,314527,14187,817
2026-02-09,CAM034,Affiliate,24848.48,113598,4187,237
2026-02-09,CAM035,Paid Social,80180.88,314896,11954,665
2026-02-09,CAM036,Paid Social,60043.48,252066,10722,704
2026-02-09,CAM037,Display,22272.74,113550,2831,94
2026-02-09,CAM038,Display,30704.41,138698,3728,141
2026-02-09,CAM039,Email,19037.94,144452,11959,1160
2026-02-09,CAM040,Affiliate,18598.61,84537,2838,143
2026-02-09,CAM041,Paid Social,62827.15,281368,12352,731
2026-02-09,CAM042,Email,20541.79,131649,10857,983
2026-02-09,CAM043,Paid Search,50916.2,190849,10180,715
2026-02-09,CAM044,Paid Social,89078.12,373557,15600,991
2026-02-10,CAM001,Affiliate,24586.97,90462,3259,161
2026-02-10,CAM002,Email,16146.69,111866,9280,887
2026-02-10,CAM003,Paid Search,61505.59,199269,11283,874
2026-02-10,CAM004,Display,40561.53,187716,4428,164
2026-02-10,CAM005,Affiliate,20863.31,79322,2523,144
2026-02-10,CAM006,Paid Search,49314.79,193971,11551,837
2026-02-10,CAM007,Display,38444.48,205051,4649,164
2026-02-10,CAM008,Paid Search,42811.97,160286,9145,639
2026-02-10,CAM009,Affiliate,23449.62,104478,3427,175
2026-02-10,CAM010,Email,15798.68,109760,8112,811
2026-02-10,CAM011,Affiliate,27988.0,96523,3061,176
2026-02-10,CAM012,Email,19200.14,142764,12254,1244
2026-02-10,CAM013,Affiliate,29419.87,120502,4080,217
2026-02-10,CAM014,Paid Social,65190.42,333395,12787,732
2026-02-10,CAM015,Paid Search,50396.77,174839,9281,692
2026-02-10,CAM016,Paid Search,44259.46,152220,7679,610
2026-02-10,CAM017,Paid Social,58578.37,265873,11525,756
2026-02-10,CAM018,Email,18242.01,146516,11812,1268
2026-02-10,CAM019,Paid Search,56540.23,211792,12532,940
2026-02-10,CAM020,Paid Social,74839.07,357872,14431,926
2026-02-10,CAM021,Paid Search,57966.04,189828,9399,688
2026-02-10,CAM022,Display,30972.6,133983,3356,118
2026-02-10,CAM023,Email,13595.79,85565,7005,642
2026-02-10,CAM024,Display,32635.85,168173,4156,144
2026-02-10,CAM025,Email,17105.65,116855,10022,968
2026-02-10,CAM026,Paid Social,69142.21,339896,14976,825
2026-02-10,CAM027,Email,18203.62,124877,10400,965
2026-02-10,CAM028,Email,16420.79,103100,7703,703
2026-02-10,CAM029,Paid Social,67938.33,290279,11541,736
2026-02-10,CAM030,Email,17936.71,140093,12219,1161
2026-02-10,CAM031,Paid Search,50081.06,163781,8632,663
2026-02-10,CAM032,Affiliate,22976.32,103289,3426,195
2026-02-10,CAM033,Paid Social,78419.92,398305,15238,953
2026-02-10,CAM034,Affiliate,28248.19,105455,3352,184
2026-02-10,CAM035,Paid Social,62211.89,249046,10641,641
2026-02-10,CAM036,Paid Social,61511.41,306227,12031,764
2026-02-10,CAM037,Display,36910.07,183208,4344,142
2026-02-10,CAM038,Display,43669.47,232474,5739,208
2026-02-10,CAM039,Email,20009.56,128135,10605,1104
2026-02-10,CAM040,Affiliate,24341.55,103984,3399,202
2026-02-10,CAM041,Paid Social,60497.62,247266,10166,594
2026-02-10,CAM042,Email,18715.75,112821,9826,1007
2026-02-10,CAM043,Paid Search,58294.48,215045,12405,907
2026-02-10,CAM044,Paid Social,62545.54,239396,10699,694
2026-02-11,CAM001,Affiliate,23969.77,101206,3660,214
2026-02-11,CAM002,Email,16672.96,102439,8802,794
2026-02-11,CAM003,Paid Search,55756.95,183226,9548,755
2026-02-11,CAM004,Display,36855.04,172702,4410,149
2026-02-11,CAM005,Affiliate,27494.39,119469,4506,251
2026-02-11,CAM006,Paid Search,44552.14,163487,8437,612
2026-02-11,CAM007,Display,30934.74,131862,3414,109
2026-02-11,CAM008,Paid Search,59977.85,196212,10003,771
2026-02-11,CAM009,Affiliate,26339.13,109391,3785,220
2026-02-11,CAM010,Email,13104.74,80290,6231,641
2026-02-11,CAM011,Affiliate,25816.61,108181,3624,193
2026-02-11,CAM012,Email,16240.16,115358,8954,935
2026-02-11,CAM013,Affiliate,24046.87,91230,3015,178
2026-02-11,CAM014,Paid Social,73760.7,304013,11537,681
2026-02-11,CAM015,Paid Search,60272.39,230019,11916,818
2026-02-11,CAM016,Paid Search,50883.15,185085,9729,746
2026-02-11,CAM017,Paid Social,62804.51,316325,13785,853
2026-02-11,CAM018,Email,15085.28,118335,9624,991
2026-02-11,CAM019,Paid Search,44107.71,152219,8259,589
2026-02-11,CAM020,Paid Social,55942.78,242903,10995,661
2026-02-11,CAM021,Paid Search,60200.69,217843,11119,833
2026-02-11,CAM022,Display,37860.7,186767,4521,173
2026-02-11,CAM023,Email,20609.14,126645,10852,1060
2026-02-11,CAM024,Display,32341.75,167313,4504,157
2026-02-11,CAM025,Email,15428.3,115513,9636,895
2026-02-11,CAM026,Paid Social,67157.91,282424,10915,685
2026-02-11,CAM027,Email,17900.18,108303,8399,805
2026-02-11,CAM028,Email,15415.12,116731,9009,932
2026-02-11,CAM029,Paid Social,64533.9,270891,11423,649
2026-02-11,CAM030,Email,20576.3,161666,11664,1278
2026-02-11,CAM031,Paid Search,59732.44,198003,10385,795
2026-02-11,CAM032,Affiliate,21183.7,96579,3450,185
2026-02-11,CAM033,Paid Social,54474.66,279627,10642,629
2026-02-11,CAM034,Affiliate,24567.87,90204,3130,167
2026-02-11,CAM035,Paid Social,63282.78,271001,12298,805
2026-02-11,CAM036,Paid Social,57287.67,242825,9417,543
2026-02-11,CAM037,Display,38094.92,210229,5358,174
2026-02-11,CAM038,Display,43819.69,199962,5247,176
2026-02-11,CAM039,Email,17736.41,135231,10827,1112
2026-02-11,CAM040,Affiliate,23579.23,89028,3425,188
2026-02-11,CAM041,Paid Social,68594.59,282474,11245,732
2026-02-11,CAM042,Email,18265.86,146755,12719,1212
2026-02-11,CAM043,Paid Search,50726.9,167998,8872,665
2026-02-11,CAM044,Paid Social,64471.94,264956,11199,735
2026-02-12,CAM001,Affiliate,23268.81,97927,3385,200
2026-02-12,CAM002,Email,18557.41,148556,11435,1093
2026-02-12,CAM003,Paid Search,57184.18,213353,12815,1013
2026-02-12,CAM004,Display,35150.05,172213,4176,147
2026-02-12,CAM005,Affiliate,26598.54,120525,4011,238
2026-02-12,CAM006,Paid Search,55810.1,175196,10531,716
2026-02-12,CAM007,Display,42157.02,187265,4990,188
2026-02-12,CAM008,Paid Search,43389.26,151667,9064,722
2026-02-12,CAM009,Affiliate,28019.79,117937,3977,236
2026-02-12,CAM010,Email,18929.83,143754,10777,978
2026-02-12,CAM011,Affiliate,28105.63,128692,4669,276
2026-02-12,CAM012,Email,21688.02,163352,12828,1167
2026-02-12,CAM013,Affiliate,27051.44,97438,3479,186
2026-02-12,CAM014,Paid Social,69103.17,270436,11683,645
2026-02-12,CAM015,Paid Search,36588.75,109852,5669,422
2026-02-12,CAM016,Paid Search,54092.96,208069,11350,897
2026-02-12,CAM017,Paid Social,62534.99,247536,9835,645
2026-02-12,CAM018,Email,17527.06,138278,10048,1096
2026-02-12,CAM019,Paid Search,46225.41,164163,8546,680
2026-02-12,CAM020,Paid Social,63067.11,242510,9214,563
2026-02-12,CAM021,Paid Search,64098.66,219334,12934,911
2026-02-12,CAM022,Display,32461.88,174006,4534,157
2026-02-12,CAM023,Email,18497.91,120276,9301,960
2026-02-12,CAM024,Display,31818.41,157203,3545,130
2026-02-12,CAM025,Email,18907.71,138497,11674,1185
2026-02-12,CAM026,Paid Social,70161.82,291301,12932,773
2026-02-12,CAM027,Email,19226.83,140749,11067,1077
2026-02-12,CAM028,Email,18579.65,138162,10768,1083
2026-02-12,CAM029,Paid Social,64035.54,319484,13119,785
2026-02-12,CAM030,Email,18510.46,131062,9920,908
2026-02-12,CAM031,Paid Search,65115.83,231443,13377,944
2026-02-12,CAM032,Affiliate,27425.98,98284,3771,220
2026-02-12,CAM033,Paid Social,63643.21,254402,11347,712
2026-02-12,CAM034,Affiliate,23084.68,104200,3700,188
2026-02-12,CAM035,Paid Social,66024.36,292611,12916,722
2026-02-12,CAM036,Paid Social,67343.27,343356,13492,735
2026-02-12,CAM037,Display,34601.9,171227,4303,154
2026-02-12,CAM038,Display,31092.3,145213,3541,131
2026-02-12,CAM039,Email,18318.27,147192,12947,1275
2026-02-12,CAM040,Affiliate,28498.71,106695,3970,222
2026-02-12,CAM041,Paid Social,63710.16,258316,11855,725
2026-02-12,CAM042,Email,18111.32,142724,11688,1111
2026-02-12,CAM043,Paid Search,58990.46,195751,9774,683
2026-02-12,CAM044,Paid Social,66907.71,328440,13352,815
2026-02-13,CAM001,Affiliate,22169.53,99621,3466,185
2026-02-13,CAM002,Email,13347.47,87325,7432,800
2026-02-13,CAM003,Paid Search,51799.01,195920,11072,876
2026-02-13,CAM004,Display,40527.22,224335,5302,187
2026-02-13,CAM005,Affiliate,30798.71,114664,3994,197
2026-02-13,CAM006,Paid Search,49079.28,186996,10401,780
2026-02-13,CAM007,Display,32596.24,180081,4742,173
2026-02-13,CAM008,Paid Search,64068.15,226375,11946,836
2026-02-13,CAM009,Affiliate,21606.91,95446,3238,170
2026-02-13,CAM010,Email,19568.82,135528,11187,1088
2026-02-13,CAM011,Affiliate,25320.93,113834,4377,245
2026-02-13,CAM012,Email,14585.69,112087,8976,835
2026-02-13,CAM013,Affiliate,24198.13,103696,3504,211
2026-02-13,CAM014,Paid Social,70193.82,270995,12279,675
2026-02-13,CAM015,Paid Search,66820.91,266047,15124,1238
2026-02-13,CAM016,Paid Search,52428.19,206220,11786,964
2026-02-13,CAM017,Paid Social,70345.5,343578,15546,860
2026-02-13,CAM018,Email,20211.71,125043,10726,1084
2026-02-13,CAM019,Paid Search,55839.1,210916,12383,889
2026-02-13,CAM020,Paid Social,48474.15,191601,7887,500
2026-02-13,CAM021,Paid Search,54772.09,213545,11240,895
2026-02-13,CAM022,Display,34030.05,144982,3705,123
2026-02-13,CAM023,Email,16467.78,111956,8438,769
2026-02-13,CAM024,Display,35829.64,205931,5227,165
2026-02-13,CAM025,Email,15938.0,122331,9051,885
2026-02-13,CAM026,Paid Social,66324.95,289611,12299,762
2026-02-13,CAM027,Email,18721.69,137338,12064,1126
2026-02-13,CAM028,Email,16910.62,103272,8778,795
2026-02-13,CAM029,Paid Social,52609.38,232614,10138,601
2026-02-13,CAM030,Email,17860.65,134001,10204,1091
2026-02-13,CAM031,Paid Search,50065.92,167457,9080,614
2026-02-13,CAM032,Affiliate,26285.47,103804,3667,196
2026-02-13,CAM033,Paid Social,81550.23,400842,16322,925
2026-02-13,CAM034,Affiliate,24038.06,84982,3239,166
2026-02-13,CAM035,Paid Social,35684.54,146682,6403,375
2026-02-13,CAM036,Paid Social,76178.73,326027,13372,731
2026-02-13,CAM037,Display,36755.31,193126,4664,155
2026-02-13,CAM038,Display,32096.77,145907,3640,134
2026-02-13,CAM039,Email,15701.88,121977,9444,887
2026-02-13,CAM040,Affiliate,20692.88,78461,2851,148
2026-02-13,CAM041,Paid Social,57363.53,225226,8933,587
2026-02-13,CAM042,Email,17188.45,107437,8079,881
2026-02-13,CAM043,Paid Search,62450.7,250927,14083,960
2026-02-13,CAM044,Paid Social,71687.76,325510,14333,903
2026-02-14,CAM001,Affiliate,20626.95,71491,2261,114
2026-02-14,CAM002,Email,16140.2,120329,9889,973
2026-02-14,CAM003,Paid Search,46714.31,152430,8352,678
2026-02-14,CAM004,Display,33895.38,159318,3922,140
2026-02-14,CAM005,Affiliate,29678.89,133261,4697,280
2026-02-14,CAM006,Paid Search,59529.48,196367,11058,858
2026-02-14,CAM007,Display,41350.45,211837,5169,166
2026-02-14,CAM008,Paid Search,61244.43,234739,13679,1073
2026-02-14,CAM009,Affiliate,23457.94,81723,2878,151
2026-02-14,CAM010,Email,15547.74,110168,8328,828
2026-02-14,CAM011,Affiliate,22513.68,86413,2953,175
2026-02-14,CAM012,Email,17444.74,116275,9588,1002
2026-02-14,CAM013,Affiliate,23250.48,91566,3400,174
2026-02-14,CAM014,Paid Social,74881.61,352676,14149,801
2026-02-14,CAM015,Paid Search,44483.81,160195,8865,683
2026-02-14,CAM016,Paid Search,54220.07,187857,10945,847
2026-02-14,CAM017,Paid Social,62792.19,311021,13119,801
2026-02-14,CAM018,Email,15931.64,124880,9291,841
2026-02-14,CAM019,Paid Search,45862.35,146247,7779,583
2026-02-14,CAM020,Paid Social,65016.65,298762,12239,704
2026-02-14,CAM021,Paid Search,56899.14,208040,11562,903
2026-02-14,CAM022,Display,40739.64,209851,5552,182
2026-02-14,CAM023,Email,16873.37,112405,8298,816
2026-02-14,CAM024,Display,25597.65,147156,3682,127
2026-02-14,CAM025,Email,17880.87,133157,10608,1033
2026-02-14,CAM026,Paid Social,56886.03,283731,12103,725
2026-02-14,CAM027,Email,18381.91,129523,10459,1126
2026-02-14,CAM028,Email,14256.28,88159,7566,807
2026-02-14,CAM029,Paid Social,74849.13,336954,14723,857
2026-02-14,CAM030,Email,19277.69,144322,10652,973
2026-02-14,CAM031,Paid Search,51406.15,160193,9541,717
2026-02-14,CAM032,Affiliate,22145.23,80083,2997,172
2026-02-14,CAM033,Paid Social,56321.71,230085,10440,622
2026-02-14,CAM034,Affiliate,26391.23,117310,4346,250
2026-02-14,CAM035,Paid Social,72031.15,327909,14480,931
2026-02-14,CAM036,Paid Social,77904.97,332341,14152,809
2026-02-14,CAM037,Display,33852.17,156690,4091,152
2026-02-14,CAM038,Display,39208.92,211086,5049,190
2026-02-14,CAM039,Email,14563.91,87237,7062,680
2026-02-14,CAM040,Affiliate,25452.35,108648,3909,209
2026-02-14,CAM041,Paid Social,48325.93,221795,9782,534
2026-02-14,CAM042,Email,18946.76,133082,10395,1040
2026-02-14,CAM043,Paid Search,55010.8,165043,9093,632
2026-02-14,CAM044,Paid Social,66640.04,269693,10614,678
2026-02-15,CAM001,Affiliate,29648.04,114403,4277,218
2026-02-15,CAM002,Email,18221.27,110678,9624,914
2026-02-15,CAM003,Paid Search,56197.37,168166,8987,619
2026-02-15,CAM004,Display,36379.25,167877,4461,153
2026-02-15,CAM005,Affiliate,25029.45,103047,3966,208
2026-02-15,CAM006,Paid Search,45506.02,146050,7723,558
2026-02-15,CAM007,Display,30730.08,164678,4203,157
2026-02-15,CAM008,Paid Search,52546.88,159435,9535,705
2026-02-15,CAM009,Affiliate,22710.93,98863,3236,170
2026-02-15,CAM010,Email,20603.17,152834,13434,1352
2026-02-15,CAM011,Affiliate,19607.88,82060,2624,156
2026-02-15,CAM012,Email,12286.71,76114,6261,623
2026-02-15,CAM013,Affiliate,22681.06,92596,3530,178
2026-02-15,CAM014,Paid Social,62642.95,316959,13401,819
2026-02-15,CAM015,Paid Search,54201.84,214662,10930,785
2026-02-15,CAM016,Paid Search,59532.79,199041,10105,737
2026-02-15,CAM017,Paid Social,54353.81,215457,9420,560
2026-02-15,CAM018,Email,17949.17,133072,9772,892
2026-02-15,CAM019,Paid Search,46108.99,173978,10422,753
2026-02-15,CAM020,Paid Social,51096.26,212374,9797,643
2026-02-15,CAM021,Paid Search,50733.11,167476,8892,699
2026-02-15,CAM022,Display,33908.93,144856,3864,124
2026-02-15,CAM023,Email,16588.15,102457,7703,750
2026-02-15,CAM024,Display,36541.6,175386,4228,155
2026-02-15,CAM025,Email,18384.51,117092,9720,1002
2026-02-15,CAM026,Paid Social,71770.39,370670,14729,808
2026-02-15,CAM027,Email,18039.52,140173,10889,1173
2026-02-15,CAM028,Email,17783.31,142778,11992,1186
2026-02-15,CAM029,Paid Social,68381.49,272369,11211,630
2026-02-15,CAM030,Email,12766.34,94052,8124,882
2026-02-15,CAM031,Paid Search,55560.87,196583,10798,750
2026-02-15,CAM032,Affiliate,22052.5,100907,3713,188
2026-02-15,CAM033,Paid Social,67255.54,330735,14945,879
2026-02-15,CAM034,Affiliate,29851.76,134365,4828,239
2026-02-15,CAM035,Paid Social,50752.19,250808,9872,588
2026-02-15,CAM036,Paid Social,65662.26,273495,10418,583
2026-02-15,CAM037,Display,37768.56,214837,5489,209
2026-02-15,CAM038,Display,39624.97,202735,5354,197
2026-02-15,CAM039,Email,19662.91,142291,10459,1114
2026-02-15,CAM040,Affiliate,28007.9,116551,4426,224
2026-02-15,CAM041,Paid Social,70531.8,323888,13011,782
2026-02-15,CAM042,Email,16325.6,107600,8676,856
2026-02-15,CAM043,Paid Search,47955.56,191730,11261,820
2026-02-15,CAM044,Paid Social,75381.14,312826,11871,686
2026-02-16,CAM001,Affiliate,31323.19,117241,3990,219
2026-02-16,CAM002,Email,21981.33,159503,13161,1347
2026-02-16,CAM003,Paid Search,54269.48,189126,11064,842
2026-02-16,CAM004,Display,42524.45,194883,5078,162
2026-02-16,CAM005,Affiliate,22421.28,86121,3296,195
2026-02-16,CAM006,Paid Search,52024.52,207694,12339,855
2026-02-16,CAM007,Display,30478.96,162858,4058,131
2026-02-16,CAM008,Paid Search,52610.43,179875,9811,798
2026-02-16,CAM009,Affiliate,26791.68,101261,3364,197
2026-02-16,CAM010,Email,18703.5,135987,11861,1212
2026-02-16,CAM011,Affiliate,24634.73,97928,3157,185
2026-02-16,CAM012,Email,17113.21,119387,9096,986
2026-02-16,CAM013,Affiliate,18075.92,63248,2377,131
2026-02-16,CAM014,Paid Social,69201.28,277665,11166,680
2026-02-16,CAM015,Paid Search,48927.34,196210,9763,727
2026-02-16,CAM016,Paid Search,61730.8,219919,11164,891
2026-02-16,CAM017,Paid Social,66008.32,300568,12324,763
2026-02-16,CAM018,Email,19684.54,153594,11143,1064
2026-02-16,CAM019,Paid Search,54284.28,181824,9160,674
2026-02-16,CAM020,Paid Social,67850.26,271652,11705,711
2026-02-16,CAM021,Paid Search,52955.39,176725,9395,765
2026-02-16,CAM022,Display,40285.3,186181,4900,165
2026-02-16,CAM023,Email,20458.61,138849,10316,1099
2026-02-16,CAM024,Display,34295.09,154398,3772,121
2026-02-16,CAM025,Email,21724.06,168103,13427,1283
2026-02-16,CAM026,Paid Social,83007.68,379961,14370,776
2026-02-16,CAM027,Email,16777.25,120262,10464,1044
2026-02-16,CAM028,Email,17895.72,131615,11053,1117
2026-02-16,CAM029,Paid Social,64314.05,308911,11980,695
2026-02-16,CAM030,Email,18336.05,117385,9441,969
2026-02-16,CAM031,Paid Search,42314.19,146190,8561,644
2026-02-16,CAM032,Affiliate,27505.15,94666,3146,182
2026-02-16,CAM033,Paid Social,62676.39,261463,10967,704
2026-02-16,CAM034,Affiliate,22998.63,89275,3389,195
2026-02-16,CAM035,Paid Social,60667.19,261794,9906,612
2026-02-16,CAM036,Paid Social,60617.78,293030,11520,737
2026-02-16,CAM037,Display,34517.67,196710,5017,164
2026-02-16,CAM038,Display,35661.4,164227,3706,126
2026-02-16,CAM039,Email,17351.42,135021,11717,1250
2026-02-16,CAM040,Affiliate,19680.44,90457,3018,156
2026-02-16,CAM041,Paid Social,63040.53,253352,10473,622
2026-02-16,CAM042,Email,17771.82,117453,9583,902
2026-02-16,CAM043,Paid Search,57728.23,184671,10509,781
2026-02-16,CAM044,Paid Social,65947.51,263239,12121,773
2026-02-17,CAM001,Affiliate,29441.49,109738,3810,220
2026-02-17,CAM002,Email,18744.53,114200,9127,891
2026-02-17,CAM003,Paid Search,47938.37,147321,7748,586
2026-02-17,CAM004,Display,31909.95,171700,3873,141
2026-02-17,CAM005,Affiliate,23425.5,85066,3000,153
2026-02-17,CAM006,Paid Search,55258.41,180240,9505,674
2026-02-17,CAM007,Display,36143.55,159086,3600,125
2026-02-17,CAM008,Paid Search,51816.8,177546,8908,694
2026-02-17,CAM009,Affiliate,19824.0,72978,2365,126
2026-02-17,CAM010,Email,18148.04,117213,9451,1032
2026-02-17,CAM011,Affiliate,21342.94,79729,2963,172
2026-02-17,CAM012,Email,16321.22,121469,9311,981
2026-02-17,CAM013,Affiliate,30946.09,124629,4650,274
2026-02-17,CAM014,Paid Social,58450.6,228082,9937,625
2026-02-17,CAM015,Paid Search,61058.25,241679,12723,932
2026-02-17,CAM016,Paid Search,61057.01,216136,11187,835
2026-02-17,CAM017,Paid Social,68031.78,305233,14030,894
2026-02-17,CAM018,Email,16957.33,108385,7864,756
2026-02-17,CAM019,Paid Search,63526.16,205485,11536,820
2026-02-17,CAM020,Paid Social,68160.68,345220,13152,718
2026-02-17,CAM021,Paid Search,54235.99,179946,10689,848
2026-02-17,CAM022,Display,32801.84,187438,4333,139
2026-02-17,CAM023,Email,20894.4,136795,10599,1033
2026-02-17,CAM024,Display,41352.1,206744,5349,179
2026-02-17,CAM025,Email,19021.2,125101,9008,919
2026-02-17,CAM026,Paid Social,55858.07,265654,11846,663
2026-02-17,CAM027,Email,19241.47,153396,12633,1266
2026-02-17,CAM028,Email,15558.53,115714,8771,898
2026-02-17,CAM029,Paid Social,58061.12,242611,9306,549
2026-02-17,CAM030,Email,20891.16,140645,11729,1261
2026-02-17,CAM031,Paid Search,55365.48,213609,11335,851
2026-02-17,CAM032,Affiliate,25358.32,90850,3439,186
2026-02-17,CAM033,Paid Social,66388.04,264918,11028,682
2026-02-17,CAM034,Affiliate,28703.48,101615,3873,199
2026-02-17,CAM035,Paid Social,63918.11,312944,11853,662
2026-02-17,CAM036,Paid Social,69170.12,320203,14254,909
2026-02-17,CAM037,Display,32053.29,179361,4782,161
2026-02-17,CAM038,Display,39186.22,189446,5163,182
2026-02-17,CAM039,Email,16236.2,121539,9764,1067
2026-02-17,CAM040,Affiliate,26325.22,92171,3341,194
2026-02-17,CAM041,Paid Social,59922.53,309423,13551,827
2026-02-17,CAM042,Email,17302.24,106308,8801,903
2026-02-17,CAM043,Paid Search,44948.72,138567,7613,522
2026-02-17,CAM044,Paid Social,51774.79,256336,11711,700
2026-02-18,CAM001,Affiliate,25053.96,104331,3787,207
2026-02-18,CAM002,Email,15382.92,119509,9691,1030
2026-02-18,CAM003,Paid Search,44855.57,145259,7566,609
2026-02-18,CAM004,Display,40355.52,211220,5282,176
2026-02-18,CAM005,Affiliate,24880.8,96785,3549,213
2026-02-18,CAM006,Paid Search,52756.16,205339,10509,779
2026-02-18,CAM007,Display,35447.32,195631,4611,161
2026-02-18,CAM008,Paid Search,59711.63,198238,10743,858
2026-02-18,CAM009,Affiliate,29453.59,102212,3557,213
2026-02-18,CAM010,Email,14500.96,88847,6888,704
2026-02-18,CAM011,Affiliate,23871.2,106353,3843,221
2026-02-18,CAM012,Email,14043.83,88238,6402,628
2026-02-18,CAM013,Affiliate,24229.85,97849,3344,167
2026-02-18,CAM014,Paid Social,67007.34,324752,13680,754
2026-02-18,CAM015,Paid Search,51591.65,196247,10534,841
2026-02-18,CAM016,Paid Search,60483.9,228351,13780,940
2026-02-18,CAM017,Paid Social,46027.8,236319,9822,585
2026-02-18,CAM018,Email,20136.89,146540,12254,1154
2026-02-18,CAM019,Paid Search,45302.72,143602,7156,525
2026-02-18,CAM020,Paid Social,66909.08,257448,9879,580
2026-02-18,CAM021,Paid Search,49376.64,154944,9094,642
2026-02-18,CAM022,Display,32308.36,184230,4696,150
2026-02-18,CAM023,Email,18783.33,120627,9682,887
2026-02-18,CAM024,Display,34263.77,193693,4369,151
2026-02-18,CAM025,Email,15329.92,102642,8370,764
2026-02-18,CAM026,Paid Social,62272.84,308765,12754,738
2026-02-18,CAM027,Email,16576.66,132782,11246,1177
2026-02-18,CAM028,Email,19343.38,140216,10424,1001
2026-02-18,CAM029,Paid Social,50588.51,236728,10596,645
2026-02-18,CAM030,Email,16316.09,101289,8691,862
2026-02-18,CAM031,Paid Search,61080.05,205306,11143,862
2026-02-18,CAM032,Affiliate,26974.54,105768,3815,226
2026-02-18,CAM033,Paid Social,70809.64,347777,14815,859
2026-02-18,CAM034,Affiliate,30866.62,130084,4980,249
2026-02-18,CAM035,Paid Social,67149.96,285738,12547,720
2026-02-18,CAM036,Paid Social,61104.99,278944,12852,742
2026-02-18,CAM037,Display,37787.18,184616,4494,147
2026-02-18,CAM038,Display,34825.11,199694,5043,182
2026-02-18,CAM039,Email,16197.04,116696,8538,789
2026-02-18,CAM040,Affiliate,25259.15,109299,4143,217
2026-02-18,CAM041,Paid Social,75701.87,325974,13757,810
2026-02-18,CAM042,Email,15814.01,121957,9201,916
2026-02-18,CAM043,Paid Search,58426.1,204269,10342,806
2026-02-18,CAM044,Paid Social,54685.09,276952,11952,735
2026-02-19,CAM001,Affiliate,26983.32,94938,3101,163
2026-02-19,CAM002,Email,18206.55,120083,10168,1038
2026-02-19,CAM003,Paid Search,46510.1,142483,7990,540
2026-02-19,CAM004,Display,38554.81,196327,4802,157
2026-02-19,CAM005,Affiliate,24672.13,101098,3291,172
2026-02-19,CAM006,Paid Search,56995.57,220994,12838,962
2026-02-19,CAM007,Display,35700.56,176522,4511,158
2026-02-19,CAM008,Paid Search,39146.62,144260,7230,555
2026-02-19,CAM009,Affiliate,26481.97,100851,3558,189
2026-02-19,CAM010,Email,15522.2,111459,9365,882
2026-02-19,CAM011,Affiliate,24088.66,83572,2998,163
2026-02-19,CAM012,Email,15602.31,110015,9548,1039
2026-02-19,CAM013,Affiliate,21078.3,87753,2821,144
2026-02-19,CAM014,Paid Social,80611.91,308946,11789,772
2026-02-19,CAM015,Paid Search,67918.21,205386,10784,837
2026-02-19,CAM016,Paid Search,55552.21,165674,8720,659
2026-02-19,CAM017,Paid Social,70062.87,319547,14397,925
2026-02-19,CAM018,Email,19775.28,129341,10106,1096
2026-02-19,CAM019,Paid Search,57530.18,223919,13443,1041
2026-02-19,CAM020,Paid Social,62445.38,287355,13246,828
2026-02-19,CAM021,Paid Search,55012.26,220102,12381,863
2026-02-19,CAM022,Display,39409.61,204389,5017,159
2026-02-19,CAM023,Email,11824.11,78418,5896,568
2026-02-19,CAM024,Display,34973.02,166365,4343,148
2026-02-19,CAM025,Email,16892.73,108560,8991,870
2026-02-19,CAM026,Paid Social,49906.03,251082,11269,724
2026-02-19,CAM027,Email,16699.62,117318,9976,1010
2026-02-19,CAM028,Email,14680.02,113388,9044,846
2026-02-19,CAM029,Paid Social,73751.1,312569,14043,869
2026-02-19,CAM030,Email,20286.45,149693,11604,1172
2026-02-19,CAM031,Paid Search,53434.13,175860,8907,650
2026-02-19,CAM032,Affiliate,23527.43,97439,3238,169
2026-02-19,CAM033,Paid Social,71897.84,335717,13950,864
2026-02-19,CAM034,Affiliate,26319.5,93073,2977,158
2026-02-19,CAM035,Paid Social,65462.87,269771,12458,714
2026-02-19,CAM036,Paid Social,69493.13,307461,13294,763
2026-02-19,CAM037,Display,35771.32,157027,3867,139
2026-02-19,CAM038,Display,33793.2,170979,4557,156
2026-02-19,CAM039,Email,15763.45,104556,8442,898
2026-02-19,CAM040,Affiliate,25255.41,99445,3751,217
2026-02-19,CAM041,Paid Social,76027.7,294847,13572,804
2026-02-19,CAM042,Email,15851.57,97998,7792,811
2026-02-19,CAM043,Paid Search,65029.86,204956,11861,963
2026-02-19,CAM044,Paid Social,61299.22,257663,11199,662
2026-02-20,CAM001,Affiliate,27545.59,98291,3219,175
2026-02-20,CAM002,Email,19375.18,141206,12411,1340
2026-02-20,CAM003,Paid Search,56129.17,172722,9293,754
2026-02-20,CAM004,Display,42857.12,188079,4706,170
2026-02-20,CAM005,Affiliate,20487.67,77480,2748,143
2026-02-20,CAM006,Paid Search,42693.34,144762,8465,609
2026-02-20,CAM007,Display,41395.6,233229,5552,211
2026-02-20,CAM008,Paid Search,63080.25,220893,10958,896
2026-02-20,CAM009,Affiliate,28163.67,105444,3387,180
2026-02-20,CAM010,Email,19205.83,124214,10645,1155
2026-02-20,CAM011,Affiliate,30167.64,125593,4056,210
2026-02-20,CAM012,Email,15304.64,98831,8265,877
2026-02-20,CAM013,Affiliate,21885.32,80428,2710,162
2026-02-20,CAM014,Paid Social,59350.89,304815,13928,763
2026-02-20,CAM015,Paid Search,55348.37,198510,11353,902
2026-02-20,CAM016,Paid Search,66030.46,222288,11116,828
2026-02-20,CAM017,Paid Social,60822.45,247489,10629,701
2026-02-20,CAM018,Email,18626.34,141165,11151,1203
2026-02-20,CAM019,Paid Search,56610.11,212093,12660,941
2026-02-20,CAM020,Paid Social,65706.22,338724,15526,863
2026-02-20,CAM021,Paid Search,53336.1,214529,11406,801
2026-02-20,CAM022,Display,31078.32,165089,4388,164
2026-02-20,CAM023,Email,15022.7,103188,7938,815
2026-02-20,CAM024,Display,31147.91,157214,3605,127
2026-02-20,CAM025,Email,18736.42,128497,10869,999
2026-02-20,CAM026,Paid Social,76110.22,349053,15619,995
2026-02-20,CAM027,Email,15227.14,104467,7740,823
2026-02-20,CAM028,Email,18037.02,131865,9912,1030
2026-02-20,CAM029,Paid Social,75446.34,383619,15776,1038
2026-02-20,CAM030,Email,21589.07,140641,10752,1073
2026-02-20,CAM031,Paid Search,52293.46,157430,8142,649
2026-02-20,CAM032,Affiliate,19180.3,66698,2146,114
2026-02-20,CAM033,Paid Social,54082.77,224275,9414,558
2026-02-20,CAM034,Affiliate,26854.26,91862,3310,185
2026-02-20,CAM035,Paid Social,60968.62,259085,11744,636
2026-02-20,CAM036,Paid Social,45260.29,196805,8027,463
2026-02-20,CAM037,Display,40887.0,231995,5420,202
2026-02-20,CAM038,Display,39867.0,181809,4132,147
2026-02-20,CAM039,Email,18127.47,141090,11960,1206
2026-02-20,CAM040,Affiliate,28001.67,119276,4010,210
2026-02-20,CAM041,Paid Social,73633.14,369869,16040,1009
2026-02-20,CAM042,Email,16028.44,113966,9434,854
2026-02-20,CAM043,Paid Search,46360.72,173921,8621,685
2026-02-20,CAM044,Paid Social,63593.66,286013,11394,650
2026-02-21,CAM001,Affiliate,19040.16,77766,2947,173
2026-02-21,CAM002,Email,14213.96,114137,9413,860
2026-02-21,CAM003,Paid Search,58185.94,187182,9582,690
2026-02-21,CAM004,Display,32320.58,174260,4264,152
2026-02-21,CAM005,Affiliate,26445.73,120628,4471,226
2026-02-21,CAM006,Paid Search,53684.47,175914,9416,678
2026-02-21,CAM007,Display,41803.9,215093,5455,175
2026-02-21,CAM008,Paid Search,55638.55,176429,9736,789
2026-02-21,CAM009,Affiliate,23410.26,91494,3452,171
2026-02-21,CAM010,Email,17126.73,134357,11486,1135
2026-02-21,CAM011,Affiliate,30402.79,104279,3788,212
2026-02-21,CAM012,Email,16014.13,104708,8353,856
2026-02-21,CAM013,Affiliate,28247.61,113591,4230,214
2026-02-21,CAM014,Paid Social,72596.94,319236,12791,728
2026-02-21,CAM015,Paid Search,59847.76,195872,9994,775
2026-02-21,CAM016,Paid Search,39085.56,136806,7139,574
2026-02-21,CAM017,Paid Social,66603.64,337549,15180,836
2026-02-21,CAM018,Email,14697.67,101228,7920,827
2026-02-21,CAM019,Paid Search,59932.51,194109,11039,867
2026-02-21,CAM020,Paid Social,70444.29,307278,12807,700
2026-02-21,CAM021,Paid Search,51909.84,199656,11350,914
2026-02-21,CAM022,Display,39031.44,192972,4399,147
2026-02-21,CAM023,Email,16039.64,126996,10515,1120
2026-02-21,CAM024,Display,37380.19,176658,4621,160
2026-02-21,CAM025,Email,20005.17,153048,11889,1153
2026-02-21,CAM026,Paid Social,65449.43,309096,14160,899
2026-02-21,CAM027,Email,19868.66,129370,9837,1046
2026-02-21,CAM028,Email,17949.05,110572,9113,909
2026-02-21,CAM029,Paid Social,60326.66,311624,12585,815
2026-02-21,CAM030,Email,16355.05,110135,8341,892
2026-02-21,CAM031,Paid Search,60249.62,212019,12687,1045
2026-02-21,CAM032,Affiliate,22004.18,96818,3474,197
2026-02-21,CAM033,Paid Social,60530.34,265319,10800,704
2026-02-21,CAM034,Affiliate,28158.91,100244,3177,182
2026-02-21,CAM035,Paid Social,70954.75,279611,11133,724
2026-02-21,CAM036,Paid Social,60494.23,294426,11288,723
2026-02-21,CAM037,Display,31282.68,170980,4098,147
2026-02-21,CAM038,Display,25786.89,116230,3110,104
2026-02-21,CAM039,Email,16580.24,118813,9025,933
2026-02-21,CAM040,Affiliate,26070.09,96177,3407,198
2026-02-21,CAM041,Paid Social,73187.83,306589,11979,704
2026-02-21,CAM042,Email,22200.03,175360,14554,1409
2026-02-21,CAM043,Paid Search,45449.3,182142,10555,724
2026-02-21,CAM044,Paid Social,72349.79,288197,12769,718
2026-02-22,CAM001,Affiliate,26960.58,113298,3880,207
2026-02-22,CAM002,Email,23160.36,184787,14158,1458
2026-02-22,CAM003,Paid Search,56344.44,221305,11948,825
2026-02-22,CAM004,Display,36471.93,186151,4270,157
2026-02-22,CAM005,Affiliate,19235.67,66157,2349,139
2026-02-22,CAM006,Paid Search,63676.1,252603,14561,1153
2026-02-22,CAM007,Display,41200.33,194513,4636,172
2026-02-22,CAM008,Paid Search,57997.06,174286,8736,661
2026-02-22,CAM009,Affiliate,24743.43,93881,3607,191
2026-02-22,CAM010,Email,17522.92,121325,9533,978
2026-02-22,CAM011,Affiliate,27434.59,109732,4202,214
2026-02-22,CAM012,Email,17908.44,126404,10077,1081
2026-02-22,CAM013,Affiliate,29805.52,136602,4892,277
2026-02-22,CAM014,Paid Social,55507.23,254977,9997,647
2026-02-22,CAM015,Paid Search,55463.7,181234,10632,773
2026-02-22,CAM016,Paid Search,63026.38,219962,12482,965
2026-02-22,CAM017,Paid Social,74067.04,368078,16313,937
2026-02-22,CAM018,Email,17027.73,112093,8316,863
2026-02-22,CAM019,Paid Search,52363.78,205019,12251,980
2026-02-22,CAM020,Paid Social,65956.25,327977,13971,858
2026-02-22,CAM021,Paid Search,61408.37,187334,10765,746
2026-02-22,CAM022,Display,34181.23,154344,3587,118
2026-02-22,CAM023,Email,16774.21,121481,9255,918
2026-02-22,CAM024,Display,37735.98,209395,4722,151
2026-02-22,CAM025,Email,17128.89,130671,10416,1031
2026-02-22,CAM026,Paid Social,63130.01,325172,14386,833
2026-02-22,CAM027,Email,14392.15,94787,8277,852
2026-02-22,CAM028,Email,15832.79,118119,9241,993
2026-02-22,CAM029,Paid Social,68734.52,279523,12061,721
2026-02-22,CAM030,Email,20822.54,151419,11673,1073
2026-02-22,CAM031,Paid Search,57817.84,190539,11468,853
2026-02-22,CAM032,Affiliate,24193.86,82425,3082,169
2026-02-22,CAM033,Paid Social,84198.05,414803,17751,979
2026-02-22,CAM034,Affiliate,23340.97,100750,3532,196
2026-02-22,CAM035,Paid Social,63669.28,301297,11686,739
2026-02-22,CAM036,Paid Social,61974.47,276945,11069,643
2026-02-22,CAM037,Display,27363.42,130580,2977,99
2026-02-22,CAM038,Display,34436.31,169932,3999,151
2026-02-22,CAM039,Email,16404.43,127762,10652,1134
2026-02-22,CAM040,Affiliate,21599.98,92555,3231,160
2026-02-22,CAM041,Paid Social,65594.37,260684,9864,589
2026-02-22,CAM042,Email,15810.58,113989,9467,930
2026-02-22,CAM043,Paid Search,47069.62,142951,8462,649
2026-02-22,CAM044,Paid Social,62593.02,255901,11416,627
2026-02-23,CAM001,Affiliate,25092.64,97209,3503,187
2026-02-23,CAM002,Email,17105.64,120407,9163,843
2026-02-23,CAM003,Paid Search,49558.5,159289,8486,658
2026-02-23,CAM004,Display,26560.65,150865,3578,113
2026-02-23,CAM005,Affiliate,24483.39,96047,3189,189
2026-02-23,CAM006,Paid Search,59809.2,201529,10171,753
2026-02-23,CAM007,Display,36682.89,207070,5217,197
2026-02-23,CAM008,Paid Search,67427.65,265003,16020,1239
2026-02-23,CAM009,Affiliate,22716.54,88872,3328,170
2026-02-23,CAM010,Email,17363.2,126557,9499,916
2026-02-23,CAM011,Affiliate,22087.58,78185,2825,164
2026-02-23,CAM012,Email,17024.73,103598,8749,824
2026-02-23,CAM013,Affiliate,24250.03,83859,2786,167
2026-02-23,CAM014,Paid Social,63430.41,323063,12867,817
2026-02-23,CAM015,Paid Search,43287.84,143671,8336,638
2026-02-23,CAM016,Paid Search,52110.23,205315,12166,932
2026-02-23,CAM017,Paid Social,60356.82,260938,10230,663
2026-02-23,CAM018,Email,19190.72,142292,11707,1199
2026-02-23,CAM019,Paid Search,56171.13,217222,11144,780
2026-02-23,CAM020,Paid Social,48124.27,242311,9494,554
2026-02-23,CAM021,Paid Search,57251.6,202080,11226,875
2026-02-23,CAM022,Display,37690.83,193949,4847,172
2026-02-23,CAM023,Email,16469.78,130707,10273,1034
2026-02-23,CAM024,Display,35233.75,185060,4481,143
2026-02-23,CAM025,Email,17609.71,114770,9266,961
2026-02-23,CAM026,Paid Social,77847.61,357341,16162,1011
2026-02-23,CAM027,Email,18048.28,129006,9454,933
2026-02-23,CAM028,Email,14605.12,112847,8681,811
2026-02-23,CAM029,Paid Social,79858.29,380086,17489,1001
2026-02-23,CAM030,Email,13528.86,96858,7639,826
2026-02-23,CAM031,Paid Search,60771.88,240873,12040,900
2026-02-23,CAM032,Affiliate,30445.67,130264,4294,230
2026-02-23,CAM033,Paid Social,65285.27,330472,14457,888
2026-02-23,CAM034,Affiliate,27782.21,117727,4010,209
2026-02-23,CAM035,Paid Social,62750.32,320980,12518,697
2026-02-23,CAM036,Paid Social,72959.38,322182,12718,700
2026-02-23,CAM037,Display,34781.21,170029,4175,156
2026-02-23,CAM038,Display,42930.79,226844,5673,184
2026-02-23,CAM039,Email,19420.1,151855,13348,1342
2026-02-23,CAM040,Affiliate,30399.34,130014,4792,271
2026-02-23,CAM041,Paid Social,59857.96,260383,10810,651
2026-02-23,CAM042,Email,16659.83,99283,7197,699
2026-02-23,CAM043,Paid Search,53657.79,214720,12177,915
2026-02-23,CAM044,Paid Social,68694.7,267367,11363,622
2026-02-24,CAM001,Affiliate,23432.88,93709,3577,214
2026-02-24,CAM002,Email,17956.83,136191,10818,1000
2026-02-24,CAM003,Paid Search,61242.75,186514,10712,859
2026-02-24,CAM004,Display,25024.97,123826,3123,114
2026-02-24,CAM005,Affiliate,21902.01,85028,3045,156
2026-02-24,CAM006,Paid Search,51389.84,188446,9850,798
2026-02-24,CAM007,Display,31494.61,138251,3392,114
2026-02-24,CAM008,Paid Search,57120.65,229683,11817,829
2026-02-24,CAM009,Affiliate,22605.95,100904,3605,189
2026-02-24,CAM010,Email,20699.67,144760,11043,1212
2026-02-24,CAM011,Affiliate,20572.21,93130,2939,157
2026-02-24,CAM012,Email,21595.4,148180,12225,1190
2026-02-24,CAM013,Affiliate,23659.94,90568,3280,167
2026-02-24,CAM014,Paid Social,78826.94,314717,13815,793
2026-02-24,CAM015,Paid Search,56907.57,224001,13545,1008
2026-02-24,CAM016,Paid Search,60669.71,208054,12526,856
2026-02-24,CAM017,Paid Social,73770.47,340380,14266,917
2026-02-24,CAM018,Email,13989.64,95441,7296,790
2026-02-24,CAM019,Paid Search,61782.32,232128,13969,967
2026-02-24,CAM020,Paid Social,63808.63,303930,13006,717
2026-02-24,CAM021,Paid Search,52786.29,206335,10698,741
2026-02-24,CAM022,Display,35771.65,202867,4985,157
2026-02-24,CAM023,Email,19177.46,148004,11447,1177
2026-02-24,CAM024,Display,32108.38,180100,4624,176
2026-02-24,CAM025,Email,17345.83,125703,10756,1130
2026-02-24,CAM026,Paid Social,65304.5,252139,10358,583
2026-02-24,CAM027,Email,20985.53,139465,12167,1330
2026-02-24,CAM028,Email,14185.9,108765,9237,884
2026-02-24,CAM029,Paid Social,69298.79,323040,12690,835
2026-02-24,CAM030,Email,21786.73,131682,10304,973
2026-02-24,CAM031,Paid Search,64042.22,194431,10727,822
2026-02-24,CAM032,Affiliate,26946.47,104549,3436,175
2026-02-24,CAM033,Paid Social,57765.97,259384,11539,634
2026-02-24,CAM034,Affiliate,23930.53,108125,3605,206
2026-02-24,CAM035,Paid Social,64912.27,267001,10671,702
2026-02-24,CAM036,Paid Social,76327.95,366882,16258,999
2026-02-24,CAM037,Display,43409.44,231507,5746,181
2026-02-24,CAM038,Display,33699.95,163297,4409,143
2026-02-24,CAM039,Email,20775.26,138900,10819,1091
2026-02-24,CAM040,Affiliate,24251.14,92210,2944,151
2026-02-24,CAM041,Paid Social,63969.97,325146,13405,805
2026-02-24,CAM042,Email,16951.54,132566,10949,1063
2026-02-24,CAM043,Paid Search,61557.38,233198,12987,1019
2026-02-24,CAM044,Paid Social,67331.66,257627,10340,627
2026-02-25,CAM001,Affiliate,25349.42,96721,3488,182
2026-02-25,CAM002,Email,16673.75,116022,8602,943
2026-02-25,CAM003,Paid Search,62730.3,193198,10943,849
2026-02-25,CAM004,Display,42574.86,218510,5134,168
2026-02-25,CAM005,Affiliate,24356.16,84810,2981,165
2026-02-25,CAM006,Paid Search,61441.23,226884,11828,856
2026-02-25,CAM007,Display,31343.7,177637,4666,168
2026-02-25,CAM008,Paid Search,48713.64,168135,9800,769
2026-02-25,CAM009,Affiliate,21480.57,89909,2832,142
2026-02-25,CAM010,Email,15557.42,100626,7503,688
2026-02-25,CAM011,Affiliate,24581.98,106291,3748,220
2026-02-25,CAM012,Email,18335.71,112667,8378,790
2026-02-25,CAM013,Affiliate,28511.5,103613,3701,191
2026-02-25,CAM014,Paid Social,76073.83,308071,12305,692
2026-02-25,CAM015,Paid Search,48824.13,161441,9526,681
2026-02-25,CAM016,Paid Search,61094.83,227433,12204,942
2026-02-25,CAM017,Paid Social,56312.95,266622,11983,780
2026-02-25,CAM018,Email,19821.01,152000,12783,1170
2026-02-25,CAM019,Paid Search,57650.58,209839,10996,901
2026-02-25,CAM020,Paid Social,45997.45,186025,7786,450
2026-02-25,CAM021,Paid Search,37630.77,128176,7551,617
2026-02-25,CAM022,Display,35692.67,182370,4394,160
2026-02-25,CAM023,Email,21035.09,147786,12155,1194
2026-02-25,CAM024,Display,35665.48,172761,4502,167
2026-02-25,CAM025,Email,18141.09,123056,10546,1036
2026-02-25,CAM026,Paid Social,75419.73,335801,15145,996
2026-02-25,CAM027,Email,15569.87,108826,8337,912
2026-02-25,CAM028,Email,13279.93,102543,7740,701
2026-02-25,CAM029,Paid Social,65431.75,333932,12785,698
2026-02-25,CAM030,Email,18331.27,142364,10670,1041
2026-02-25,CAM031,Paid Search,47205.32,182556,10898,827
2026-02-25,CAM032,Affiliate,18573.1,66377,2361,133
2026-02-25,CAM033,Paid Social,65046.37,291063,11879,773
2026-02-25,CAM034,Affiliate,23527.45,101318,3427,186
2026-02-25,CAM035,Paid Social,61140.83,309636,13558,883
2026-02-25,CAM036,Paid Social,67586.26,295294,11897,684
2026-02-25,CAM037,Display,30792.74,157151,4316,158
2026-02-25,CAM038,Display,33546.86,154320,4051,129
2026-02-25,CAM039,Email,17378.16,126019,9416,854
2026-02-25,CAM040,Affiliate,23696.57,103759,3792,210
2026-02-25,CAM041,Paid Social,78613.11,307764,12749,753
2026-02-25,CAM042,Email,17719.32,129703,10255,1117
2026-02-25,CAM043,Paid Search,71699.9,283291,14508,1021
2026-02-25,CAM044,Paid Social,63080.32,305060,13299,830
2026-02-26,CAM001,Affiliate,27030.55,120121,4571,232
2026-02-26,CAM002,Email,18805.66,114043,8760,877
2026-02-26,CAM003,Paid Search,61690.36,211569,11884,806
2026-02-26,CAM004,Display,29114.33,124181,3139,103
2026-02-26,CAM005,Affiliate,27558.55,102172,3558,188
2026-02-26,CAM006,Paid Search,57885.69,213123,12629,1024
2026-02-26,CAM007,Display,37740.17,190988,4620,148
2026-02-26,CAM008,Paid Search,57042.78,176437,9327,646
2026-02-26,CAM009,Affiliate,25828.23,100426,3240,180
2026-02-26,CAM010,Email,17188.51,131681,11107,1195
2026-02-26,CAM011,Affiliate,26322.73,119108,4124,242
2026-02-26,CAM012,Email,16716.1,104913,9004,900
2026-02-26,CAM013,Affiliate,21924.5,87146,2981,162
2026-02-26,CAM014,Paid Social,82689.21,321541,14476,784
2026-02-26,CAM015,Paid Search,58391.96,227273,12210,864
2026-02-26,CAM016,Paid Search,53983.5,166682,8415,688
2026-02-26,CAM017,Paid Social,72632.09,349394,15356,890
2026-02-26,CAM018,Email,17011.17,129577,11326,1192
2026-02-26,CAM019,Paid Search,49615.95,159990,8859,621
2026-02-26,CAM020,Paid Social,54059.64,264761,10322,652
2026-02-26,CAM021,Paid Search,56454.33,194414,10052,807
2026-02-26,CAM022,Display,31476.19,169357,4403,162
2026-02-26,CAM023,Email,15081.53,112409,8499,769
2026-02-26,CAM024,Display,34047.88,173298,4494,160
2026-02-26,CAM025,Email,12565.57,87652,7353,713
2026-02-26,CAM026,Paid Social,62694.81,308077,14100,781
2026-02-26,CAM027,Email,15041.73,96354,7079,667
2026-02-26,CAM028,Email,20210.91,128472,10363,957
2026-02-26,CAM029,Paid Social,78007.71,319104,13050,737
2026-02-26,CAM030,Email,18569.08,130410,10139,967
2026-02-26,CAM031,Paid Search,52957.83,207934,12528,1007
2026-02-26,CAM032,Affiliate,26916.74,122945,4617,268
2026-02-26,CAM033,Paid Social,86803.02,409531,18175,997
2026-02-26,CAM034,Affiliate,28521.72,128147,4445,242
2026-02-26,CAM035,Paid Social,73257.71,328209,14308,906
2026-02-26,CAM036,Paid Social,63686.28,303878,12244,787
2026-02-26,CAM037,Display,35783.09,152969,4159,137
2026-02-26,CAM038,Display,36754.09,174849,4587,166
2026-02-26,CAM039,Email,16134.46,118829,10300,957
2026-02-26,CAM040,Affiliate,25921.39,99045,3138,186
2026-02-26,CAM041,Paid Social,69113.81,354959,14337,859
2026-02-26,CAM042,Email,20231.1,142186,10959,1087
2026-02-26,CAM043,Paid Search,43710.58,133146,7186,589
2026-02-26,CAM044,Paid Social,63808.62,255061,11763,722
2026-02-27,CAM001,Affiliate,27858.55,113021,4227,233
2026-02-27,CAM002,Email,17038.16,128829,10392,989
2026-02-27,CAM003,Paid Search,52593.21,182956,10146,785
2026-02-27,CAM004,Display,36696.97,202094,5208,194
2026-02-27,CAM005,Affiliate,26280.05,120870,3829,201
2026-02-27,CAM006,Paid Search,44723.53,154945,8236,578
2026-02-27,CAM007,Display,34441.8,154800,3865,148
2026-02-27,CAM008,Paid Search,44731.65,165707,9578,759
2026-02-27,CAM009,Affiliate,28126.56,125133,4405,240
2026-02-27,CAM010,Email,19567.09,117184,8654,827
2026-02-27,CAM011,Affiliate,24693.07,86980,2801,141
2026-02-27,CAM012,Email,19926.65,123445,10751,995
2026-02-27,CAM013,Affiliate,24071.96,93227,3100,160
2026-02-27,CAM014,Paid Social,73463.85,374148,15482,905
2026-02-27,CAM015,Paid Search,66651.99,212106,11695,798
2026-02-27,CAM016,Paid Search,51363.87,180061,10766,735
2026-02-27,CAM017,Paid Social,68451.59,281003,11198,643
2026-02-27,CAM018,Email,18713.56,120172,9587,982
2026-02-27,CAM019,Paid Search,62185.05,220696,11117,884
2026-02-27,CAM020,Paid Social,67166.25,321046,13565,859
2026-02-27,CAM021,Paid Search,61042.59,212926,11838,812
2026-02-27,CAM022,Display,35304.91,161421,3926,132
2026-02-27,CAM023,Email,17133.22,121175,9313,1002
2026-02-27,CAM024,Display,34509.28,194131,4920,176
2026-02-27,CAM025,Email,19776.09,142478,10900,1178
2026-02-27,CAM026,Paid Social,66559.72,280814,10759,630
2026-02-27,CAM027,Email,15152.94,104409,8834,800
2026-02-27,CAM028,Email,18105.36,126291,9744,1031
2026-02-27,CAM029,Paid Social,58480.96,293562,11380,664
2026-02-27,CAM030,Email,19382.31,122224,9936,1035
2026-02-27,CAM031,Paid Search,50474.34,184803,10084,795
2026-02-27,CAM032,Affiliate,26616.92,107166,3426,206
2026-02-27,CAM033,Paid Social,73415.04,379542,15857,917
2026-02-27,CAM034,Affiliate,26864.52,113596,3840,203
2026-02-27,CAM035,Paid Social,77651.93,370511,14891,863
2026-02-27,CAM036,Paid Social,60274.41,300886,12501,686
2026-02-27,CAM037,Display,31095.69,170314,3978,135
2026-02-27,CAM038,Display,35242.26,159385,3594,117
2026-02-27,CAM039,Email,15864.6,112065,9253,898
2026-02-27,CAM040,Affiliate,32928.35,132755,4433,220
2026-02-27,CAM041,Paid Social,70097.25,285968,12970,789
2026-02-27,CAM042,Email,19147.55,117692,8481,862
2026-02-27,CAM043,Paid Search,53388.33,200286,10542,717
2026-02-27,CAM044,Paid Social,77535.84,350880,13671,768
2026-02-28,CAM001,Affiliate,28666.19,99547,3798,214
2026-02-28,CAM002,Email,18148.52,131696,11125,1156
2026-02-28,CAM003,Paid Search,63483.42,223888,12523,894
2026-02-28,CAM004,Display,34639.3,158691,3939,141
2026-02-28,CAM005,Affiliate,25536.9,93215,3333,200
2026-02-28,CAM006,Paid Search,61232.77,185720,9735,662
2026-02-28,CAM007,Display,32743.89,159980,3980,126
2026-02-28,CAM008,Paid Search,43123.11,168148,9305,654
2026-02-28,CAM009,Affiliate,28527.93,107485,3447,202
2026-02-28,CAM010,Email,14167.55,100841,8080,766
2026-02-28,CAM011,Affiliate,28811.31,113551,4252,227
2026-02-28,CAM012,Email,21066.53,155686,13051,1249
2026-02-28,CAM013,Affiliate,26892.26,93678,3497,191
2026-02-28,CAM014,Paid Social,50637.28,221784,9983,634
2026-02-28,CAM015,Paid Search,51273.61,185714,9239,684
2026-02-28,CAM016,Paid Search,59450.07,231951,11623,877
2026-02-28,CAM017,Paid Social,67561.09,319631,13505,870
2026-02-28,CAM018,Email,18020.35,135420,10357,973
2026-02-28,CAM019,Paid Search,55066.91,183339,10448,714
2026-02-28,CAM020,Paid Social,68518.07,265735,11273,617
2026-02-28,CAM021,Paid Search,49011.41,155617,8955,708
2026-02-28,CAM022,Display,32566.82,162034,3937,132
2026-02-28,CAM023,Email,19630.94,135602,9814,979
2026-02-28,CAM024,Display,35278.73,184182,4827,153
2026-02-28,CAM025,Email,19212.98,150608,10882,1091
2026-02-28,CAM026,Paid Social,75299.62,329216,14424,877
2026-02-28,CAM027,Email,17724.41,118709,9440,1022
2026-02-28,CAM028,Email,20366.41,139827,11969,1233
2026-02-28,CAM029,Paid Social,68681.08,297904,11834,651
2026-02-28,CAM030,Email,19158.65,135191,11217,1096
2026-02-28,CAM031,Paid Search,65043.44,216446,12639,966
2026-02-28,CAM032,Affiliate,24463.2,104981,3397,177
2026-02-28,CAM033,Paid Social,74126.4,302941,13575,770
2026-02-28,CAM034,Affiliate,25457.36,89563,2960,152
2026-02-28,CAM035,Paid Social,63265.07,249308,9637,542
2026-02-28,CAM036,Paid Social,70491.24,296980,13491,856
2026-02-28,CAM037,Display,39344.45,188264,4914,157
2026-02-28,CAM038,Display,32457.89,170943,4183,158
2026-02-28,CAM039,Email,17941.21,113816,8912,816
2026-02-28,CAM040,Affiliate,24578.2,94005,3371,170
2026-02-28,CAM041,Paid Social,60417.38,239140,9395,551
2026-02-28,CAM042,Email,15592.52,108334,9216,834
2026-02-28,CAM043,Paid Search,61942.44,226924,12327,963
2026-02-28,CAM044,Paid Social,64372.91,253975,9770,626
2026-03-01,CAM001,Affiliate,31930.62,145363,4579,273
2026-03-01,CAM002,Email,19216.73,130834,11201,1111
2026-03-01,CAM003,Paid Search,63019.67,241073,13271,958
2026-03-01,CAM004,Display,36410.88,199487,5318,204
2026-03-01,CAM005,Affiliate,24516.81,111690,4137,221
2026-03-01,CAM006,Paid Search,56428.6,203073,12086,982
2026-03-01,CAM007,Display,36457.8,190008,4465,171
2026-03-01,CAM008,Paid Search,62261.23,231253,13968,1150
2026-03-01,CAM009,Affiliate,30815.09,110089,4078,230
2026-03-01,CAM010,Email,18619.81,112841,9323,891
2026-03-01,CAM011,Affiliate,25698.78,115908,3948,224
2026-03-01,CAM012,Email,19334.45,116368,9703,958
2026-03-01,CAM013,Affiliate,24563.65,101957,3893,199
2026-03-01,CAM014,Paid Social,61856.43,246989,9810,625
2026-03-01,CAM015,Paid Search,48209.7,190141,10496,796
2026-03-01,CAM016,Paid Search,47255.2,164576,8772,714
2026-03-01,CAM017,Paid Social,59791.21,240653,10162,596
2026-03-01,CAM018,Email,18106.23,135443,11898,1154
2026-03-01,CAM019,Paid Search,55675.06,215554,11790,801
2026-03-01,CAM020,Paid Social,68695.77,285539,11784,695
2026-03-01,CAM021,Paid Search,62285.71,231457,13393,1082
2026-03-01,CAM022,Display,41036.8,199823,5307,180
2026-03-01,CAM023,Email,19107.42,116411,8664,897
2026-03-01,CAM024,Display,36535.36,180883,4207,137
2026-03-01,CAM025,Email,15348.06,122059,10679,1005
2026-03-01,CAM026,Paid Social,63285.52,297266,11401,677
2026-03-01,CAM027,Email,15362.9,114954,9929,1013
2026-03-01,CAM028,Email,19440.96,149823,10910,1064
2026-03-01,CAM029,Paid Social,69820.52,349278,14539,843
2026-03-01,CAM030,Email,20480.84,152802,12703,1277
2026-03-01,CAM031,Paid Search,55044.52,195905,10704,729
2026-03-01,CAM032,Affiliate,22265.79,87654,2773,139
2026-03-01,CAM033,Paid Social,47795.15,243270,10623,686
2026-03-01,CAM034,Affiliate,24304.88,95689,3581,191
2026-03-01,CAM035,Paid Social,67665.69,350126,15089,925
2026-03-01,CAM036,Paid Social,71821.22,315478,13199,733
2026-03-01,CAM037,Display,27844.27,146382,3954,130
2026-03-01,CAM038,Display,33845.18,185477,4293,155
2026-03-01,CAM039,Email,16978.94,125384,9941,904
2026-03-01,CAM040,Affiliate,26644.53,106665,3933,209
2026-03-01,CAM041,Paid Social,77330.19,354213,15766,1038
2026-03-01,CAM042,Email,17860.87,130266,10709,1052
2026-03-01,CAM043,Paid Search,39211.33,121287,6160,473
2026-03-01,CAM044,Paid Social,45828.2,222982,9734,552
2026-03-02,CAM001,Affiliate,29153.01,122916,4316,219
2026-03-02,CAM002,Email,15914.98,96339,7580,825
2026-03-02,CAM003,Paid Search,54322.74,168193,8551,676
2026-03-02,CAM004,Display,32607.3,156783,4124,145
2026-03-02,CAM005,Affiliate,20148.33,87529,2947,175
2026-03-02,CAM006,Paid Search,55135.28,185800,10317,795
2026-03-02,CAM007,Display,31827.16,149854,3821,124
2026-03-02,CAM008,Paid Search,59985.08,226561,13692,996
2026-03-02,CAM009,Affiliate,30623.2,134379,4306,259
2026-03-02,CAM010,Email,16801.67,109600,9153,924
2026-03-02,CAM011,Affiliate,21736.89,85433,3051,175
2026-03-02,CAM012,Email,17570.75,124605,9026,902
2026-03-02,CAM013,Affiliate,25812.34,98060,3500,177
2026-03-02,CAM014,Paid Social,62003.2,250678,10413,579
2026-03-02,CAM015,Paid Search,61767.61,185481,9457,731
2026-03-02,CAM016,Paid Search,48413.21,145029,7891,587
2026-03-02,CAM017,Paid Social,65117.38,288514,11619,639
2026-03-02,CAM018,Email,17223.57,135277,11199,1115
2026-03-02,CAM019,Paid Search,77392.26,296349,15019,1036
2026-03-02,CAM020,Paid Social,70201.43,320024,14437,805
2026-03-02,CAM021,Paid Search,66932.6,227136,13468,930
2026-03-02,CAM022,Display,37944.92,208275,5231,190
2026-03-02,CAM023,Email,16384.15,112739,9222,914
2026-03-02,CAM024,Display,34900.64,159824,4004,152
2026-03-02,CAM025,Email,18225.67,121717,8792,798
2026-03-02,CAM026,Paid Social,64519.22,264514,10185,603
2026-03-02,CAM027,Email,19209.35,146446,11448,1148
2026-03-02,CAM028,Email,17425.84,113464,8489,770
2026-03-02,CAM029,Paid Social,52020.1,210760,8948,528
2026-03-02,CAM030,Email,23110.39,157189,13173,1260
2026-03-02,CAM031,Paid Search,47922.95,149372,8413,665
2026-03-02,CAM032,Affiliate,27120.55,115991,3779,205
2026-03-02,CAM033,Paid Social,60789.99,244896,11150,727
2026-03-02,CAM034,Affiliate,30276.23,125548,4198,215
2026-03-02,CAM035,Paid Social,71845.86,332834,14943,877
2026-03-02,CAM036,Paid Social,73391.67,363640,15917,879
2026-03-02,CAM037,Display,34699.3,148471,3505,131
2026-03-02,CAM038,Display,32670.01,173386,4149,145
2026-03-02,CAM039,Email,21351.55,148418,12242,1206
2026-03-02,CAM040,Affiliate,18975.39,68756,2426,140
2026-03-02,CAM041,Paid Social,56652.02,287456,11346,737
2026-03-02,CAM042,Email,14386.75,112722,8969,892
2026-03-02,CAM043,Paid Search,53045.11,166184,10045,786
2026-03-02,CAM044,Paid Social,57818.84,243251,10464,615
2026-03-03,CAM001,Affiliate,27142.94,118190,4123,209
2026-03-03,CAM002,Email,15133.87,101543,8013,826
2026-03-03,CAM003,Paid Search,58037.62,177156,9838,789
2026-03-03,CAM004,Display,40793.11,231831,5593,205
2026-03-03,CAM005,Affiliate,22221.02,75641,2624,139
2026-03-03,CAM006,Paid Search,53284.8,191383,10480,854
2026-03-03,CAM007,Display,37668.14,198396,4492,143
2026-03-03,CAM008,Paid Search,47782.7,159393,9005,656
2026-03-03,CAM009,Affiliate,26326.36,107793,3509,197
2026-03-03,CAM010,Email,17968.48,132656,10782,991
2026-03-03,CAM011,Affiliate,28133.43,116271,4178,235
2026-03-03,CAM012,Email,17950.42,137853,11820,1192
2026-03-03,CAM013,Affiliate,22122.95,92799,3482,195
2026-03-03,CAM014,Paid Social,71836.11,299841,13376,873
2026-03-03,CAM015,Paid Search,46579.73,163197,8678,711
2026-03-03,CAM016,Paid Search,58466.31,175949,9822,711
2026-03-03,CAM017,Paid Social,57528.32,244538,11120,688
2026-03-03,CAM018,Email,16720.92,127788,11030,1095
2026-03-03,CAM019,Paid Search,44658.96,172679,9138,740
2026-03-03,CAM020,Paid Social,62232.49,304400,13974,869
2026-03-03,CAM021,Paid Search,64256.81,243810,12652,951
2026-03-03,CAM022,Display,35303.47,174110,3986,143
2026-03-03,CAM023,Email,18123.33,119394,9971,963
2026-03-03,CAM024,Display,32693.85,161410,4150,134
2026-03-03,CAM025,Email,22649.72,156329,12232,1315
2026-03-03,CAM026,Paid Social,51529.4,251366,9682,622
2026-03-03,CAM027,Email,20109.57,127407,11184,1172
2026-03-03,CAM028,Email,19431.21,139079,10024,1039
2026-03-03,CAM029,Paid Social,56764.85,283932,12387,756
2026-03-03,CAM030,Email,16135.59,102512,7414,712
2026-03-03,CAM031,Paid Search,50925.62,174167,9588,701
2026-03-03,CAM032,Affiliate,20095.03,89005,2910,150
2026-03-03,CAM033,Paid Social,71617.39,366969,16054,979
2026-03-03,CAM034,Affiliate,18723.69,75751,2650,147
2026-03-03,CAM035,Paid Social,61744.16,309342,12306,784
2026-03-03,CAM036,Paid Social,69148.88,280513,11284,680
2026-03-03,CAM037,Display,28144.16,139606,3260,117
2026-03-03,CAM038,Display,36383.36,180452,4095,147
2026-03-03,CAM039,Email,17107.46,123781,10556,1038
2026-03-03,CAM040,Affiliate,28344.94,121827,4237,249
2026-03-03,CAM041,Paid Social,58700.89,276394,11122,644
2026-03-03,CAM042,Email,18714.19,147436,12708,1304
2026-03-03,CAM043,Paid Search,56202.14,183896,9516,727
2026-03-03,CAM044,Paid Social,74860.34,296159,12907,850
2026-03-04,CAM001,Affiliate,26850.54,110261,4013,213
2026-03-04,CAM002,Email,20675.64,139460,10903,987
2026-03-04,CAM003,Paid Search,58105.8,182482,9090,721
2026-03-04,CAM004,Display,40243.28,213772,5263,201
2026-03-04,CAM005,Affiliate,23767.72,107123,4107,210
2026-03-04,CAM006,Paid Search,35681.95,109667,6550,445
2026-03-04,CAM007,Display,30134.75,157136,4229,156
2026-03-04,CAM008,Paid Search,61343.43,227040,13361,1016
2026-03-04,CAM009,Affiliate,29394.96,135085,4628,264
2026-03-04,CAM010,Email,23924.23,164130,12024,1215
2026-03-04,CAM011,Affiliate,27977.38,106106,3499,181
2026-03-04,CAM012,Email,19433.64,131816,10739,1161
2026-03-04,CAM013,Affiliate,26490.87,118899,4093,231
2026-03-04,CAM014,Paid Social,70734.31,303649,12171,677
2026-03-04,CAM015,Paid Search,55814.17,209507,10818,767
2026-03-04,CAM016,Paid Search,51484.71,203898,11654,848
2026-03-04,CAM017,Paid Social,73298.55,303195,12437,739
2026-03-04,CAM018,Email,18008.82,140501,10293,1007
2026-03-04,CAM019,Paid Search,46238.75,185507,9943,718
2026-03-04,CAM020,Paid Social,54798.93,244379,11184,644
2026-03-04,CAM021,Paid Search,38957.31,142672,7608,536
2026-03-04,CAM022,Display,36294.85,157478,4258,154
2026-03-04,CAM023,Email,16283.94,101728,7357,709
2026-03-04,CAM024,Display,32734.3,177146,4052,136
2026-03-04,CAM025,Email,18315.21,121264,9052,841
2026-03-04,CAM026,Paid Social,76336.75,297513,11533,626
2026-03-04,CAM027,Email,16152.23,120549,10546,1043
2026-03-04,CAM028,Email,18865.84,140437,10993,1069
2026-03-04,CAM029,Paid Social,75104.68,352486,13639,881
2026-03-04,CAM030,Email,14633.05,113712,8684,926
2026-03-04,CAM031,Paid Search,56427.59,202205,11815,891
2026-03-04,CAM032,Affiliate,30810.88,130551,4658,239
2026-03-04,CAM033,Paid Social,69573.46,328558,15003,914
2026-03-04,CAM034,Affiliate,26877.88,123499,4087,233
2026-03-04,CAM035,Paid Social,63977.58,291589,11088,612
2026-03-04,CAM036,Paid Social,68159.91,274233,11755,747
2026-03-04,CAM037,Display,35711.3,188936,5015,163
2026-03-04,CAM038,Display,35247.37,199140,5447,176
2026-03-04,CAM039,Email,22339.7,174505,13730,1481
2026-03-04,CAM040,Affiliate,29748.9,134783,4678,247
2026-03-04,CAM041,Paid Social,60176.85,258903,9792,531
2026-03-04,CAM042,Email,14689.68,110699,8319,786
2026-03-04,CAM043,Paid Search,59357.06,236279,13343,973
2026-03-04,CAM044,Paid Social,58881.08,234204,9993,615
2026-03-05,CAM001,Affiliate,27450.35,107930,4057,222
2026-03-05,CAM002,Email,16596.61,100035,8680,854
2026-03-05,CAM003,Paid Search,65130.53,221414,13035,977
2026-03-05,CAM004,Display,37263.13,160537,4095,134
2026-03-05,CAM005,Affiliate,26784.65,109703,3480,180
2026-03-05,CAM006,Paid Search,50195.2,193502,9933,771
2026-03-05,CAM007,Display,33783.68,182043,4757,173
2026-03-05,CAM008,Paid Search,56126.52,180515,9378,756
2026-03-05,CAM009,Affiliate,27215.69,113070,3693,211
2026-03-05,CAM010,Email,20888.45,166331,13172,1407
2026-03-05,CAM011,Affiliate,27462.51,115813,4175,211
2026-03-05,CAM012,Email,18110.39,114518,10052,1039
2026-03-05,CAM013,Affiliate,25989.81,96445,3122,155
2026-03-05,CAM014,Paid Social,56888.9,280850,10678,577
2026-03-05,CAM015,Paid Search,47189.98,189388,10148,697
2026-03-05,CAM016,Paid Search,44046.17,136925,7940,644
2026-03-05,CAM017,Paid Social,81199.94,340807,12976,733
2026-03-05,CAM018,Email,20411.81,153593,12708,1161
2026-03-05,CAM019,Paid Search,50323.49,161640,8523,661
2026-03-05,CAM020,Paid Social,66093.74,261001,9903,607
2026-03-05,CAM021,Paid Search,53750.68,172665,9922,782
2026-03-05,CAM022,Display,33686.49,145234,3937,124
2026-03-05,CAM023,Email,17913.92,131200,9463,937
2026-03-05,CAM024,Display,37606.61,208555,5347,202
2026-03-05,CAM025,Email,15028.85,114298,8555,786
2026-03-05,CAM026,Paid Social,74226.74,369865,15776,990
2026-03-05,CAM027,Email,13094.19,79976,6413,595
2026-03-05,CAM028,Email,19251.96,152987,13246,1281
2026-03-05,CAM029,Paid Social,52246.98,220148,9748,564
2026-03-05,CAM030,Email,18730.12,119780,8975,948
2026-03-05,CAM031,Paid Search,60256.64,206718,10846,794
2026-03-05,CAM032,Affiliate,22986.49,95387,3217,172
2026-03-05,CAM033,Paid Social,71050.06,284608,10933,711
2026-03-05,CAM034,Affiliate,21953.21,94370,3183,179
2026-03-05,CAM035,Paid Social,67569.49,282070,11490,726
2026-03-05,CAM036,Paid Social,56516.32,221163,8489,543
2026-03-05,CAM037,Display,37839.5,204528,5461,175
2026-03-05,CAM038,Display,33750.15,188602,4596,175
2026-03-05,CAM039,Email,20512.7,131213,10117,953
2026-03-05,CAM040,Affiliate,21036.27,82827,2975,172
2026-03-05,CAM041,Paid Social,84036.88,360332,15122,833
2026-03-05,CAM042,Email,13252.63,82556,6625,725
2026-03-05,CAM043,Paid Search,58749.96,194140,10621,777
2026-03-05,CAM044,Paid Social,55573.27,223983,9995,657
2026-03-06,CAM001,Affiliate,24958.51,109750,3647,185
2026-03-06,CAM002,Email,17270.61,112926,8717,827
2026-03-06,CAM003,Paid Search,49961.82,196280,10445,817
2026-03-06,CAM004,Display,42700.04,221593,5595,195
2026-03-06,CAM005,Affiliate,21808.59,90984,3259,169
2026-03-06,CAM006,Paid Search,62385.24,188232,9659,783
2026-03-06,CAM007,Display,24909.87,119744,2736,100
2026-03-06,CAM008,Paid Search,48460.48,184963,9853,779
2026-03-06,CAM009,Affiliate,24685.73,98948,3450,203
2026-03-06,CAM010,Email,14788.54,91956,8017,805
2026-03-06,CAM011,Affiliate,26728.41,102296,3553,211
2026-03-06,CAM012,Email,24217.07,190391,15234,1579
2026-03-06,CAM013,Affiliate,26400.57,103270,3593,215
2026-03-06,CAM014,Paid Social,47259.33,191534,8632,509
2026-03-06,CAM015,Paid Search,42785.53,138540,7862,642
2026-03-06,CAM016,Paid Search,42198.35,144367,8203,623
2026-03-06,CAM017,Paid Social,68003.49,262664,10265,652
2026-03-06,CAM018,Email,13505.72,105496,7660,799
2026-03-06,CAM019,Paid Search,65142.57,247408,13697,1102
2026-03-06,CAM020,Paid Social,66218.35,260003,11150,725
2026-03-06,CAM021,Paid Search,60907.23,207438,11460,830
2026-03-06,CAM022,Display,37105.54,191797,5176,179
2026-03-06,CAM023,Email,17165.88,130703,9656,896
2026-03-06,CAM024,Display,35052.98,181515,4759,163
2026-03-06,CAM025,Email,14239.8,98859,8694,908
2026-03-06,CAM026,Paid Social,58483.96,224689,10273,596
2026-03-06,CAM027,Email,19658.67,140238,11311,1039
2026-03-06,CAM028,Email,15933.85,112802,9186,852
2026-03-06,CAM029,Paid Social,60473.24,280991,10765,618
2026-03-06,CAM030,Email,14841.82,102157,7570,831
2026-03-06,CAM031,Paid Search,58132.39,189250,10856,852
2026-03-06,CAM032,Affiliate,26784.07,118937,4046,243
2026-03-06,CAM033,Paid Social,65537.78,274876,12116,701
2026-03-06,CAM034,Affiliate,27127.37,94242,3353,189
2026-03-06,CAM035,Paid Social,72394.26,279475,11456,722
2026-03-06,CAM036,Paid Social,74110.76,377073,15137,946
2026-03-06,CAM037,Display,19786.49,105686,2520,84
2026-03-06,CAM038,Display,30989.91,138848,3315,127
2026-03-06,CAM039,Email,19331.33,120838,8744,836
2026-03-06,CAM040,Affiliate,25107.03,93131,3184,158
2026-03-06,CAM041,Paid Social,66390.85,270812,10804,674
2026-03-06,CAM042,Email,23531.5,183074,13747,1490
2026-03-06,CAM043,Paid Search,53408.68,202899,11589,846
2026-03-06,CAM044,Paid Social,67554.19,302587,12669,712
2026-03-07,CAM001,Affiliate,25565.23,100535,3200,188
2026-03-07,CAM002,Email,18436.89,113978,8657,864
2026-03-07,CAM003,Paid Search,46129.7,168738,8890,638
2026-03-07,CAM004,Display,39708.22,192277,4580,170
2026-03-07,CAM005,Affiliate,24333.46,90887,3384,181
2026-03-07,CAM006,Paid Search,66444.58,240652,12403,968
2026-03-07,CAM007,Display,36184.76,175722,4076,149
2026-03-07,CAM008,Paid Search,58083.29,214567,12910,918
2026-03-07,CAM009,Affiliate,19891.17,90175,3268,187
2026-03-07,CAM010,Email,15229.55,93867,7064,695
2026-03-07,CAM011,Affiliate,18470.29,64892,2483,129
2026-03-07,CAM012,Email,16183.52,121192,9420,996
2026-03-07,CAM013,Affiliate,24635.51,105630,3482,197
2026-03-07,CAM014,Paid Social,58509.95,230897,10014,582
2026-03-07,CAM015,Paid Search,58354.47,215724,12106,960
2026-03-07,CAM016,Paid Search,56983.91,197914,10970,741
2026-03-07,CAM017,Paid Social,79244.97,394853,15034,915
2026-03-07,CAM018,Email,19557.69,138199,11232,1074
2026-03-07,CAM019,Paid Search,50744.8,177519,9172,664
2026-03-07,CAM020,Paid Social,70210.51,272524,10380,657
2026-03-07,CAM021,Paid Search,52145.41,174005,9026,641
2026-03-07,CAM022,Display,36507.45,199649,5428,206
2026-03-07,CAM023,Email,16937.46,117824,8807,828
2026-03-07,CAM024,Display,36900.08,198471,4750,158
2026-03-07,CAM025,Email,16871.35,119855,9289,898
2026-03-07,CAM026,Paid Social,77026.06,354250,13915,848
2026-03-07,CAM027,Email,18406.83,134049,11093,1008
2026-03-07,CAM028,Email,23280.42,143695,12602,1268
2026-03-07,CAM029,Paid Social,68960.16,268495,10174,549
2026-03-07,CAM030,Email,18298.04,143066,11331,1070
2026-03-07,CAM031,Paid Search,54214.5,198472,10308,737
2026-03-07,CAM032,Affiliate,29035.11,129355,4141,246
2026-03-07,CAM033,Paid Social,60172.19,263439,11772,675
2026-03-07,CAM034,Affiliate,26371.63,118435,3907,219
2026-03-07,CAM035,Paid Social,67431.69,305105,13099,861
2026-03-07,CAM036,Paid Social,63382.32,315888,14107,832
2026-03-07,CAM037,Display,38816.24,194216,4910,176
2026-03-07,CAM038,Display,30443.49,166385,3813,124
2026-03-07,CAM039,Email,17736.89,123674,9228,1006
2026-03-07,CAM040,Affiliate,24374.16,106755,4058,201
2026-03-07,CAM041,Paid Social,72311.35,363332,14179,868
2026-03-07,CAM042,Email,17483.4,124282,9449,1011
2026-03-07,CAM043,Paid Search,43982.89,152835,8033,658
2026-03-07,CAM044,Paid Social,64865.24,305907,13599,766
2026-03-08,CAM001,Affiliate,24042.39,95515,3221,160
2026-03-08,CAM002,Email,19739.09,137434,10078,1083
2026-03-08,CAM003,Paid Search,49760.13,169135,8994,705
2026-03-08,CAM004,Display,32061.76,173262,4021,137
2026-03-08,CAM005,Affiliate,21594.42,86867,2830,159
2026-03-08,CAM006,Paid Search,60895.78,215949,11148,909
2026-03-08,CAM007,Display,32962.49,140157,3614,136
2026-03-08,CAM008,Paid Search,55032.99,170312,9316,758
2026-03-08,CAM009,Affiliate,26723.24,112927,3915,206
2026-03-08,CAM010,Email,18318.82,124776,9418,1017
2026-03-08,CAM011,Affiliate,23851.32,99239,3482,175
2026-03-08,CAM012,Email,18351.95,127479,10017,1094
2026-03-08,CAM013,Affiliate,25015.59,110775,4048,217
2026-03-08,CAM014,Paid Social,61542.51,286661,12403,680
2026-03-08,CAM015,Paid Search,54212.57,176177,9854,710
2026-03-08,CAM016,Paid Search,56586.76,213847,11435,878
2026-03-08,CAM017,Paid Social,69552.81,303124,13902,817
2026-03-08,CAM018,Email,15979.82,95388,8393,760
2026-03-08,CAM019,Paid Search,64653.59,209708,12435,843
2026-03-08,CAM020,Paid Social,73791.2,332407,14733,944
2026-03-08,CAM021,Paid Search,53503.3,172457,9584,755
2026-03-08,CAM022,Display,40829.42,207447,5005,190
2026-03-08,CAM023,Email,14866.96,94650,7634,732
2026-03-08,CAM024,Display,36361.72,196892,4624,169
2026-03-08,CAM025,Email,16345.55,97623,8016,870
2026-03-08,CAM026,Paid Social,60700.61,249910,11536,631
2026-03-08,CAM027,Email,21363.47,136008,11405,1194
2026-03-08,CAM028,Email,21203.77,133039,11106,1172
2026-03-08,CAM029,Paid Social,75225.32,310749,12889,847
2026-03-08,CAM030,Email,19394.21,126319,11105,1142
2026-03-08,CAM031,Paid Search,48552.46,165865,9570,685
2026-03-08,CAM032,Affiliate,22837.69,88000,2931,174
2026-03-08,CAM033,Paid Social,62990.51,286084,10941,647
2026-03-08,CAM034,Affiliate,24561.48,96579,3105,164
2026-03-08,CAM035,Paid Social,59244.97,227734,9705,573
2026-03-08,CAM036,Paid Social,60575.83,305688,13579,740
2026-03-08,CAM037,Display,35125.88,184799,4778,172
2026-03-08,CAM038,Display,36439.99,159423,4362,147
2026-03-08,CAM039,Email,17847.4,119443,10033,1084
2026-03-08,CAM040,Affiliate,21929.61,97123,3140,168
2026-03-08,CAM041,Paid Social,58359.92,250425,11407,625
2026-03-08,CAM042,Email,18029.93,126363,10603,1038
2026-03-08,CAM043,Paid Search,59751.56,209010,10926,761
2026-03-08,CAM044,Paid Social,61093.94,285178,11155,678
2026-03-09,CAM001,Affiliate,24929.41,96512,3065,175
2026-03-09,CAM002,Email,22978.48,182509,15563,1586
2026-03-09,CAM003,Paid Search,62640.14,205501,11227,789
2026-03-09,CAM004,Display,37706.07,173330,4079,134
2026-03-09,CAM005,Affiliate,20346.1,91360,3378,167
2026-03-09,CAM006,Paid Search,58539.7,175810,9600,779
2026-03-09,CAM007,Display,37044.98,201225,4675,150
2026-03-09,CAM008,Paid Search,60349.42,196783,10799,806
2026-03-09,CAM009,Affiliate,31911.41,134329,4689,283
2026-03-09,CAM010,Email,13054.73,84779,6727,686
2026-03-09,CAM011,Affiliate,27447.84,94251,3159,181
2026-03-09,CAM012,Email,18537.01,114218,9910,967
2026-03-09,CAM013,Affiliate,22617.65,85410,2969,154
2026-03-09,CAM014,Paid Social,63465.13,291328,11275,652
2026-03-09,CAM015,Paid Search,60116.67,194061,11016,865
2026-03-09,CAM016,Paid Search,58126.47,173243,9677,797
2026-03-09,CAM017,Paid Social,70159.62,284509,11525,678
2026-03-09,CAM018,Email,15532.2,122369,10181,1094
2026-03-09,CAM019,Paid Search,57954.91,208505,11777,821
2026-03-09,CAM020,Paid Social,68203.14,302918,13367,832
2026-03-09,CAM021,Paid Search,49956.12,172919,10319,824
2026-03-09,CAM022,Display,42114.32,234366,6384,233
2026-03-09,CAM023,Email,15328.57,106766,8004,786
2026-03-09,CAM024,Display,37703.66,204251,5247,190
2026-03-09,CAM025,Email,17102.3,108201,8242,850
2026-03-09,CAM026,Paid Social,74388.42,384336,14945,930
2026-03-09,CAM027,Email,19492.08,126701,9495,889
2026-03-09,CAM028,Email,17069.9,132675,9933,909
2026-03-09,CAM029,Paid Social,59876.52,272404,12285,775
2026-03-09,CAM030,Email,20471.39,136530,11848,1281
2026-03-09,CAM031,Paid Search,60691.82,234532,11948,945
2026-03-09,CAM032,Affiliate,21609.35,99389,3467,195
2026-03-09,CAM033,Paid Social,72360.01,333326,13994,811
2026-03-09,CAM034,Affiliate,29217.27,110893,4101,213
2026-03-09,CAM035,Paid Social,78775.23,397117,16179,877
2026-03-09,CAM036,Paid Social,48381.13,211764,9308,541
2026-03-09,CAM037,Display,36508.72,206654,5007,170
2026-03-09,CAM038,Display,33055.66,150152,3651,115
2026-03-09,CAM039,Email,18052.08,132602,11262,1053
2026-03-09,CAM040,Affiliate,26086.67,91904,3032,182
2026-03-09,CAM041,Paid Social,46970.5,187680,7277,463
2026-03-09,CAM042,Email,18939.13,137079,12015,1262
2026-03-09,CAM043,Paid Search,55494.13,179920,9820,748
2026-03-09,CAM044,Paid Social,72982.92,285186,11484,691
2026-03-10,CAM001,Affiliate,23804.95,107376,3565,205
2026-03-10,CAM002,Email,18301.08,125090,10333,1103
2026-03-10,CAM003,Paid Search,50786.36,190266,9768,724
2026-03-10,CAM004,Display,35239.32,172798,4714,176
2026-03-10,CAM005,Affiliate,28533.69,127873,4356,255
2026-03-10,CAM006,Paid Search,59524.41,217319,11891,813
2026-03-10,CAM007,Display,34565.03,190164,4403,146
2026-03-10,CAM008,Paid Search,67511.84,241462,12705,1037
2026-03-10,CAM009,Affiliate,23129.22,84053,3115,171
2026-03-10,CAM010,Email,18868.24,151396,12570,1351
2026-03-10,CAM011,Affiliate,25838.6,91549,3166,180
2026-03-10,CAM012,Email,19953.89,132155,11279,1223
2026-03-10,CAM013,Affiliate,23301.23,83423,2719,136
2026-03-10,CAM014,Paid Social,69559.58,331019,12944,834
2026-03-10,CAM015,Paid Search,54373.13,183092,10913,858
2026-03-10,CAM016,Paid Search,55133.49,208866,10507,717
2026-03-10,CAM017,Paid Social,65221.85,334598,14367,911
2026-03-10,CAM018,Email,18402.79,144919,11681,1212
2026-03-10,CAM019,Paid Search,54241.53,176768,8776,723
2026-03-10,CAM020,Paid Social,66078.54,300886,13464,793
2026-03-10,CAM021,Paid Search,49551.98,159432,8929,633
2026-03-10,CAM022,Display,35681.27,176840,4466,141
2026-03-10,CAM023,Email,19143.02,133871,10736,1003
2026-03-10,CAM024,Display,34841.86,194173,5306,194
2026-03-10,CAM025,Email,17024.51,103464,8471,888
2026-03-10,CAM026,Paid Social,58875.13,274962,10757,708
2026-03-10,CAM027,Email,16482.51,124742,10090,1106
2026-03-10,CAM028,Email,15578.09,104000,9017,865
2026-03-10,CAM029,Paid Social,78840.7,393593,17585,1075
2026-03-10,CAM030,Email,20163.8,123813,10622,987
2026-03-10,CAM031,Paid Search,56567.5,196431,10319,783
2026-03-10,CAM032,Affiliate,29691.03,130997,4256,248
2026-03-10,CAM033,Paid Social,71352.04,296135,13451,881
2026-03-10,CAM034,Affiliate,20350.82,69360,2545,129
2026-03-10,CAM035,Paid Social,67824.15,300336,13585,748
2026-03-10,CAM036,Paid Social,54469.61,212111,8366,517
2026-03-10,CAM037,Display,35170.54,200614,5035,174
2026-03-10,CAM038,Display,31696.93,148003,4050,128
2026-03-10,CAM039,Email,12582.83,99919,7499,812
2026-03-10,CAM040,Affiliate,27992.64,128446,4302,251
2026-03-10,CAM041,Paid Social,66111.93,297757,11617,681
2026-03-10,CAM042,Email,18169.52,138670,10484,1070
2026-03-10,CAM043,Paid Search,43224.06,146480,7574,558
2026-03-10,CAM044,Paid Social,69385.93,316425,12770,751
2026-03-11,CAM001,Affiliate,25552.78,104222,3955,223
2026-03-11,CAM002,Email,21822.61,162993,13549,1241
2026-03-11,CAM003,Paid Search,53569.92,192569,9787,722
2026-03-11,CAM004,Display,38023.12,168739,4215,152
2026-03-11,CAM005,Affiliate,24290.68,98369,3309,191
2026-03-11,CAM006,Paid Search,55148.53,186390,9987,808
2026-03-11,CAM007,Display,35738.58,202440,5101,168
2026-03-11,CAM008,Paid Search,54350.32,208687,11331,786
2026-03-11,CAM009,Affiliate,23005.24,103685,3882,222
2026-03-11,CAM010,Email,19039.42,147554,11119,1110
2026-03-11,CAM011,Affiliate,24453.57,97773,3265,183
2026-03-11,CAM012,Email,17555.72,110953,9022,947
2026-03-11,CAM013,Affiliate,22916.47,88864,3147,185
2026-03-11,CAM014,Paid Social,66495.68,343535,13512,745
2026-03-11,CAM015,Paid Search,41771.65,126768,6380,487
2026-03-11,CAM016,Paid Search,62185.65,238003,12439,911
2026-03-11,CAM017,Paid Social,64789.8,303933,13734,840
2026-03-11,CAM018,Email,19652.1,132528,9626,893
2026-03-11,CAM019,Paid Search,59129.22,234304,12478,867
2026-03-11,CAM020,Paid Social,72510.59,298851,13749,780
2026-03-11,CAM021,Paid Search,56786.17,195071,10671,828
2026-03-11,CAM022,Display,29863.13,163215,3680,132
2026-03-11,CAM023,Email,17910.87,112829,9583,1015
2026-03-11,CAM024,Display,38164.3,168535,4173,149
2026-03-11,CAM025,Email,17930.94,111150,8688,895
2026-03-11,CAM026,Paid Social,50917.91,225215,10165,563
2026-03-11,CAM027,Email,21370.02,130654,10890,1032
2026-03-11,CAM028,Email,13930.54,106241,7969,785
2026-03-11,CAM029,Paid Social,64933.8,316982,13514,831
2026-03-11,CAM030,Email,19507.82,146839,10574,990
2026-03-11,CAM031,Paid Search,59270.08,218013,11979,861
2026-03-11,CAM032,Affiliate,26421.56,114867,3816,221
2026-03-11,CAM033,Paid Social,64901.89,303758,12729,771
2026-03-11,CAM034,Affiliate,26432.25,95304,3124,188
2026-03-11,CAM035,Paid Social,60444.25,298483,11502,711
2026-03-11,CAM036,Paid Social,65063.12,253044,9717,577
2026-03-11,CAM037,Display,34284.7,153825,3955,140
2026-03-11,CAM038,Display,43092.75,233539,5373,189
2026-03-11,CAM039,Email,14241.8,96529,7858,806
2026-03-11,CAM040,Affiliate,21699.72,94781,3402,171
2026-03-11,CAM041,Paid Social,67758.55,303979,12475,820
2026-03-11,CAM042,Email,16823.25,111724,9140,999
2026-03-11,CAM043,Paid Search,62877.41,229177,11473,791
2026-03-11,CAM044,Paid Social,58091.39,294110,11422,623
2026-03-12,CAM001,Affiliate,24540.76,112176,3648,182
2026-03-12,CAM002,Email,20677.87,151003,12652,1152
2026-03-12,CAM003,Paid Search,62014.23,238876,12177,843
2026-03-12,CAM004,Display,30754.2,170432,4328,158
2026-03-12,CAM005,Affiliate,26435.89,97928,3527,207
2026-03-12,CAM006,Paid Search,63608.77,235349,14236,1004
2026-03-12,CAM007,Display,37480.77,199422,4968,168
2026-03-12,CAM008,Paid Search,60278.16,230129,13261,1068
2026-03-12,CAM009,Affiliate,26527.25,92096,2930,174
2026-03-12,CAM010,Email,19676.53,136393,10408,1119
2026-03-12,CAM011,Affiliate,26619.77,120677,4514,257
2026-03-12,CAM012,Email,17715.89,110649,8159,753
2026-03-12,CAM013,Affiliate,27836.02,101407,3646,213
2026-03-12,CAM014,Paid Social,59906.13,256642,10905,697
2026-03-12,CAM015,Paid Search,58399.24,211097,11355,886
2026-03-12,CAM016,Paid Search,50935.64,199867,10596,837
2026-03-12,CAM017,Paid Social,65087.74,290590,12000,678
2026-03-12,CAM018,Email,15502.28,96386,7139,685
2026-03-12,CAM019,Paid Search,54545.71,200579,11348,839
2026-03-12,CAM020,Paid Social,70099.38,342116,12947,804
2026-03-12,CAM021,Paid Search,48715.37,170607,10188,786
2026-03-12,CAM022,Display,41642.2,230600,5814,202
2026-03-12,CAM023,Email,16467.93,121075,10115,1085
2026-03-12,CAM024,Display,34510.73,192584,4508,160
2026-03-12,CAM025,Email,20314.57,125038,10564,1038
2026-03-12,CAM026,Paid Social,68629.22,292350,11776,774
2026-03-12,CAM027,Email,16211.04,106593,8225,900
2026-03-12,CAM028,Email,19773.07,157835,11696,1128
2026-03-12,CAM029,Paid Social,55507.13,245671,10977,660
2026-03-12,CAM030,Email,20998.31,133116,9627,1033
2026-03-12,CAM031,Paid Search,55860.86,168108,8547,671
2026-03-12,CAM032,Affiliate,30894.73,132604,4834,276
2026-03-12,CAM033,Paid Social,57460.81,293987,11927,739
2026-03-12,CAM034,Affiliate,25538.8,109844,3931,213
2026-03-12,CAM035,Paid Social,73397.54,311069,12763,792
2026-03-12,CAM036,Paid Social,65496.41,319446,12259,716
2026-03-12,CAM037,Display,31007.83,148125,3402,130
2026-03-12,CAM038,Display,37228.14,199014,4649,163
2026-03-12,CAM039,Email,14032.64,87994,6485,632
2026-03-12,CAM040,Affiliate,23821.62,88629,3104,171
2026-03-12,CAM041,Paid Social,61094.4,241484,9369,564
2026-03-12,CAM042,Email,21357.76,131758,11464,1068
2026-03-12,CAM043,Paid Search,50005.43,179737,10778,850
2026-03-12,CAM044,Paid Social,52973.07,225700,9780,623
2026-03-13,CAM001,Affiliate,22667.05,78681,2535,141
2026-03-13,CAM002,Email,17571.98,105161,8842,837
2026-03-13,CAM003,Paid Search,59185.28,231326,11811,807
2026-03-13,CAM004,Display,26038.89,118769,2924,104
2026-03-13,CAM005,Affiliate,24087.27,96459,3082,160
2026-03-13,CAM006,Paid Search,53052.91,175902,10544,773
2026-03-13,CAM007,Display,36367.99,193876,5128,176
2026-03-13,CAM008,Paid Search,56139.93,206583,11836,842
2026-03-13,CAM009,Affiliate,28181.06,105484,3891,219
2026-03-13,CAM010,Email,19306.54,148369,12491,1299
2026-03-13,CAM011,Affiliate,19603.57,84947,3199,188
2026-03-13,CAM012,Email,18182.15,109851,8755,920
2026-03-13,CAM013,Affiliate,24766.93,91653,2961,159
2026-03-13,CAM014,Paid Social,64890.99,282127,11743,730
2026-03-13,CAM015,Paid Search,60922.98,212349,11682,802
2026-03-13,CAM016,Paid Search,61454.88,207277,10843,733
2026-03-13,CAM017,Paid Social,54311.28,261192,10442,673
2026-03-13,CAM018,Email,16570.04,115798,8740,876
2026-03-13,CAM019,Paid Search,50751.56,201252,10301,795
2026-03-13,CAM020,Paid Social,91179.58,365736,15740,960
2026-03-13,CAM021,Paid Search,65484.6,199555,10163,705
2026-03-13,CAM022,Display,31626.31,179508,4136,139
2026-03-13,CAM023,Email,18767.29,149361,11660,1204
2026-03-13,CAM024,Display,28231.33,130248,3151,101
2026-03-13,CAM025,Email,19165.31,126626,10871,1116
2026-03-13,CAM026,Paid Social,61519.33,275020,11247,623
2026-03-13,CAM027,Email,18662.96,134846,10032,945
2026-03-13,CAM028,Email,15984.05,122759,9581,1031
2026-03-13,CAM029,Paid Social,69864.02,281893,11472,677
2026-03-13,CAM030,Email,17211.44,114828,8730,874
2026-03-13,CAM031,Paid Search,52538.81,172281,9173,718
2026-03-13,CAM032,Affiliate,23869.71,83763,3002,172
2026-03-13,CAM033,Paid Social,62437.9,240660,9255,548
2026-03-13,CAM034,Affiliate,24807.2,96655,3488,185
2026-03-13,CAM035,Paid Social,62968.52,287989,11054,613
2026-03-13,CAM036,Paid Social,66507.73,287111,12513,716
2026-03-13,CAM037,Display,39265.17,198075,4527,159
2026-03-13,CAM038,Display,34070.62,153951,3501,110
2026-03-13,CAM039,Email,16990.0,104351,8085,786
2026-03-13,CAM040,Affiliate,23069.26,94397,2998,165
2026-03-13,CAM041,Paid Social,72572.67,298251,12836,713
2026-03-13,CAM042,Email,15864.32,115974,9749,910
2026-03-13,CAM043,Paid Search,59164.13,200308,12008,923
2026-03-13,CAM044,Paid Social,64754.32,302102,12467,740
2026-03-14,CAM001,Affiliate,27385.75,118460,3830,197
2026-03-14,CAM002,Email,17197.45,132129,10102,939
2026-03-14,CAM003,Paid Search,51688.19,187492,9931,743
2026-03-14,CAM004,Display,43785.78,229360,6093,212
2026-03-14,CAM005,Affiliate,29171.94,113714,4062,238
2026-03-14,CAM006,Paid Search,50806.73,165442,9510,761
2026-03-14,CAM007,Display,28953.31,132769,3649,132
2026-03-14,CAM008,Paid Search,48356.02,160468,8851,660
2026-03-14,CAM009,Affiliate,24743.11,90889,3365,198
2026-03-14,CAM010,Email,16016.06,95473,8103,828
2026-03-14,CAM011,Affiliate,28235.18,107693,3481,192
2026-03-14,CAM012,Email,16886.46,125013,10858,1006
2026-03-14,CAM013,Affiliate,24049.95,82850,3140,157
2026-03-14,CAM014,Paid Social,71808.31,311966,12599,760
2026-03-14,CAM015,Paid Search,62846.61,216170,11381,924
2026-03-14,CAM016,Paid Search,64709.28,236431,13005,975
2026-03-14,CAM017,Paid Social,61669.13,273700,12304,806
2026-03-14,CAM018,Email,19411.47,137345,10300,964
2026-03-14,CAM019,Paid Search,49798.26,191335,10376,800
2026-03-14,CAM020,Paid Social,57476.0,289261,11366,719
2026-03-14,CAM021,Paid Search,57679.6,192062,9630,707
2026-03-14,CAM022,Display,26827.35,119188,2811,102
2026-03-14,CAM023,Email,17764.62,114552,9103,961
2026-03-14,CAM024,Display,35331.34,196266,5136,197
2026-03-14,CAM025,Email,17068.71,131460,10512,1011
2026-03-14,CAM026,Paid Social,63125.1,299592,11620,745
2026-03-14,CAM027,Email,15467.17,104444,7783,805
2026-03-14,CAM028,Email,17072.91,115340,8897,920
2026-03-14,CAM029,Paid Social,46308.95,192836,7600,472
2026-03-14,CAM030,Email,20156.56,149052,11527,1266
2026-03-14,CAM031,Paid Search,51668.87,196543,11505,818
2026-03-14,CAM032,Affiliate,31073.65,126476,4560,252
2026-03-14,CAM033,Paid Social,63277.16,290953,12106,676
2026-03-14,CAM034,Affiliate,22787.25,80096,3026,160
2026-03-14,CAM035,Paid Social,51008.54,253666,9613,589
2026-03-14,CAM036,Paid Social,55840.74,257439,10966,691
2026-03-14,CAM037,Display,36371.64,197649,5033,179
2026-03-14,CAM038,Display,27221.23,138165,3113,116
2026-03-14,CAM039,Email,17937.86,124076,9866,975
2026-03-14,CAM040,Affiliate,27067.9,118739,4475,232
2026-03-14,CAM041,Paid Social,67249.28,293130,12602,744
2026-03-14,CAM042,Email,16301.72,116849,8986,952
2026-03-14,CAM043,Paid Search,58563.3,197789,10585,785
2026-03-14,CAM044,Paid Social,66362.76,320797,13100,722
2026-03-15,CAM001,Affiliate,31138.18,110244,4009,236
2026-03-15,CAM002,Email,17924.79,127114,9195,994
2026-03-15,CAM003,Paid Search,64555.77,257115,13322,947
2026-03-15,CAM004,Display,30000.05,139234,3755,140
2026-03-15,CAM005,Affiliate,22028.67,78895,2607,157
2026-03-15,CAM006,Paid Search,54277.38,216507,11665,865
2026-03-15,CAM007,Display,32584.8,146174,3981,153
2026-03-15,CAM008,Paid Search,49061.35,157993,9513,779
2026-03-15,CAM009,Affiliate,22355.5,78129,2509,146
2026-03-15,CAM010,Email,17348.63,123686,10251,997
2026-03-15,CAM011,Affiliate,28760.06,115411,4420,247
2026-03-15,CAM012,Email,17623.39,116439,8443,828
2026-03-15,CAM013,Affiliate,25774.95,87774,3081,159
2026-03-15,CAM014,Paid Social,64567.63,320503,12997,741
2026-03-15,CAM015,Paid Search,59287.72,214428,11988,975
2026-03-15,CAM016,Paid Search,45489.58,144488,7919,541
2026-03-15,CAM017,Paid Social,50391.77,213761,9507,524
2026-03-15,CAM018,Email,18546.44,116878,9532,1008
2026-03-15,CAM019,Paid Search,62432.42,226700,12212,915
2026-03-15,CAM020,Paid Social,68737.57,289126,13123,767
2026-03-15,CAM021,Paid Search,44755.94,176408,10508,805
2026-03-15,CAM022,Display,40578.43,180076,4631,147
2026-03-15,CAM023,Email,15199.23,118483,8689,856
2026-03-15,CAM024,Display,32231.22,162143,4323,163
2026-03-15,CAM025,Email,17304.13,136650,10616,985
2026-03-15,CAM026,Paid Social,67921.23,350454,13926,887
2026-03-15,CAM027,Email,18546.81,132300,9978,1046
2026-03-15,CAM028,Email,16598.02,101987,7782,835
2026-03-15,CAM029,Paid Social,70760.57,358887,15875,867
2026-03-15,CAM030,Email,19616.73,155608,12338,1309
2026-03-15,CAM031,Paid Search,44663.58,146617,7541,550
2026-03-15,CAM032,Affiliate,25259.82,87710,3137,181
2026-03-15,CAM033,Paid Social,72253.73,309585,12807,701
2026-03-15,CAM034,Affiliate,24551.78,84436,3190,167
2026-03-15,CAM035,Paid Social,56378.08,263804,10060,583
2026-03-15,CAM036,Paid Social,66536.99,300991,13365,850
2026-03-15,CAM037,Display,37798.12,197979,5023,183
2026-03-15,CAM038,Display,30945.21,163485,4240,143
2026-03-15,CAM039,Email,16555.07,122596,10156,1083
2026-03-15,CAM040,Affiliate,22379.34,102666,3525,186
2026-03-15,CAM041,Paid Social,51512.8,198101,8963,486
2026-03-15,CAM042,Email,19478.44,125940,10279,1066
2026-03-15,CAM043,Paid Search,53059.83,195584,10694,850
2026-03-15,CAM044,Paid Social,67127.97,276052,12309,720
2026-03-16,CAM001,Affiliate,23383.85,87766,2995,161
2026-03-16,CAM002,Email,14489.93,106567,7772,741
2026-03-16,CAM003,Paid Search,49263.85,172481,9300,684
2026-03-16,CAM004,Display,32042.82,179626,4263,151
2026-03-16,CAM005,Affiliate,26098.86,105563,3434,190
2026-03-16,CAM006,Paid Search,62404.36,206360,12429,900
2026-03-16,CAM007,Display,35091.12,169297,4383,141
2026-03-16,CAM008,Paid Search,50794.72,188098,9546,688
2026-03-16,CAM009,Affiliate,28386.83,106976,3919,233
2026-03-16,CAM010,Email,20255.02,126153,10424,1090
2026-03-16,CAM011,Affiliate,24905.04,109660,3838,199
2026-03-16,CAM012,Email,17309.5,115614,9007,860
2026-03-16,CAM013,Affiliate,25071.91,105799,3642,185
2026-03-16,CAM014,Paid Social,63871.36,300471,12959,796
2026-03-16,CAM015,Paid Search,62508.07,210182,11685,915
2026-03-16,CAM016,Paid Search,62591.31,196667,11534,791
2026-03-16,CAM017,Paid Social,65310.23,306163,14044,782
2026-03-16,CAM018,Email,18674.85,136584,10307,996
2026-03-16,CAM019,Paid Search,53167.72,162686,9574,703
2026-03-16,CAM020,Paid Social,68232.21,308053,12964,830
2026-03-16,CAM021,Paid Search,50503.16,164686,9020,719
2026-03-16,CAM022,Display,32693.32,151551,4083,145
2026-03-16,CAM023,Email,21044.16,126441,9123,908
2026-03-16,CAM024,Display,37314.25,184453,4563,173
2026-03-16,CAM025,Email,15495.57,119116,8615,931
2026-03-16,CAM026,Paid Social,63411.87,324308,12374,699
2026-03-16,CAM027,Email,16717.5,101306,7508,695
2026-03-16,CAM028,Email,16853.86,122592,10538,1023
2026-03-16,CAM029,Paid Social,65097.63,276144,12702,759
2026-03-16,CAM030,Email,16750.2,114205,8229,745
2026-03-16,CAM031,Paid Search,57030.3,175047,9981,714
2026-03-16,CAM032,Affiliate,26630.49,94395,3323,171
2026-03-16,CAM033,Paid Social,70219.27,305266,12214,712
2026-03-16,CAM034,Affiliate,19649.47,67126,2200,130
2026-03-16,CAM035,Paid Social,72264.9,342297,15432,860
2026-03-16,CAM036,Paid Social,62412.4,299103,11670,709
2026-03-16,CAM037,Display,34278.49,185787,4926,170
2026-03-16,CAM038,Display,32694.87,151426,3595,134
2026-03-16,CAM039,Email,15310.96,103449,7627,778
2026-03-16,CAM040,Affiliate,31971.71,115261,4344,251
2026-03-16,CAM041,Paid Social,52711.09,266154,12099,787
2026-03-16,CAM042,Email,19216.49,143765,12316,1228
2026-03-16,CAM043,Paid Search,50944.32,187144,10618,838
2026-03-16,CAM044,Paid Social,59852.48,256921,9953,584
2026-03-17,CAM001,Affiliate,29043.07,118082,4339,250
2026-03-17,CAM002,Email,16166.07,97914,7606,799
2026-03-17,CAM003,Paid Search,62980.99,228814,13787,1025
2026-03-17,CAM004,Display,38357.81,216711,5122,164
2026-03-17,CAM005,Affiliate,25555.9,87723,3164,177
2026-03-17,CAM006,Paid Search,47006.33,157855,7895,623
2026-03-17,CAM007,Display,34144.27,161498,4398,144
2026-03-17,CAM008,Paid Search,50645.52,155292,8033,659
2026-03-17,CAM009,Affiliate,24345.75,85603,2851,149
2026-03-17,CAM010,Email,14971.2,97097,8509,815
2026-03-17,CAM011,Affiliate,21941.37,93731,3197,161
2026-03-17,CAM012,Email,13841.03,89959,7559,826
2026-03-17,CAM013,Affiliate,23158.76,95159,3193,190
2026-03-17,CAM014,Paid Social,67158.5,289588,11762,660
2026-03-17,CAM015,Paid Search,60377.7,233083,14082,1064
2026-03-17,CAM016,Paid Search,38032.97,140661,7377,519
2026-03-17,CAM017,Paid Social,65596.74,326890,14309,854
2026-03-17,CAM018,Email,17528.72,110825,8108,777
2026-03-17,CAM019,Paid Search,58931.74,190033,11290,786
2026-03-17,CAM020,Paid Social,57946.58,233285,9694,549
2026-03-17,CAM021,Paid Search,54518.09,192908,9912,779
2026-03-17,CAM022,Display,29398.26,164230,4416,156
2026-03-17,CAM023,Email,21625.37,169438,14418,1401
2026-03-17,CAM024,Display,37225.15,182714,4881,176
2026-03-17,CAM025,Email,19367.87,135839,9917,909
2026-03-17,CAM026,Paid Social,69530.35,344306,15579,1006
2026-03-17,CAM027,Email,17354.77,113619,9661,1008
2026-03-17,CAM028,Email,17464.1,117206,9564,1023
2026-03-17,CAM029,Paid Social,65468.21,268645,11639,713
2026-03-17,CAM030,Email,20650.82,152364,11825,1214
2026-03-17,CAM031,Paid Search,58172.88,230179,13100,904
2026-03-17,CAM032,Affiliate,24875.97,110843,3997,221
2026-03-17,CAM033,Paid Social,65470.25,293980,13417,756
2026-03-17,CAM034,Affiliate,24561.74,98208,3340,168
2026-03-17,CAM035,Paid Social,57543.65,264453,10929,668
2026-03-17,CAM036,Paid Social,65331.94,325799,14342,945
2026-03-17,CAM037,Display,33965.21,185082,4296,153
2026-03-17,CAM038,Display,32970.98,163533,3930,151
2026-03-17,CAM039,Email,16165.14,103548,8018,879
2026-03-17,CAM040,Affiliate,29471.77,105942,4049,216
2026-03-17,CAM041,Paid Social,57617.46,293836,12397,757
2026-03-17,CAM042,Email,16942.86,116728,9731,1041
2026-03-17,CAM043,Paid Search,65522.35,211605,11999,852
2026-03-17,CAM044,Paid Social,78463.55,321096,13827,828
2026-03-18,CAM001,Affiliate,27931.4,110953,3729,218
2026-03-18,CAM002,Email,16087.26,111178,9420,894
2026-03-18,CAM003,Paid Search,65772.54,206883,11904,841
2026-03-18,CAM004,Display,37713.86,201940,4979,175
2026-03-18,CAM005,Affiliate,25388.06,116781,4443,248
2026-03-18,CAM006,Paid Search,48327.47,143931,7380,500
2026-03-18,CAM007,Display,33627.44,155623,3925,127
2026-03-18,CAM008,Paid Search,62354.53,245730,13804,956
2026-03-18,CAM009,Affiliate,21074.34,94062,3348,173
2026-03-18,CAM010,Email,17805.33,140847,11516,1054
2026-03-18,CAM011,Affiliate,25434.96,96782,3446,178
2026-03-18,CAM012,Email,22824.31,138439,12018,1250
2026-03-18,CAM013,Affiliate,23916.62,88080,3184,164
2026-03-18,CAM014,Paid Social,53978.66,240251,10276,620
2026-03-18,CAM015,Paid Search,60869.56,190080,9741,742
2026-03-18,CAM016,Paid Search,64620.0,241581,14337,1005
2026-03-18,CAM017,Paid Social,60323.28,273552,11850,762
2026-03-18,CAM018,Email,18852.18,138602,11721,1165
2026-03-18,CAM019,Paid Search,59771.44,205748,10514,843
2026-03-18,CAM020,Paid Social,79986.07,399108,16657,977
2026-03-18,CAM021,Paid Search,56249.35,202488,12033,889
2026-03-18,CAM022,Display,43403.53,203203,5002,168
2026-03-18,CAM023,Email,17197.36,104792,9130,957
2026-03-18,CAM024,Display,31726.92,153935,3606,128
2026-03-18,CAM025,Email,22340.05,154867,12175,1237
2026-03-18,CAM026,Paid Social,69574.59,322255,13683,856
2026-03-18,CAM027,Email,16531.52,120066,9466,1019
2026-03-18,CAM028,Email,16034.74,114560,9621,1004
2026-03-18,CAM029,Paid Social,69379.21,283333,12037,763
2026-03-18,CAM030,Email,22384.92,153027,12080,1249
2026-03-18,CAM031,Paid Search,62190.42,229838,13296,963
2026-03-18,CAM032,Affiliate,24413.9,92611,3105,168
2026-03-18,CAM033,Paid Social,62415.18,319797,13237,854
2026-03-18,CAM034,Affiliate,23393.42,80307,2923,171
2026-03-18,CAM035,Paid Social,67404.04,341861,13722,844
2026-03-18,CAM036,Paid Social,64741.95,282171,11184,645
2026-03-18,CAM037,Display,31362.03,176824,4756,170
2026-03-18,CAM038,Display,29810.07,135598,3611,130
2026-03-18,CAM039,Email,17014.09,110756,9312,902
2026-03-18,CAM040,Affiliate,26591.86,117380,3799,214
2026-03-18,CAM041,Paid Social,77636.45,399604,18425,1035
2026-03-18,CAM042,Email,17389.32,112507,8552,803
2026-03-18,CAM043,Paid Search,48742.82,154260,8499,583
2026-03-18,CAM044,Paid Social,63755.48,248769,10957,651
2026-03-19,CAM001,Affiliate,23883.25,93684,3240,184
2026-03-19,CAM002,Email,16488.37,117612,9463,919
2026-03-19,CAM003,Paid Search,60004.74,223490,12170,901
2026-03-19,CAM004,Display,39009.49,190551,5039,189
2026-03-19,CAM005,Affiliate,19128.01,86690,3142,165
2026-03-19,CAM006,Paid Search,53589.46,170753,10010,792
2026-03-19,CAM007,Display,38766.01,180628,4524,148
2026-03-19,CAM008,Paid Search,53557.29,163016,8990,624
2026-03-19,CAM009,Affiliate,24872.13,104525,3666,219
2026-03-19,CAM010,Email,18573.39,113538,9969,1077
2026-03-19,CAM011,Affiliate,21603.48,82055,2908,172
2026-03-19,CAM012,Email,16802.7,130870,9877,1023
2026-03-19,CAM013,Affiliate,28517.17,101951,3595,203
2026-03-19,CAM014,Paid Social,61049.67,296375,13348,732
2026-03-19,CAM015,Paid Search,57379.58,199211,11836,809
2026-03-19,CAM016,Paid Search,41669.87,135777,7948,542
2026-03-19,CAM017,Paid Social,55133.16,211487,9377,606
2026-03-19,CAM018,Email,23583.16,159020,11946,1117
2026-03-19,CAM019,Paid Search,47606.17,150643,7860,576
2026-03-19,CAM020,Paid Social,83271.51,407734,17937,1174
2026-03-19,CAM021,Paid Search,58826.86,215780,12913,965
2026-03-19,CAM022,Display,33324.71,159118,3630,128
2026-03-19,CAM023,Email,13041.55,78102,6809,744
2026-03-19,CAM024,Display,33938.95,154863,4017,133
2026-03-19,CAM025,Email,16093.74,116151,10117,915
2026-03-19,CAM026,Paid Social,78064.26,356412,15347,830
2026-03-19,CAM027,Email,20616.65,159125,12481,1154
2026-03-19,CAM028,Email,16593.08,106511,7947,827
2026-03-19,CAM029,Paid Social,59447.8,286569,11518,630
2026-03-19,CAM030,Email,17052.74,115841,9070,937
2026-03-19,CAM031,Paid Search,40535.13,125742,6577,468
2026-03-19,CAM032,Affiliate,22229.92,101770,3871,192
2026-03-19,CAM033,Paid Social,52618.8,224207,9277,576
2026-03-19,CAM034,Affiliate,24216.41,91062,3375,168
2026-03-19,CAM035,Paid Social,75114.96,387241,15215,918
2026-03-19,CAM036,Paid Social,57015.95,257639,11014,679
2026-03-19,CAM037,Display,37818.18,165968,4405,154
2026-03-19,CAM038,Display,40865.8,182400,4377,145
2026-03-19,CAM039,Email,18551.65,148374,11726,1093
2026-03-19,CAM040,Affiliate,20051.93,77175,2819,166
2026-03-19,CAM041,Paid Social,48842.48,211224,9116,547
2026-03-19,CAM042,Email,13129.8,86456,6891,622
2026-03-19,CAM043,Paid Search,65697.39,248484,14733,1069
2026-03-19,CAM044,Paid Social,76606.5,299169,12169,795
2026-03-20,CAM001,Affiliate,27346.0,97352,3347,191
2026-03-20,CAM002,Email,15165.17,103205,8127,756
2026-03-20,CAM003,Paid Search,52928.53,205711,10629,718
2026-03-20,CAM004,Display,37439.22,203473,4696,161
2026-03-20,CAM005,Affiliate,21391.95,75561,2529,144
2026-03-20,CAM006,Paid Search,46081.24,181772,9492,655
2026-03-20,CAM007,Display,23487.99,107665,2569,98
2026-03-20,CAM008,Paid Search,61543.85,216987,12355,969
2026-03-20,CAM009,Affiliate,26955.31,99182,3357,176
2026-03-20,CAM010,Email,16807.06,101718,8622,876
2026-03-20,CAM011,Affiliate,25105.59,90286,2868,146
2026-03-20,CAM012,Email,17920.72,126670,11057,1121
2026-03-20,CAM013,Affiliate,25236.77,107430,3851,199
2026-03-20,CAM014,Paid Social,55426.52,226269,9401,573
2026-03-20,CAM015,Paid Search,48318.99,189924,10523,733
2026-03-20,CAM016,Paid Search,55903.69,191755,11417,832
2026-03-20,CAM017,Paid Social,60195.06,271288,10440,683
2026-03-20,CAM018,Email,18302.28,117668,9772,984
2026-03-20,CAM019,Paid Search,57534.05,196766,10385,850
2026-03-20,CAM020,Paid Social,85677.35,395121,17380,1091
2026-03-20,CAM021,Paid Search,55849.48,217088,11699,891
2026-03-20,CAM022,Display,32780.23,164962,4151,143
2026-03-20,CAM023,Email,16374.46,131754,11542,1109
2026-03-20,CAM024,Display,41389.92,183632,4142,132
2026-03-20,CAM025,Email,16847.97,127314,9607,904
2026-03-20,CAM026,Paid Social,65172.92,303476,12293,678
2026-03-20,CAM027,Email,21823.75,154060,11942,1311
2026-03-20,CAM028,Email,17734.15,125271,10238,1092
2026-03-20,CAM029,Paid Social,65467.97,293903,12699,692
2026-03-20,CAM030,Email,16742.88,105140,9250,881
2026-03-20,CAM031,Paid Search,53266.74,166944,9761,796
2026-03-20,CAM032,Affiliate,27130.15,99686,3333,173
2026-03-20,CAM033,Paid Social,89645.09,405470,15786,1012
2026-03-20,CAM034,Affiliate,26193.64,101198,3296,187
2026-03-20,CAM035,Paid Social,63383.59,260511,11233,715
2026-03-20,CAM036,Paid Social,74014.07,319549,14289,873
2026-03-20,CAM037,Display,38824.71,216271,5741,202
2026-03-20,CAM038,Display,35011.23,195142,4665,167
2026-03-20,CAM039,Email,17789.72,116524,8536,877
2026-03-20,CAM040,Affiliate,24490.15,111034,3629,204
2026-03-20,CAM041,Paid Social,69740.7,351188,13804,907
2026-03-20,CAM042,Email,17644.18,126609,9556,1046
2026-03-20,CAM043,Paid Search,40866.25,128290,7488,616
2026-03-20,CAM044,Paid Social,79829.95,361380,14623,933
2026-03-21,CAM001,Affiliate,24533.8,94836,3058,171
2026-03-21,CAM002,Email,18493.41,111588,8568,931
2026-03-21,CAM003,Paid Search,63234.03,198610,10255,797
2026-03-21,CAM004,Display,30929.82,175999,4405,149
2026-03-21,CAM005,Affiliate,26763.15,98676,3494,210
2026-03-21,CAM006,Paid Search,51910.52,190724,10626,807
2026-03-21,CAM007,Display,36656.71,167623,3815,136
2026-03-21,CAM008,Paid Search,51933.19,163698,9432,684
2026-03-21,CAM009,Affiliate,22398.27,99210,3702,204
2026-03-21,CAM010,Email,17390.86,121254,9809,889
2026-03-21,CAM011,Affiliate,20069.68,72943,2761,141
2026-03-21,CAM012,Email,16982.9,131815,10476,1005
2026-03-21,CAM013,Affiliate,24039.58,85803,3023,157
2026-03-21,CAM014,Paid Social,68811.51,307938,13730,805
2026-03-21,CAM015,Paid Search,63758.57,228602,12657,896
2026-03-21,CAM016,Paid Search,43418.49,166029,9747,800
2026-03-21,CAM017,Paid Social,54870.46,238212,9969,572
2026-03-21,CAM018,Email,16899.58,116807,9353,978
2026-03-21,CAM019,Paid Search,58354.37,173641,9855,670
2026-03-21,CAM020,Paid Social,49883.79,212552,8040,436
2026-03-21,CAM021,Paid Search,53579.63,183892,10299,730
2026-03-21,CAM022,Display,36879.1,167877,4360,157
2026-03-21,CAM023,Email,21415.7,164505,14386,1549
2026-03-21,CAM024,Display,27564.18,126826,3371,121
2026-03-21,CAM025,Email,14353.86,104289,9171,879
2026-03-21,CAM026,Paid Social,67331.69,280685,12541,714
2026-03-21,CAM027,Email,16046.78,109115,8969,907
2026-03-21,CAM028,Email,21111.46,126260,10389,959
2026-03-21,CAM029,Paid Social,59340.51,286098,11335,670
2026-03-21,CAM030,Email,20296.2,153915,13100,1386
2026-03-21,CAM031,Paid Search,62684.18,238404,13104,1001
2026-03-21,CAM032,Affiliate,25061.92,102877,3347,171
2026-03-21,CAM033,Paid Social,62585.03,278265,10542,582
2026-03-21,CAM034,Affiliate,25932.63,118689,4567,251
2026-03-21,CAM035,Paid Social,49587.47,224904,9022,539
2026-03-21,CAM036,Paid Social,67777.91,260782,11984,741
2026-03-21,CAM037,Display,37606.7,160686,3792,132
2026-03-21,CAM038,Display,32663.9,142804,3332,116
2026-03-21,CAM039,Email,21557.18,131155,9597,866
2026-03-21,CAM040,Affiliate,25539.03,94460,3464,197
2026-03-21,CAM041,Paid Social,80177.76,363637,16518,1061
2026-03-21,CAM042,Email,20479.02,160994,13771,1383
2026-03-21,CAM043,Paid Search,62417.23,250474,14908,1214
2026-03-21,CAM044,Paid Social,66294.21,271767,10291,559
2026-03-22,CAM001,Affiliate,24032.74,86868,2806,143
2026-03-22,CAM002,Email,20174.3,137899,10698,1172
2026-03-22,CAM003,Paid Search,58575.22,186760,10662,720
2026-03-22,CAM004,Display,41352.37,227424,5140,191
2026-03-22,CAM005,Affiliate,28667.53,112749,4072,243
2026-03-22,CAM006,Paid Search,45519.43,150035,8519,575
2026-03-22,CAM007,Display,31541.76,149151,3661,119
2026-03-22,CAM008,Paid Search,43864.91,146913,7461,599
2026-03-22,CAM009,Affiliate,30896.57,127906,4384,254
2026-03-22,CAM010,Email,20203.74,129650,10452,1038
2026-03-22,CAM011,Affiliate,28424.93,97498,3649,206
2026-03-22,CAM012,Email,18908.69,147602,12958,1387
2026-03-22,CAM013,Affiliate,27037.52,117645,4212,249
2026-03-22,CAM014,Paid Social,77253.19,346090,13260,796
2026-03-22,CAM015,Paid Search,49638.39,149483,7736,553
2026-03-22,CAM016,Paid Search,54109.52,169863,8603,672
2026-03-22,CAM017,Paid Social,59177.98,248548,9478,538
2026-03-22,CAM018,Email,20176.39,133649,11745,1268
2026-03-22,CAM019,Paid Search,55000.59,188319,11173,920
2026-03-22,CAM020,Paid Social,61323.83,311682,13232,764
2026-03-22,CAM021,Paid Search,57676.76,224213,12722,998
2026-03-22,CAM022,Display,37412.58,193377,4571,171
2026-03-22,CAM023,Email,16389.92,101332,7731,785
2026-03-22,CAM024,Display,31411.63,169404,4058,138
2026-03-22,CAM025,Email,16272.79,102708,8857,912
2026-03-22,CAM026,Paid Social,61019.54,272710,10989,638
2026-03-22,CAM027,Email,19354.6,137879,11365,1224
2026-03-22,CAM028,Email,16582.93,120663,10275,1001
2026-03-22,CAM029,Paid Social,71265.47,297754,12150,661
2026-03-22,CAM030,Email,20373.58,158421,11723,1286
2026-03-22,CAM031,Paid Search,58876.36,207568,11658,915
2026-03-22,CAM032,Affiliate,22010.18,85103,2753,153
2026-03-22,CAM033,Paid Social,65918.24,278558,12485,682
2026-03-22,CAM034,Affiliate,23885.08,92265,3469,206
2026-03-22,CAM035,Paid Social,66783.19,314245,13164,744
2026-03-22,CAM036,Paid Social,58284.78,249990,10262,556
2026-03-22,CAM037,Display,35534.48,190757,4451,158
2026-03-22,CAM038,Display,41822.96,184024,4886,174
2026-03-22,CAM039,Email,19649.66,118752,9886,943
2026-03-22,CAM040,Affiliate,24139.08,104483,3471,194
2026-03-22,CAM041,Paid Social,63455.72,322993,13238,848
2026-03-22,CAM042,Email,17024.34,121391,9128,823
2026-03-22,CAM043,Paid Search,48033.86,179728,10180,768
2026-03-22,CAM044,Paid Social,77163.09,366557,15632,1030
2026-03-23,CAM001,Affiliate,23899.79,105284,3783,199
2026-03-23,CAM002,Email,15249.22,102932,7825,793
2026-03-23,CAM003,Paid Search,53656.02,177578,10582,864
2026-03-23,CAM004,Display,24787.02,123482,2802,100
2026-03-23,CAM005,Affiliate,23539.68,84735,2898,155
2026-03-23,CAM006,Paid Search,61700.22,186216,10131,740
2026-03-23,CAM007,Display,36843.47,181507,4286,153
2026-03-23,CAM008,Paid Search,49476.23,180612,9347,677
2026-03-23,CAM009,Affiliate,22918.28,90825,2870,142
2026-03-23,CAM010,Email,18634.09,137027,9976,911
2026-03-23,CAM011,Affiliate,24628.65,108415,3754,188
2026-03-23,CAM012,Email,16783.31,105204,9241,940
2026-03-23,CAM013,Affiliate,29715.71,131763,4526,242
2026-03-23,CAM014,Paid Social,50986.01,235123,9047,549
2026-03-23,CAM015,Paid Search,55278.71,198569,11684,953
2026-03-23,CAM016,Paid Search,62167.88,237237,14305,1170
2026-03-23,CAM017,Paid Social,57001.48,228092,9871,640
2026-03-23,CAM018,Email,20875.61,149113,11324,1093
2026-03-23,CAM019,Paid Search,42567.69,162048,8119,584
2026-03-23,CAM020,Paid Social,65921.57,336639,13091,754
2026-03-23,CAM021,Paid Search,55439.48,194081,10446,818
2026-03-23,CAM022,Display,34613.13,190987,4537,147
2026-03-23,CAM023,Email,18438.12,135298,10675,1079
2026-03-23,CAM024,Display,36208.59,163874,4245,136
2026-03-23,CAM025,Email,18874.91,133330,10059,1077
2026-03-23,CAM026,Paid Social,56879.34,245219,9865,568
2026-03-23,CAM027,Email,16568.6,122767,9944,931
2026-03-23,CAM028,Email,19822.41,146531,11708,1100
2026-03-23,CAM029,Paid Social,74177.34,312426,14164,832
2026-03-23,CAM030,Email,14339.85,93174,7511,733
2026-03-23,CAM031,Paid Search,63631.65,213906,11106,816
2026-03-23,CAM032,Affiliate,23999.85,94439,3112,167
2026-03-23,CAM033,Paid Social,63141.53,291326,12484,728
2026-03-23,CAM034,Affiliate,32210.41,109795,3887,219
2026-03-23,CAM035,Paid Social,68402.77,303678,12041,725
2026-03-23,CAM036,Paid Social,73312.97,354121,14099,873
2026-03-23,CAM037,Display,35079.18,160441,3874,140
2026-03-23,CAM038,Display,32940.1,182025,4890,157
2026-03-23,CAM039,Email,21656.15,146629,12449,1297
2026-03-23,CAM040,Affiliate,26733.71,115019,4197,239
2026-03-23,CAM041,Paid Social,50168.86,258718,11142,710
2026-03-23,CAM042,Email,14497.09,95889,7794,730
2026-03-23,CAM043,Paid Search,51951.23,171671,9894,711
2026-03-23,CAM044,Paid Social,82072.8,377998,16940,954
2026-03-24,CAM001,Affiliate,27931.34,117788,3720,197
2026-03-24,CAM002,Email,19440.37,150935,12328,1130
2026-03-24,CAM003,Paid Search,56046.45,207465,12367,927
2026-03-24,CAM004,Display,33825.68,153124,3447,109
2026-03-24,CAM005,Affiliate,29240.83,110895,3812,202
2026-03-24,CAM006,Paid Search,57422.23,226984,11552,829
2026-03-24,CAM007,Display,31546.28,166504,4027,133
2026-03-24,CAM008,Paid Search,54150.37,194020,10645,829
2026-03-24,CAM009,Affiliate,26720.6,110737,4106,234
2026-03-24,CAM010,Email,18696.48,118970,8757,927
2026-03-24,CAM011,Affiliate,24692.09,108182,3602,197
2026-03-24,CAM012,Email,19076.7,121994,9856,940
2026-03-24,CAM013,Affiliate,28070.53,123113,4475,226
2026-03-24,CAM014,Paid Social,56174.31,243075,10500,654
2026-03-24,CAM015,Paid Search,47025.59,151754,7973,563
2026-03-24,CAM016,Paid Search,52940.01,212664,11776,855
2026-03-24,CAM017,Paid Social,59987.33,307590,12787,835
2026-03-24,CAM018,Email,16727.03,128171,9904,1017
2026-03-24,CAM019,Paid Search,62297.61,193998,11393,821
2026-03-24,CAM020,Paid Social,75106.19,293181,11491,714
2026-03-24,CAM021,Paid Search,45377.19,167416,8994,647
2026-03-24,CAM022,Display,31794.84,150139,3890,141
2026-03-24,CAM023,Email,18866.36,119617,8777,791
2026-03-24,CAM024,Display,46652.23,263141,6067,233
2026-03-24,CAM025,Email,16982.36,113594,9510,1026
2026-03-24,CAM026,Paid Social,74813.66,337923,15595,1021
2026-03-24,CAM027,Email,18214.46,134944,10190,983
2026-03-24,CAM028,Email,17426.6,103833,8277,815
2026-03-24,CAM029,Paid Social,63812.6,308589,13147,756
2026-03-24,CAM030,Email,20540.14,125824,9661,1006
2026-03-24,CAM031,Paid Search,59377.57,195213,10943,775
2026-03-24,CAM032,Affiliate,22318.0,81647,2648,145
2026-03-24,CAM033,Paid Social,81185.98,324877,14608,849
2026-03-24,CAM034,Affiliate,19933.22,87689,3166,175
2026-03-24,CAM035,Paid Social,61296.78,303202,13381,781
2026-03-24,CAM036,Paid Social,70261.09,314856,13056,812
2026-03-24,CAM037,Display,38363.32,205383,5409,187
2026-03-24,CAM038,Display,35831.85,164072,4410,155
2026-03-24,CAM039,Email,18976.75,134792,9813,1056
2026-03-24,CAM040,Affiliate,28272.49,114050,3849,208
2026-03-24,CAM041,Paid Social,61840.26,262807,11314,701
2026-03-24,CAM042,Email,20273.75,128077,10919,1141
2026-03-24,CAM043,Paid Search,53287.93,190193,10207,700
2026-03-24,CAM044,Paid Social,75467.04,290365,12300,753
2026-03-25,CAM001,Affiliate,22061.61,83036,2668,141
2026-03-25,CAM002,Email,20686.46,127761,10838,1077
2026-03-25,CAM003,Paid Search,54146.79,173317,9676,678
2026-03-25,CAM004,Display,40704.96,220628,5046,189
2026-03-25,CAM005,Affiliate,25095.91,94967,3013,154
2026-03-25,CAM006,Paid Search,56808.99,186154,10008,709
2026-03-25,CAM007,Display,36426.58,199995,4686,174
2026-03-25,CAM008,Paid Search,51824.07,203492,11254,857
2026-03-25,CAM009,Affiliate,25426.79,97454,3519,185
2026-03-25,CAM010,Email,17148.65,106398,9228,860
2026-03-25,CAM011,Affiliate,27033.54,121150,4499,241
2026-03-25,CAM012,Email,20178.83,154101,12344,1228
2026-03-25,CAM013,Affiliate,26834.8,93338,3120,155
2026-03-25,CAM014,Paid Social,63151.36,309806,13620,833
2026-03-25,CAM015,Paid Search,46579.51,156197,9125,616
2026-03-25,CAM016,Paid Search,41201.25,132536,7655,579
2026-03-25,CAM017,Paid Social,70411.69,304379,11650,725
2026-03-25,CAM018,Email,20280.56,143782,10705,1175
2026-03-25,CAM019,Paid Search,53076.14,186861,10178,730
2026-03-25,CAM020,Paid Social,61291.11,277522,11171,629
2026-03-25,CAM021,Paid Search,63191.02,209354,10513,744
2026-03-25,CAM022,Display,35453.64,190310,5136,196
2026-03-25,CAM023,Email,18230.31,119167,9608,1044
2026-03-25,CAM024,Display,38339.14,216676,5394,192
2026-03-25,CAM025,Email,19226.89,148564,12709,1338
2026-03-25,CAM026,Paid Social,57530.85,230124,8793,490
2026-03-25,CAM027,Email,17950.73,107370,8264,785
2026-03-25,CAM028,Email,14940.78,96651,7660,711
2026-03-25,CAM029,Paid Social,54912.99,233313,9280,535
2026-03-25,CAM030,Email,16435.86,117246,8520,773
2026-03-25,CAM031,Paid Search,66835.17,205015,11955,933
2026-03-25,CAM032,Affiliate,25337.67,100375,3493,206
2026-03-25,CAM033,Paid Social,69791.15,269968,11790,768
2026-03-25,CAM034,Affiliate,21602.48,93394,3330,184
2026-03-25,CAM035,Paid Social,65398.51,318229,13558,856
2026-03-25,CAM036,Paid Social,60407.01,260608,10198,617
2026-03-25,CAM037,Display,32695.47,148615,3619,117
2026-03-25,CAM038,Display,33305.35,157766,4221,150
2026-03-25,CAM039,Email,16085.4,98844,7591,695
2026-03-25,CAM040,Affiliate,26896.67,97095,3247,165
2026-03-25,CAM041,Paid Social,57729.49,261463,11098,675
2026-03-25,CAM042,Email,15359.68,123000,9603,987
2026-03-25,CAM043,Paid Search,57267.41,221950,12475,867
2026-03-25,CAM044,Paid Social,80669.22,394152,15895,866
2026-03-26,CAM001,Affiliate,23179.1,85480,2738,139
2026-03-26,CAM002,Email,20128.08,149695,12098,1274
2026-03-26,CAM003,Paid Search,58318.48,190913,10663,746
2026-03-26,CAM004,Display,33434.75,161877,4218,135
2026-03-26,CAM005,Affiliate,29670.51,114267,3770,223
2026-03-26,CAM006,Paid Search,53754.32,178085,9850,744
2026-03-26,CAM007,Display,32046.85,160576,3858,145
2026-03-26,CAM008,Paid Search,52817.44,162186,8517,591
2026-03-26,CAM009,Affiliate,22018.49,75979,2526,128
2026-03-26,CAM010,Email,18012.44,127245,9379,1019
2026-03-26,CAM011,Affiliate,27869.36,110247,3873,204
2026-03-26,CAM012,Email,15409.44,107739,8990,841
2026-03-26,CAM013,Affiliate,21299.33,76943,2923,149
2026-03-26,CAM014,Paid Social,56199.46,243753,11184,643
2026-03-26,CAM015,Paid Search,54819.6,220473,12652,912
2026-03-26,CAM016,Paid Search,44487.33,134883,7572,527
2026-03-26,CAM017,Paid Social,44363.18,191646,7610,473
2026-03-26,CAM018,Email,15494.35,116130,9781,1005
2026-03-26,CAM019,Paid Search,52518.74,192098,10606,740
2026-03-26,CAM020,Paid Social,59890.44,269786,10210,558
2026-03-26,CAM021,Paid Search,60407.45,221283,11703,869
2026-03-26,CAM022,Display,25883.14,125975,3116,98
2026-03-26,CAM023,Email,16243.17,97802,8238,780
2026-03-26,CAM024,Display,33315.63,177653,4826,167
2026-03-26,CAM025,Email,15770.63,114635,8703,844
2026-03-26,CAM026,Paid Social,58233.97,236089,10703,635
2026-03-26,CAM027,Email,18652.2,126864,11012,1177
2026-03-26,CAM028,Email,19548.43,156922,13716,1319
2026-03-26,CAM029,Paid Social,66546.59,271691,11507,733
2026-03-26,CAM030,Email,14181.76,113800,8710,889
2026-03-26,CAM031,Paid Search,54829.87,194169,10236,843
2026-03-26,CAM032,Affiliate,24731.92,102613,3914,209
2026-03-26,CAM033,Paid Social,56515.92,292257,11772,735
2026-03-26,CAM034,Affiliate,18878.18,84774,2734,163
2026-03-26,CAM035,Paid Social,79540.01,346352,13755,844
2026-03-26,CAM036,Paid Social,56568.45,266124,11815,744
2026-03-26,CAM037,Display,30864.92,157180,4045,134
2026-03-26,CAM038,Display,31168.35,171793,4636,169
2026-03-26,CAM039,Email,20006.99,160059,12047,1246
2026-03-26,CAM040,Affiliate,25850.55,117615,3923,222
2026-03-26,CAM041,Paid Social,51560.68,238880,9632,556
2026-03-26,CAM042,Email,14493.37,110254,8427,799
2026-03-26,CAM043,Paid Search,61695.43,208261,10696,762
2026-03-26,CAM044,Paid Social,73328.94,280494,11565,664
2026-03-27,CAM001,Affiliate,34755.76,133394,4577,247
2026-03-27,CAM002,Email,16729.07,119578,8741,954
2026-03-27,CAM003,Paid Search,53253.98,158546,9258,760
2026-03-27,CAM004,Display,34731.88,164843,4278,147
2026-03-27,CAM005,Affiliate,24962.79,94773,3603,181
2026-03-27,CAM006,Paid Search,66770.93,265250,15999,1101
2026-03-27,CAM007,Display,35134.98,171203,4631,156
2026-03-27,CAM008,Paid Search,56527.51,224412,12496,1030
2026-03-27,CAM009,Affiliate,25943.0,90485,2999,152
2026-03-27,CAM010,Email,18426.95,123740,8942,974
2026-03-27,CAM011,Affiliate,25696.81,88604,2988,156
2026-03-27,CAM012,Email,21850.19,170229,14392,1576
2026-03-27,CAM013,Affiliate,23948.6,109594,4160,224
2026-03-27,CAM014,Paid Social,61919.17,294569,13184,739
2026-03-27,CAM015,Paid Search,45535.74,182462,9106,644
2026-03-27,CAM016,Paid Search,56500.17,194401,9629,683
2026-03-27,CAM017,Paid Social,64545.87,296319,11706,727
2026-03-27,CAM018,Email,17369.86,123359,9970,1071
2026-03-27,CAM019,Paid Search,57841.07,207889,12537,916
2026-03-27,CAM020,Paid Social,67306.35,322956,13029,767
2026-03-27,CAM021,Paid Search,55504.63,218447,11912,876
2026-03-27,CAM022,Display,31880.37,165055,4147,143
2026-03-27,CAM023,Email,18110.02,134638,10106,1078
2026-03-27,CAM024,Display,32892.99,169772,3826,140
2026-03-27,CAM025,Email,17462.7,119411,8791,879
2026-03-27,CAM026,Paid Social,71561.27,357714,14492,798
2026-03-27,CAM027,Email,16189.37,100108,8444,810
2026-03-27,CAM028,Email,16080.67,100206,8671,936
2026-03-27,CAM029,Paid Social,62773.88,324293,14917,924
2026-03-27,CAM030,Email,18864.63,119146,10164,1024
2026-03-27,CAM031,Paid Search,60167.34,208917,11326,883
2026-03-27,CAM032,Affiliate,19771.51,79200,2795,150
2026-03-27,CAM033,Paid Social,67376.15,289722,12637,754
2026-03-27,CAM034,Affiliate,27693.39,103516,3787,188
2026-03-27,CAM035,Paid Social,75055.65,386098,15672,872
2026-03-27,CAM036,Paid Social,69637.65,330818,13647,828
2026-03-27,CAM037,Display,39302.7,194377,4391,158
2026-03-27,CAM038,Display,38280.37,187213,4519,144
2026-03-27,CAM039,Email,15090.55,119711,9691,912
2026-03-27,CAM040,Affiliate,23114.02,105785,3719,217
2026-03-27,CAM041,Paid Social,64203.11,298550,13781,866
2026-03-27,CAM042,Email,15766.52,124468,9054,900
2026-03-27,CAM043,Paid Search,51852.58,171532,10237,750
2026-03-27,CAM044,Paid Social,59787.72,284603,11641,671
2026-03-28,CAM001,Affiliate,28943.04,123465,3907,226
2026-03-28,CAM002,Email,15601.43,111290,8148,770
2026-03-28,CAM003,Paid Search,56949.96,191913,10592,868
2026-03-28,CAM004,Display,32553.72,144326,3927,130
2026-03-28,CAM005,Affiliate,25551.58,112282,3875,195
2026-03-28,CAM006,Paid Search,55504.35,204776,11046,829
2026-03-28,CAM007,Display,39885.64,184204,4300,157
2026-03-28,CAM008,Paid Search,51710.49,168718,10045,756
2026-03-28,CAM009,Affiliate,24953.99,109089,3805,202
2026-03-28,CAM010,Email,20341.21,149466,11948,1274
2026-03-28,CAM011,Affiliate,26738.02,103998,3769,188
2026-03-28,CAM012,Email,20786.45,139494,10160,1070
2026-03-28,CAM013,Affiliate,25175.01,114032,4214,225
2026-03-28,CAM014,Paid Social,55569.16,266970,11473,749
2026-03-28,CAM015,Paid Search,56476.84,205272,10386,747
2026-03-28,CAM016,Paid Search,59690.91,228088,11869,975
2026-03-28,CAM017,Paid Social,69243.04,301638,13840,911
2026-03-28,CAM018,Email,20169.11,146691,11996,1186
2026-03-28,CAM019,Paid Search,46461.67,151282,8121,572
2026-03-28,CAM020,Paid Social,63789.83,305464,13566,870
2026-03-28,CAM021,Paid Search,59560.46,219924,12737,1047
2026-03-28,CAM022,Display,39160.98,167155,4467,160
2026-03-28,CAM023,Email,15096.46,96078,8443,926
2026-03-28,CAM024,Display,31129.91,140859,3595,126
2026-03-28,CAM025,Email,20951.79,157442,12745,1172
2026-03-28,CAM026,Paid Social,69392.76,353678,14368,894
2026-03-28,CAM027,Email,17789.82,120022,8840,887
2026-03-28,CAM028,Email,19897.78,118688,9731,1050
2026-03-28,CAM029,Paid Social,69743.78,353048,13647,822
2026-03-28,CAM030,Email,16595.15,110410,9474,873
2026-03-28,CAM031,Paid Search,57768.97,218713,11228,900
2026-03-28,CAM032,Affiliate,20344.4,81839,2994,162
2026-03-28,CAM033,Paid Social,64069.89,254784,11633,711
2026-03-28,CAM034,Affiliate,24927.75,105429,3783,194
2026-03-28,CAM035,Paid Social,53270.96,255425,11340,718
2026-03-28,CAM036,Paid Social,52586.76,239950,10986,703
2026-03-28,CAM037,Display,43812.38,187910,4500,153
2026-03-28,CAM038,Display,37319.17,203095,5157,173
2026-03-28,CAM039,Email,18456.63,120005,10164,980
2026-03-28,CAM040,Affiliate,29811.73,105704,3665,206
2026-03-28,CAM041,Paid Social,68687.04,304223,11630,697
2026-03-28,CAM042,Email,16943.49,108800,8036,823
2026-03-28,CAM043,Paid Search,52921.07,204746,12164,824
2026-03-28,CAM044,Paid Social,63095.08,307089,14120,875
2026-03-29,CAM001,Affiliate,24187.58,92913,3395,182
2026-03-29,CAM002,Email,17720.33,108461,9501,982
2026-03-29,CAM003,Paid Search,47325.31,174384,9773,787
2026-03-29,CAM004,Display,30542.27,168601,4502,149
2026-03-29,CAM005,Affiliate,24862.06,88882,3265,176
2026-03-29,CAM006,Paid Search,55002.93,169709,9876,694
2026-03-29,CAM007,Display,32625.0,163183,4234,149
2026-03-29,CAM008,Paid Search,59159.07,178804,9447,699
2026-03-29,CAM009,Affiliate,22364.66,93493,3219,176
2026-03-29,CAM010,Email,19047.53,123651,9486,935
2026-03-29,CAM011,Affiliate,26047.68,105765,4000,203
2026-03-29,CAM012,Email,18773.43,140152,10622,1143
2026-03-29,CAM013,Affiliate,28279.28,103687,3389,179
2026-03-29,CAM014,Paid Social,69108.81,279365,12661,810
2026-03-29,CAM015,Paid Search,49813.02,194669,10542,860
2026-03-29,CAM016,Paid Search,51888.45,205461,11747,963
2026-03-29,CAM017,Paid Social,58561.24,239869,10203,595
2026-03-29,CAM018,Email,16908.66,102804,8253,884
2026-03-29,CAM019,Paid Search,58507.31,214875,11250,842
2026-03-29,CAM020,Paid Social,60019.28,241713,10273,665
2026-03-29,CAM021,Paid Search,51730.73,195428,11337,858
2026-03-29,CAM022,Display,41358.28,201240,4662,168
2026-03-29,CAM023,Email,17528.98,132923,11384,1099
2026-03-29,CAM024,Display,36564.01,191874,4831,180
2026-03-29,CAM025,Email,17857.4,137388,10837,1036
2026-03-29,CAM026,Paid Social,77904.26,384183,17473,971
2026-03-29,CAM027,Email,14613.3,110393,9580,949
2026-03-29,CAM028,Email,20481.86,124821,10395,1014
2026-03-29,CAM029,Paid Social,63014.8,263731,10170,666
2026-03-29,CAM030,Email,17260.78,116001,10183,990
2026-03-29,CAM031,Paid Search,41489.15,158247,8489,631
2026-03-29,CAM032,Affiliate,24588.48,87855,2920,158
2026-03-29,CAM033,Paid Social,63250.76,248721,9834,584
2026-03-29,CAM034,Affiliate,23229.56,82916,3014,175
2026-03-29,CAM035,Paid Social,69587.24,310716,13681,807
2026-03-29,CAM036,Paid Social,66192.33,281556,11171,708
2026-03-29,CAM037,Display,34653.41,165219,4063,152
2026-03-29,CAM038,Display,29718.63,149957,3394,119
2026-03-29,CAM039,Email,20048.38,148868,12108,1201
2026-03-29,CAM040,Affiliate,26435.99,93609,3409,204
2026-03-29,CAM041,Paid Social,74741.08,335126,14843,859
2026-03-29,CAM042,Email,16396.2,104816,8114,879
2026-03-29,CAM043,Paid Search,57169.91,198509,10606,808
2026-03-29,CAM044,Paid Social,71597.06,338104,14282,825
2026-03-30,CAM001,Affiliate,26509.28,120035,4502,269
2026-03-30,CAM002,Email,20138.94,139130,10132,1074
2026-03-30,CAM003,Paid Search,56595.14,176958,10338,723
2026-03-30,CAM004,Display,39324.02,175363,4404,162
2026-03-30,CAM005,Affiliate,29472.1,131170,4508,270
2026-03-30,CAM006,Paid Search,59301.89,188473,9833,717
2026-03-30,CAM007,Display,34519.82,168547,3802,122
2026-03-30,CAM008,Paid Search,48000.72,184738,10676,830
2026-03-30,CAM009,Affiliate,20389.73,70182,2340,140
2026-03-30,CAM010,Email,19604.97,147618,11978,1208
2026-03-30,CAM011,Affiliate,23613.31,91717,3316,169
2026-03-30,CAM012,Email,20575.8,165279,12073,1217
2026-03-30,CAM013,Affiliate,29492.82,120920,4570,264
2026-03-30,CAM014,Paid Social,68053.28,271028,10943,695
2026-03-30,CAM015,Paid Search,54722.98,166596,9585,747
2026-03-30,CAM016,Paid Search,44547.05,176754,9312,681
2026-03-30,CAM017,Paid Social,65610.72,278050,12738,837
2026-03-30,CAM018,Email,17774.48,141603,12278,1292
2026-03-30,CAM019,Paid Search,60360.4,198251,10213,799
2026-03-30,CAM020,Paid Social,69666.39,308949,13324,821
2026-03-30,CAM021,Paid Search,58193.23,178617,10145,746
2026-03-30,CAM022,Display,36002.87,193117,4794,151
2026-03-30,CAM023,Email,14744.47,93549,7403,722
2026-03-30,CAM024,Display,35546.91,175346,4347,156
2026-03-30,CAM025,Email,20020.92,133462,10560,1072
2026-03-30,CAM026,Paid Social,57052.19,274315,12035,776
2026-03-30,CAM027,Email,17983.25,109989,9022,971
2026-03-30,CAM028,Email,21223.53,166946,12075,1170
2026-03-30,CAM029,Paid Social,63701.81,326470,13608,794
2026-03-30,CAM030,Email,18242.39,116234,9868,1009
2026-03-30,CAM031,Paid Search,60877.53,215240,11355,846
2026-03-30,CAM032,Affiliate,24518.01,106186,4081,246
2026-03-30,CAM033,Paid Social,75158.39,370420,14203,921
2026-03-30,CAM034,Affiliate,28286.39,118233,4389,250
2026-03-30,CAM035,Paid Social,63752.36,320218,13551,850
2026-03-30,CAM036,Paid Social,65840.56,317514,14612,858
2026-03-30,CAM037,Display,32925.16,185227,5078,192
2026-03-30,CAM038,Display,35389.62,157103,3586,135
2026-03-30,CAM039,Email,19968.46,121214,9276,990
2026-03-30,CAM040,Affiliate,22965.05,81968,3076,183
2026-03-30,CAM041,Paid Social,69123.95,320263,13572,788
2026-03-30,CAM042,Email,20824.15,157121,12555,1214
2026-03-30,CAM043,Paid Search,58694.48,208522,12164,884
2026-03-30,CAM044,Paid Social,52499.02,254096,11491,676
2026-03-31,CAM001,Affiliate,23111.75,103015,3885,201
2026-03-31,CAM002,Email,19708.16,129218,11127,1164
2026-03-31,CAM003,Paid Search,55390.62,204595,11014,790
2026-03-31,CAM004,Display,42228.95,203568,5001,169
2026-03-31,CAM005,Affiliate,29384.71,117637,3916,209
2026-03-31,CAM006,Paid Search,53574.71,209704,11182,764
2026-03-31,CAM007,Display,31802.96,152655,3670,130
2026-03-31,CAM008,Paid Search,54532.64,177732,9203,751
2026-03-31,CAM009,Affiliate,29234.72,126549,4520,270
2026-03-31,CAM010,Email,17351.72,109424,8900,885
2026-03-31,CAM011,Affiliate,23415.92,81225,2923,174
2026-03-31,CAM012,Email,16539.05,125224,10983,1063
2026-03-31,CAM013,Affiliate,26672.67,118658,4108,205
2026-03-31,CAM014,Paid Social,72051.76,336736,14083,920
2026-03-31,CAM015,Paid Search,55734.69,173232,10242,820
2026-03-31,CAM016,Paid Search,53778.35,184027,11122,909
2026-03-31,CAM017,Paid Social,72151.82,301091,13060,831
2026-03-31,CAM018,Email,18242.76,135419,9803,964
2026-03-31,CAM019,Paid Search,45391.51,149255,8481,656
2026-03-31,CAM020,Paid Social,70348.34,319582,14156,909
2026-03-31,CAM021,Paid Search,61378.68,201746,11811,836
2026-03-31,CAM022,Display,35919.96,185814,4408,165
2026-03-31,CAM023,Email,19791.62,155920,13478,1331
2026-03-31,CAM024,Display,35825.56,159464,4026,139
2026-03-31,CAM025,Email,20261.11,142216,11873,1239
2026-03-31,CAM026,Paid Social,67782.18,302768,13614,850
2026-03-31,CAM027,Email,21225.69,159120,11515,1089
2026-03-31,CAM028,Email,14644.38,113070,9434,876
2026-03-31,CAM029,Paid Social,75423.9,328120,13805,826
2026-03-31,CAM030,Email,19787.6,134206,9794,893
2026-03-31,CAM031,Paid Search,45972.8,147305,8248,600
2026-03-31,CAM032,Affiliate,27345.45,109246,3491,200
2026-03-31,CAM033,Paid Social,62430.71,261911,11444,653
2026-03-31,CAM034,Affiliate,28441.34,107906,3910,212
2026-03-31,CAM035,Paid Social,56135.76,277839,12247,756
2026-03-31,CAM036,Paid Social,75615.74,369816,15397,945
2026-03-31,CAM037,Display,39401.06,218296,5407,180
2026-03-31,CAM038,Display,35108.16,180962,4961,169
2026-03-31,CAM039,Email,21054.19,135563,11690,1115
2026-03-31,CAM040,Affiliate,23669.89,99220,3330,181
2026-03-31,CAM041,Paid Social,63519.89,277386,12627,739
2026-03-31,CAM042,Email,21008.42,125109,9752,907
2026-03-31,CAM043,Paid Search,53330.61,193244,9590,663
2026-03-31,CAM044,Paid Social,65065.42,266473,10657,607
2026-04-01,CAM001,Affiliate,24596.29,111910,3587,211
2026-04-01,CAM002,Email,17650.23,126129,9848,960
2026-04-01,CAM003,Paid Search,59284.1,227292,11961,961
2026-04-01,CAM004,Display,43099.95,224003,6109,195
2026-04-01,CAM005,Affiliate,27461.11,107773,3679,182
2026-04-01,CAM006,Paid Search,62071.87,246278,12515,880
2026-04-01,CAM007,Display,35894.83,179864,4519,170
2026-04-01,CAM008,Paid Search,61227.3,244403,13156,1019
2026-04-01,CAM009,Affiliate,19976.13,90337,2895,148
2026-04-01,CAM010,Email,23593.78,151094,12186,1133
2026-04-01,CAM011,Affiliate,33815.52,147395,5261,309
2026-04-01,CAM012,Email,22325.49,176651,14299,1441
2026-04-01,CAM013,Affiliate,30113.76,115205,4198,246
2026-04-01,CAM014,Paid Social,57405.44,242859,10968,652
2026-04-01,CAM015,Paid Search,67259.93,230966,13115,1014
2026-04-01,CAM016,Paid Search,55942.08,183402,10936,781
2026-04-01,CAM017,Paid Social,56108.69,241848,10910,621
2026-04-01,CAM018,Email,19582.42,129714,10029,1031
2026-04-01,CAM019,Paid Search,63205.89,240694,14537,1187
2026-04-01,CAM020,Paid Social,53141.39,216824,9824,552
2026-04-01,CAM021,Paid Search,49075.06,196578,11086,762
2026-04-01,CAM022,Display,28737.94,160989,4235,150
2026-04-01,CAM023,Email,22227.27,143603,12266,1247
2026-04-01,CAM024,Display,33181.78,165724,4047,147
2026-04-01,CAM025,Email,18356.56,114149,9650,1047
2026-04-01,CAM026,Paid Social,48963.56,201629,7714,496
2026-04-01,CAM027,Email,20580.28,138371,10302,1073
2026-04-01,CAM028,Email,17805.63,140677,10366,971
2026-04-01,CAM029,Paid Social,74582.46,339252,14397,877
2026-04-01,CAM030,Email,18534.24,147796,11054,1091
2026-04-01,CAM031,Paid Search,47390.29,151117,8248,557
2026-04-01,CAM032,Affiliate,27252.26,96686,3322,173
2026-04-01,CAM033,Paid Social,64881.63,262597,10099,552
2026-04-01,CAM034,Affiliate,25350.33,95407,3599,207
2026-04-01,CAM035,Paid Social,76988.4,310260,12408,793
2026-04-01,CAM036,Paid Social,55146.77,245390,10078,617
2026-04-01,CAM037,Display,21733.01,106673,2545,90
2026-04-01,CAM038,Display,35438.89,198516,5252,178
2026-04-01,CAM039,Email,21343.31,170311,14923,1447
2026-04-01,CAM040,Affiliate,28321.77,127614,4799,260
2026-04-01,CAM041,Paid Social,66371.23,309368,11891,709
2026-04-01,CAM042,Email,18971.61,139239,11909,1150
2026-04-01,CAM043,Paid Search,44827.68,139356,7943,564
2026-04-01,CAM044,Paid Social,68201.12,281683,11841,763
2026-04-02,CAM001,Affiliate,23361.17,98496,3136,172
2026-04-02,CAM002,Email,18784.84,134536,10320,1065
2026-04-02,CAM003,Paid Search,47411.98,167915,9745,740
2026-04-02,CAM004,Display,32440.06,169644,4328,164
2026-04-02,CAM005,Affiliate,17445.86,76219,2406,131
2026-04-02,CAM006,Paid Search,45158.72,144135,7891,614
2026-04-02,CAM007,Display,37065.29,161899,3760,126
2026-04-02,CAM008,Paid Search,53460.8,198837,11746,833
2026-04-02,CAM009,Affiliate,23969.27,88530,3218,187
2026-04-02,CAM010,Email,18705.04,143788,11223,1220
2026-04-02,CAM011,Affiliate,26076.95,104059,3329,191
2026-04-02,CAM012,Email,19722.38,152327,11672,1267
2026-04-02,CAM013,Affiliate,24517.14,91424,3369,201
2026-04-02,CAM014,Paid Social,61432.69,300007,13692,784
2026-04-02,CAM015,Paid Search,56202.3,219722,11778,889
2026-04-02,CAM016,Paid Search,54800.68,192530,9837,789
2026-04-02,CAM017,Paid Social,63076.29,316432,12149,771
2026-04-02,CAM018,Email,20063.41,121103,8730,854
2026-04-02,CAM019,Paid Search,63482.16,190165,9965,787
2026-04-02,CAM020,Paid Social,57919.13,272893,11553,711
2026-04-02,CAM021,Paid Search,56093.18,179469,9868,709
2026-04-02,CAM022,Display,31672.37,174282,4157,141
2026-04-02,CAM023,Email,18754.63,140071,12065,1195
2026-04-02,CAM024,Display,34717.87,162777,4423,167
2026-04-02,CAM025,Email,19008.87,149588,11995,1256
2026-04-02,CAM026,Paid Social,64026.45,310741,13903,783
2026-04-02,CAM027,Email,20501.92,148306,10833,1052
2026-04-02,CAM028,Email,17368.74,138108,10834,1061
2026-04-02,CAM029,Paid Social,63087.52,249993,9648,529
2026-04-02,CAM030,Email,15968.68,104968,7977,799
2026-04-02,CAM031,Paid Search,62343.14,186051,10175,765
2026-04-02,CAM032,Affiliate,25107.79,110689,3687,195
2026-04-02,CAM033,Paid Social,66531.57,296891,13612,892
2026-04-02,CAM034,Affiliate,29253.97,107080,3757,202
2026-04-02,CAM035,Paid Social,70896.31,272214,10779,654
2026-04-02,CAM036,Paid Social,48248.35,229597,10568,653
2026-04-02,CAM037,Display,33330.09,156185,3896,149
2026-04-02,CAM038,Display,39176.28,182000,4812,181
2026-04-02,CAM039,Email,17925.9,139280,10409,1000
2026-04-02,CAM040,Affiliate,19009.24,73310,2441,133
2026-04-02,CAM041,Paid Social,49331.14,250879,11431,717
2026-04-02,CAM042,Email,19686.1,147991,11217,1130
2026-04-02,CAM043,Paid Search,49213.07,176111,9833,731
2026-04-02,CAM044,Paid Social,53791.46,206652,8254,464
2026-04-03,CAM001,Affiliate,27740.98,98689,3536,213
2026-04-03,CAM002,Email,17659.67,107965,8070,808
2026-04-03,CAM003,Paid Search,54558.73,206385,10410,755
2026-04-03,CAM004,Display,35511.9,153864,4079,138
2026-04-03,CAM005,Affiliate,27203.57,92797,3335,176
2026-04-03,CAM006,Paid Search,48011.47,160388,9382,677
2026-04-03,CAM007,Display,32169.0,157282,4122,156
2026-04-03,CAM008,Paid Search,58005.61,174421,8702,626
2026-04-03,CAM009,Affiliate,26427.61,94906,3016,153
2026-04-03,CAM010,Email,18811.41,131755,9834,1031
2026-04-03,CAM011,Affiliate,23472.77,80888,2578,134
2026-04-03,CAM012,Email,16144.91,115207,8325,832
2026-04-03,CAM013,Affiliate,26666.63,109895,3637,218
2026-04-03,CAM014,Paid Social,70815.7,272175,10550,592
2026-04-03,CAM015,Paid Search,64619.63,202934,10762,878
2026-04-03,CAM016,Paid Search,54193.0,198926,11130,908
2026-04-03,CAM017,Paid Social,74096.6,288205,11470,638
2026-04-03,CAM018,Email,18216.26,136067,9989,906
2026-04-03,CAM019,Paid Search,44543.38,154214,8833,624
2026-04-03,CAM020,Paid Social,60013.34,243210,9562,628
2026-04-03,CAM021,Paid Search,39434.13,152265,7825,577
2026-04-03,CAM022,Display,33438.54,162053,3924,134
2026-04-03,CAM023,Email,15300.55,99302,8647,885
2026-04-03,CAM024,Display,30261.36,142303,3375,111
2026-04-03,CAM025,Email,17176.47,132143,10030,1063
2026-04-03,CAM026,Paid Social,50812.82,198881,8685,546
2026-04-03,CAM027,Email,21699.51,151129,10948,1189
2026-04-03,CAM028,Email,17983.64,118183,8932,816
2026-04-03,CAM029,Paid Social,49125.59,247903,10212,664
2026-04-03,CAM030,Email,14637.61,116786,9088,950
2026-04-03,CAM031,Paid Search,49798.96,178092,9621,754
2026-04-03,CAM032,Affiliate,21751.75,77267,2733,163
2026-04-03,CAM033,Paid Social,70810.57,355508,15569,865
2026-04-03,CAM034,Affiliate,30127.65,131924,4611,274
2026-04-03,CAM035,Paid Social,56298.1,262205,11779,759
2026-04-03,CAM036,Paid Social,62318.96,266467,12113,718
2026-04-03,CAM037,Display,41404.04,210575,5033,170
2026-04-03,CAM038,Display,27054.19,151916,3599,135
2026-04-03,CAM039,Email,19718.13,134687,11153,1081
2026-04-03,CAM040,Affiliate,28932.9,118992,4026,226
2026-04-03,CAM041,Paid Social,72038.88,328626,14513,824
2026-04-03,CAM042,Email,19252.05,131350,10517,978
2026-04-03,CAM043,Paid Search,46302.98,148071,8791,640
2026-04-03,CAM044,Paid Social,63796.28,295288,11262,710
2026-04-04,CAM001,Affiliate,28478.92,124511,4623,253
2026-04-04,CAM002,Email,21127.41,127440,10828,1049
2026-04-04,CAM003,Paid Search,45778.52,164298,9749,692
2026-04-04,CAM004,Display,41458.64,190148,4357,154
2026-04-04,CAM005,Affiliate,28759.09,130264,4987,287
2026-04-04,CAM006,Paid Search,61143.79,240688,12311,951
2026-04-04,CAM007,Display,35275.31,170057,4325,160
2026-04-04,CAM008,Paid Search,64244.77,243639,13641,929
2026-04-04,CAM009,Affiliate,21614.4,98100,3669,198
2026-04-04,CAM010,Email,17205.11,133842,10198,999
2026-04-04,CAM011,Affiliate,29936.14,114779,3843,228
2026-04-04,CAM012,Email,17195.32,124765,10398,994
2026-04-04,CAM013,Affiliate,22433.88,81606,2934,176
2026-04-04,CAM014,Paid Social,77255.51,296374,13275,793
2026-04-04,CAM015,Paid Search,60228.59,239176,13131,1051
2026-04-04,CAM016,Paid Search,57082.89,196751,10207,739
2026-04-04,CAM017,Paid Social,65873.89,268839,11407,691
2026-04-04,CAM018,Email,19785.58,143650,11833,1152
2026-04-04,CAM019,Paid Search,51695.48,159996,8627,685
2026-04-04,CAM020,Paid Social,70022.49,355984,14533,889
2026-04-04,CAM021,Paid Search,54850.76,181378,9147,647
2026-04-04,CAM022,Display,30753.78,134666,3155,111
2026-04-04,CAM023,Email,16661.85,125342,10926,988
2026-04-04,CAM024,Display,40003.11,208774,5349,200
2026-04-04,CAM025,Email,19025.89,146849,12323,1231
2026-04-04,CAM026,Paid Social,61818.08,250401,10513,589
2026-04-04,CAM027,Email,19798.17,133343,10854,1022
2026-04-04,CAM028,Email,18674.68,141221,12234,1221
2026-04-04,CAM029,Paid Social,59751.05,244292,9856,547
2026-04-04,CAM030,Email,15062.45,110131,8024,859
2026-04-04,CAM031,Paid Search,57064.15,198104,9942,810
2026-04-04,CAM032,Affiliate,23778.18,90566,2885,145
2026-04-04,CAM033,Paid Social,75228.19,339966,12980,722
2026-04-04,CAM034,Affiliate,30758.14,119940,4257,254
2026-04-04,CAM035,Paid Social,64458.17,305902,12339,738
2026-04-04,CAM036,Paid Social,81080.44,350112,13873,763
2026-04-04,CAM037,Display,34324.93,180462,4807,184
2026-04-04,CAM038,Display,34846.57,168125,4522,144
2026-04-04,CAM039,Email,19851.06,157735,12603,1277
2026-04-04,CAM040,Affiliate,28713.62,118577,4348,231
2026-04-04,CAM041,Paid Social,72645.85,367356,16929,1029
2026-04-04,CAM042,Email,19312.19,123122,9181,975
2026-04-04,CAM043,Paid Search,52087.75,186609,10904,852
2026-04-04,CAM044,Paid Social,57016.21,238587,10296,672
2026-04-05,CAM001,Affiliate,26756.89,97742,3498,200
2026-04-05,CAM002,Email,16721.83,127780,10769,1070
2026-04-05,CAM003,Paid Search,61587.02,244947,14479,1113
2026-04-05,CAM004,Display,30985.01,173387,4701,175
2026-04-05,CAM005,Affiliate,25369.29,115260,3992,203
2026-04-05,CAM006,Paid Search,54976.24,202321,11653,808
2026-04-05,CAM007,Display,34686.15,156241,3814,143
2026-04-05,CAM008,Paid Search,55173.87,186280,11246,809
2026-04-05,CAM009,Affiliate,25027.1,108754,3526,182
2026-04-05,CAM010,Email,17884.72,111526,9689,1035
2026-04-05,CAM011,Affiliate,21795.9,75993,2641,133
2026-04-05,CAM012,Email,16139.06,105297,7739,706
2026-04-05,CAM013,Affiliate,23567.47,101012,3829,192
2026-04-05,CAM014,Paid Social,62259.59,306426,13053,817
2026-04-05,CAM015,Paid Search,50058.03,165658,9942,780
2026-04-05,CAM016,Paid Search,56770.7,211783,12106,947
2026-04-05,CAM017,Paid Social,62657.32,241631,11132,682
2026-04-05,CAM018,Email,19440.44,119897,9013,978
2026-04-05,CAM019,Paid Search,60040.1,230023,11797,888
2026-04-05,CAM020,Paid Social,58999.21,290602,11291,697
2026-04-05,CAM021,Paid Search,60683.74,231665,12366,919
2026-04-05,CAM022,Display,38616.95,202785,5037,191
2026-04-05,CAM023,Email,19944.3,136902,11476,1122
2026-04-05,CAM024,Display,36229.23,157027,3903,127
2026-04-05,CAM025,Email,19162.77,116817,9870,1023
2026-04-05,CAM026,Paid Social,68137.44,263057,11636,712
2026-04-05,CAM027,Email,20088.51,159249,13357,1373
2026-04-05,CAM028,Email,17813.69,137108,11796,1117
2026-04-05,CAM029,Paid Social,63847.96,267298,11087,649
2026-04-05,CAM030,Email,16429.75,106662,9332,986
2026-04-05,CAM031,Paid Search,51340.61,153959,9291,699
2026-04-05,CAM032,Affiliate,25518.0,115942,4225,247
2026-04-05,CAM033,Paid Social,56253.74,217075,9259,509
2026-04-05,CAM034,Affiliate,23836.16,107896,3762,222
2026-04-05,CAM035,Paid Social,62816.39,244171,9766,528
2026-04-05,CAM036,Paid Social,55053.3,252603,10371,579
2026-04-05,CAM037,Display,37296.65,203770,4923,189
2026-04-05,CAM038,Display,29551.13,167127,4070,153
2026-04-05,CAM039,Email,20725.21,163077,13485,1469
2026-04-05,CAM040,Affiliate,25057.94,86716,3186,190
2026-04-05,CAM041,Paid Social,70601.5,278310,12617,792
2026-04-05,CAM042,Email,15748.1,98432,7564,690
2026-04-05,CAM043,Paid Search,59148.39,226476,13113,897
2026-04-05,CAM044,Paid Social,64320.43,313738,12604,805
2026-04-06,CAM001,Affiliate,27085.79,109798,3899,203
2026-04-06,CAM002,Email,17592.28,132542,11215,1134
2026-04-06,CAM003,Paid Search,69015.71,242528,12980,1065
2026-04-06,CAM004,Display,36404.04,202426,4843,167
2026-04-06,CAM005,Affiliate,23679.82,97283,3076,181
2026-04-06,CAM006,Paid Search,49952.34,152979,8148,625
2026-04-06,CAM007,Display,32789.03,178726,4266,159
2026-04-06,CAM008,Paid Search,60001.65,230358,12724,861
2026-04-06,CAM009,Affiliate,20942.89,79050,2788,158
2026-04-06,CAM010,Email,19201.4,118967,8615,867
2026-04-06,CAM011,Affiliate,29327.88,103338,3383,199
2026-04-06,CAM012,Email,17915.65,126625,10070,1002
2026-04-06,CAM013,Affiliate,20219.75,83235,2762,156
2026-04-06,CAM014,Paid Social,62374.57,281528,12409,755
2026-04-06,CAM015,Paid Search,33170.9,124626,6984,563
2026-04-06,CAM016,Paid Search,54404.45,185585,10326,778
2026-04-06,CAM017,Paid Social,64855.44,322433,12617,803
2026-04-06,CAM018,Email,15751.84,115091,8890,975
2026-04-06,CAM019,Paid Search,53164.11,207841,11755,877
2026-04-06,CAM020,Paid Social,68284.74,283179,10921,652
2026-04-06,CAM021,Paid Search,60507.62,221082,12685,1004
2026-04-06,CAM022,Display,34643.1,161206,3784,132
2026-04-06,CAM023,Email,15928.34,126093,9798,935
2026-04-06,CAM024,Display,40230.43,215346,5062,170
2026-04-06,CAM025,Email,15218.94,103833,7621,836
2026-04-06,CAM026,Paid Social,54579.62,259105,10719,660
2026-04-06,CAM027,Email,15796.21,108418,9453,893
2026-04-06,CAM028,Email,18870.07,127374,9817,1044
2026-04-06,CAM029,Paid Social,60628.56,304837,12344,686
2026-04-06,CAM030,Email,15594.67,124400,10368,999
2026-04-06,CAM031,Paid Search,42690.05,131852,7113,561
2026-04-06,CAM032,Affiliate,23394.11,100078,3245,163
2026-04-06,CAM033,Paid Social,59251.89,303724,13078,724
2026-04-06,CAM034,Affiliate,25020.24,100010,3835,192
2026-04-06,CAM035,Paid Social,69160.38,284749,12557,818
2026-04-06,CAM036,Paid Social,60577.14,259754,11024,702
2026-04-06,CAM037,Display,35996.82,163864,4467,155
2026-04-06,CAM038,Display,28174.44,147298,3401,123
2026-04-06,CAM039,Email,21552.55,133848,10195,1091
2026-04-06,CAM040,Affiliate,25021.22,94195,3293,187
2026-04-06,CAM041,Paid Social,63898.37,250692,10259,571
2026-04-06,CAM042,Email,17507.79,136384,10121,945
2026-04-06,CAM043,Paid Search,56442.85,226273,11623,829
2026-04-06,CAM044,Paid Social,73000.87,350451,13940,860
2026-04-07,CAM001,Affiliate,25658.67,96256,3170,182
2026-04-07,CAM002,Email,13476.17,93165,7911,719
2026-04-07,CAM003,Paid Search,48940.29,160963,8191,575
2026-04-07,CAM004,Display,35166.92,162925,3854,127
2026-04-07,CAM005,Affiliate,24191.47,87334,3015,165
2026-04-07,CAM006,Paid Search,63521.4,232489,12888,899
2026-04-07,CAM007,Display,35689.37,170075,4204,157
2026-04-07,CAM008,Paid Search,69310.34,253549,12820,1016
2026-04-07,CAM009,Affiliate,24468.71,86918,3200,176
2026-04-07,CAM010,Email,20574.71,152844,13266,1277
2026-04-07,CAM011,Affiliate,22818.36,100603,3583,195
2026-04-07,CAM012,Email,17009.23,133610,9860,980
2026-04-07,CAM013,Affiliate,27221.52,95827,3488,198
2026-04-07,CAM014,Paid Social,57916.6,299182,12234,766
2026-04-07,CAM015,Paid Search,58878.31,187352,9727,757
2026-04-07,CAM016,Paid Search,52175.7,177704,10552,725
2026-04-07,CAM017,Paid Social,66022.91,271869,10377,595
2026-04-07,CAM018,Email,16099.54,109247,8024,786
2026-04-07,CAM019,Paid Search,57501.7,183188,10150,722
2026-04-07,CAM020,Paid Social,51741.2,251797,10773,614
2026-04-07,CAM021,Paid Search,58575.84,186614,11052,854
2026-04-07,CAM022,Display,40363.1,177680,4003,135
2026-04-07,CAM023,Email,13691.49,90381,6600,685
2026-04-07,CAM024,Display,32917.75,172968,4098,142
2026-04-07,CAM025,Email,21146.87,130837,11261,1094
2026-04-07,CAM026,Paid Social,59448.54,242038,9506,621
2026-04-07,CAM027,Email,17345.79,121790,9256,867
2026-04-07,CAM028,Email,17037.7,121536,10444,1062
2026-04-07,CAM029,Paid Social,69960.72,360102,13828,780
2026-04-07,CAM030,Email,19751.6,143209,11114,1058
2026-04-07,CAM031,Paid Search,59438.73,217967,12890,916
2026-04-07,CAM032,Affiliate,23454.27,96199,3438,202
2026-04-07,CAM033,Paid Social,59858.04,295859,11710,666
2026-04-07,CAM034,Affiliate,21647.19,78065,2997,155
2026-04-07,CAM035,Paid Social,55073.62,279588,12605,787
2026-04-07,CAM036,Paid Social,69829.72,305134,11933,777
2026-04-07,CAM037,Display,31515.64,179644,4721,161
2026-04-07,CAM038,Display,29330.12,127619,3083,105
2026-04-07,CAM039,Email,18976.51,145014,11573,1065
2026-04-07,CAM040,Affiliate,23651.67,96655,3355,200
2026-04-07,CAM041,Paid Social,72179.15,356951,14766,934
2026-04-07,CAM042,Email,16965.21,118473,8755,881
2026-04-07,CAM043,Paid Search,61089.55,226065,13356,987
2026-04-07,CAM044,Paid Social,58546.3,293575,11733,716
2026-04-08,CAM001,Affiliate,26061.99,95465,3431,182
2026-04-08,CAM002,Email,16544.18,106999,7984,854
2026-04-08,CAM003,Paid Search,55287.43,168805,8800,680
2026-04-08,CAM004,Display,36448.3,206309,5465,189
2026-04-08,CAM005,Affiliate,28222.02,123414,4066,240
2026-04-08,CAM006,Paid Search,57952.07,223505,13276,1009
2026-04-08,CAM007,Display,44592.73,233178,6200,198
2026-04-08,CAM008,Paid Search,58465.87,186936,11183,796
2026-04-08,CAM009,Affiliate,21516.9,90751,2958,172
2026-04-08,CAM010,Email,16868.53,119794,9344,952
2026-04-08,CAM011,Affiliate,25564.49,100254,3624,185
2026-04-08,CAM012,Email,16357.95,100858,7988,757
2026-04-08,CAM013,Affiliate,26050.07,116191,4207,236
2026-04-08,CAM014,Paid Social,55556.84,271613,12300,768
2026-04-08,CAM015,Paid Search,54204.29,217930,10974,878
2026-04-08,CAM016,Paid Search,62906.6,221437,11091,770
2026-04-08,CAM017,Paid Social,58138.69,232834,10612,682
2026-04-08,CAM018,Email,22140.71,152159,12717,1306
2026-04-08,CAM019,Paid Search,53830.56,210895,11090,797
2026-04-08,CAM020,Paid Social,80808.87,365123,16633,999
2026-04-08,CAM021,Paid Search,64287.98,198867,11974,822
2026-04-08,CAM022,Display,33232.3,168265,4071,129
2026-04-08,CAM023,Email,21384.26,155330,11768,1270
2026-04-08,CAM024,Display,39963.82,224127,5071,174
2026-04-08,CAM025,Email,21014.92,127401,10384,1016
2026-04-08,CAM026,Paid Social,69289.6,340243,15590,957
2026-04-08,CAM027,Email,18724.62,119576,9160,867
2026-04-08,CAM028,Email,21178.51,160761,13674,1459
2026-04-08,CAM029,Paid Social,71238.99,337764,12890,723
2026-04-08,CAM030,Email,16386.59,108716,9247,913
2026-04-08,CAM031,Paid Search,56888.44,208555,11147,785
2026-04-08,CAM032,Affiliate,28255.82,117940,3975,221
2026-04-08,CAM033,Paid Social,55853.97,236439,9093,570
2026-04-08,CAM034,Affiliate,25109.73,85721,2785,141
2026-04-08,CAM035,Paid Social,57393.5,254806,9996,587
2026-04-08,CAM036,Paid Social,67224.83,303507,13059,860
2026-04-08,CAM037,Display,38965.09,185183,4893,163
2026-04-08,CAM038,Display,34972.19,157158,3905,143
2026-04-08,CAM039,Email,22166.59,166534,13680,1326
2026-04-08,CAM040,Affiliate,31512.0,133684,4819,240
2026-04-08,CAM041,Paid Social,64787.94,327779,12800,797
2026-04-08,CAM042,Email,18101.61,116032,9112,873
2026-04-08,CAM043,Paid Search,51835.88,189244,11150,789
2026-04-08,CAM044,Paid Social,57262.04,274956,10699,611
2026-04-09,CAM001,Affiliate,28283.62,115546,4095,226
2026-04-09,CAM002,Email,18532.66,133990,10487,986
2026-04-09,CAM003,Paid Search,50617.91,170485,9324,631
2026-04-09,CAM004,Display,34835.25,172315,4251,153
2026-04-09,CAM005,Affiliate,23861.62,91300,3305,169
2026-04-09,CAM006,Paid Search,58177.51,220021,12106,878
2026-04-09,CAM007,Display,36349.74,204226,5295,170
2026-04-09,CAM008,Paid Search,60396.8,180308,10492,852
2026-04-09,CAM009,Affiliate,25386.82,88170,2801,151
2026-04-09,CAM010,Email,20233.31,157837,13726,1476
2026-04-09,CAM011,Affiliate,21067.39,91117,3386,200
2026-04-09,CAM012,Email,20939.38,146218,11357,1161
2026-04-09,CAM013,Affiliate,25413.82,109129,3467,184
2026-04-09,CAM014,Paid Social,57676.48,236421,8943,588
2026-04-09,CAM015,Paid Search,53846.03,186098,10110,756
2026-04-09,CAM016,Paid Search,49750.06,175507,10058,782
2026-04-09,CAM017,Paid Social,71622.24,288866,12452,695
2026-04-09,CAM018,Email,19976.2,153082,12260,1265
2026-04-09,CAM019,Paid Search,44050.29,165271,9928,758
2026-04-09,CAM020,Paid Social,77086.99,354907,15003,900
2026-04-09,CAM021,Paid Search,53810.88,187524,10897,789
2026-04-09,CAM022,Display,36619.42,181496,4479,162
2026-04-09,CAM023,Email,19885.68,147464,11323,1126
2026-04-09,CAM024,Display,34074.29,154355,4069,153
2026-04-09,CAM025,Email,19814.74,137902,11129,1154
2026-04-09,CAM026,Paid Social,55362.41,250327,10589,586
2026-04-09,CAM027,Email,18470.1,114386,9524,993
2026-04-09,CAM028,Email,22014.76,136578,10826,1058
2026-04-09,CAM029,Paid Social,63934.62,282217,12287,709
2026-04-09,CAM030,Email,19122.35,131117,10894,1171
2026-04-09,CAM031,Paid Search,69537.84,232774,13806,1093
2026-04-09,CAM032,Affiliate,27090.29,98486,3539,183
2026-04-09,CAM033,Paid Social,47283.02,209991,9335,551
2026-04-09,CAM034,Affiliate,23340.74,83999,2900,161
2026-04-09,CAM035,Paid Social,78860.73,369685,14700,954
2026-04-09,CAM036,Paid Social,80046.74,343511,14292,890
2026-04-09,CAM037,Display,35252.81,153773,3834,122
2026-04-09,CAM038,Display,38783.78,217391,5518,184
2026-04-09,CAM039,Email,18863.55,133602,11376,1037
2026-04-09,CAM040,Affiliate,27685.56,104057,3801,210
2026-04-09,CAM041,Paid Social,48829.47,192244,7994,445
2026-04-09,CAM042,Email,17769.4,129653,11129,1097
2026-04-09,CAM043,Paid Search,62617.73,210627,11023,874
2026-04-09,CAM044,Paid Social,80062.6,377005,15223,926
2026-04-10,CAM001,Affiliate,31156.54,121701,4266,243
2026-04-10,CAM002,Email,15166.97,118594,9028,882
2026-04-10,CAM003,Paid Search,58418.13,218829,13060,920
2026-04-10,CAM004,Display,29738.79,139817,3345,116
2026-04-10,CAM005,Affiliate,26935.6,108304,3751,190
2026-04-10,CAM006,Paid Search,48795.18,175093,9038,690
2026-04-10,CAM007,Display,28921.42,156961,4272,163
2026-04-10,CAM008,Paid Search,56890.91,189896,10251,842
2026-04-10,CAM009,Affiliate,22422.12,92463,3379,167
2026-04-10,CAM010,Email,19764.23,149446,11718,1216
2026-04-10,CAM011,Affiliate,20659.22,92531,3218,189
2026-04-10,CAM012,Email,17955.29,107436,9026,825
2026-04-10,CAM013,Affiliate,20513.43,88775,3252,171
2026-04-10,CAM014,Paid Social,67001.08,345356,13903,886
2026-04-10,CAM015,Paid Search,64238.26,243256,14411,1026
2026-04-10,CAM016,Paid Search,47450.01,149254,8577,640
2026-04-10,CAM017,Paid Social,61448.3,265179,10685,600
2026-04-10,CAM018,Email,15769.54,99466,7508,718
2026-04-10,CAM019,Paid Search,60613.15,205368,11057,827
2026-04-10,CAM020,Paid Social,61932.42,240612,9108,575
2026-04-10,CAM021,Paid Search,55836.51,185637,10190,782
2026-04-10,CAM022,Display,33944.99,178348,4254,156
2026-04-10,CAM023,Email,17056.21,127625,9820,934
2026-04-10,CAM024,Display,39962.67,174407,4103,142
2026-04-10,CAM025,Email,17336.11,134143,11238,1051
2026-04-10,CAM026,Paid Social,67044.91,302257,12578,716
2026-04-10,CAM027,Email,16882.37,125096,9231,854
2026-04-10,CAM028,Email,18235.55,131962,10783,1159
2026-04-10,CAM029,Paid Social,74273.76,295797,12864,825
2026-04-10,CAM030,Email,16339.79,127029,9724,876
2026-04-10,CAM031,Paid Search,51335.31,184422,9295,715
2026-04-10,CAM032,Affiliate,21709.66,80519,2900,171
2026-04-10,CAM033,Paid Social,72167.37,370733,16886,978
2026-04-10,CAM034,Affiliate,26874.99,122771,4109,216
2026-04-10,CAM035,Paid Social,66134.01,298789,12702,809
2026-04-10,CAM036,Paid Social,67036.0,341025,14549,853
2026-04-10,CAM037,Display,39259.88,191598,5085,193
2026-04-10,CAM038,Display,41352.36,228377,6109,198
2026-04-10,CAM039,Email,17021.03,108580,8625,920
2026-04-10,CAM040,Affiliate,19862.1,73564,2462,126
2026-04-10,CAM041,Paid Social,51444.5,219830,10148,596
2026-04-10,CAM042,Email,17418.08,131599,10070,967
2026-04-10,CAM043,Paid Search,51139.47,179913,8963,619
2026-04-10,CAM044,Paid Social,72624.22,357024,15406,846
2026-04-11,CAM001,Affiliate,22232.95,89857,3182,172
2026-04-11,CAM002,Email,15883.5,121535,10388,977
2026-04-11,CAM003,Paid Search,36212.08,132563,6953,502
2026-04-11,CAM004,Display,42999.51,208901,5341,177
2026-04-11,CAM005,Affiliate,24874.66,91848,3200,187
2026-04-11,CAM006,Paid Search,38346.49,123608,6649,453
2026-04-11,CAM007,Display,33546.49,153795,3478,122
2026-04-11,CAM008,Paid Search,53536.96,215480,10711,755
2026-04-11,CAM009,Affiliate,25426.79,99258,3323,191
2026-04-11,CAM010,Email,19108.09,152355,11306,1210
2026-04-11,CAM011,Affiliate,30157.31,134744,4650,244
2026-04-11,CAM012,Email,18672.85,126363,9748,1007
2026-04-11,CAM013,Affiliate,27118.06,121651,4099,209
2026-04-11,CAM014,Paid Social,54250.9,222306,9340,574
2026-04-11,CAM015,Paid Search,52766.25,188779,10612,839
2026-04-11,CAM016,Paid Search,56576.24,192943,11441,874
2026-04-11,CAM017,Paid Social,52598.99,225479,9622,617
2026-04-11,CAM018,Email,15823.0,126139,10846,1173
2026-04-11,CAM019,Paid Search,36702.47,131585,7917,555
2026-04-11,CAM020,Paid Social,60580.49,254745,11473,677
2026-04-11,CAM021,Paid Search,54511.79,164782,9653,714
2026-04-11,CAM022,Display,38559.08,213013,5153,171
2026-04-11,CAM023,Email,17250.55,135597,10015,982
2026-04-11,CAM024,Display,40627.16,232992,5606,204
2026-04-11,CAM025,Email,14673.7,97747,7763,826
2026-04-11,CAM026,Paid Social,78044.19,347419,15250,843
2026-04-11,CAM027,Email,18149.49,136598,11174,1218
2026-04-11,CAM028,Email,17200.75,124222,9992,945
2026-04-11,CAM029,Paid Social,62822.05,264003,11269,709
2026-04-11,CAM030,Email,16430.49,102685,8726,869
2026-04-11,CAM031,Paid Search,48089.97,185883,11198,868
2026-04-11,CAM032,Affiliate,27782.86,125825,4841,251
2026-04-11,CAM033,Paid Social,60217.96,271292,11955,747
2026-04-11,CAM034,Affiliate,23841.36,102952,3519,196
2026-04-11,CAM035,Paid Social,61897.46,242258,10935,686
2026-04-11,CAM036,Paid Social,64942.13,305085,12254,700
2026-04-11,CAM037,Display,37088.55,206844,4770,177
2026-04-11,CAM038,Display,37114.54,193074,5081,166
2026-04-11,CAM039,Email,17164.25,124314,10498,1153
2026-04-11,CAM040,Affiliate,20266.74,71920,2266,114
2026-04-11,CAM041,Paid Social,66653.97,257445,11814,705
2026-04-11,CAM042,Email,16115.08,102336,7693,728
2026-04-11,CAM043,Paid Search,51574.61,191683,9655,785
2026-04-11,CAM044,Paid Social,47264.98,214112,8533,550
2026-04-12,CAM001,Affiliate,30228.56,115175,4051,232
2026-04-12,CAM002,Email,15747.09,121286,10581,1066
2026-04-12,CAM003,Paid Search,60789.07,192116,11275,924
2026-04-12,CAM004,Display,34867.27,162379,4280,150
2026-04-12,CAM005,Affiliate,26031.05,109240,3467,187
2026-04-12,CAM006,Paid Search,51808.8,173903,9451,763
2026-04-12,CAM007,Display,38811.54,208431,5080,193
2026-04-12,CAM008,Paid Search,56549.5,193626,10985,771
2026-04-12,CAM009,Affiliate,22957.16,93932,3545,194
2026-04-12,CAM010,Email,17345.67,129249,10938,1089
2026-04-12,CAM011,Affiliate,22660.27,87985,3214,188
2026-04-12,CAM012,Email,17147.9,128435,9674,876
2026-04-12,CAM013,Affiliate,26035.4,99283,3373,191
2026-04-12,CAM014,Paid Social,52367.18,208351,8189,521
2026-04-12,CAM015,Paid Search,43606.39,151894,8103,667
2026-04-12,CAM016,Paid Search,58660.35,195829,11187,776
2026-04-12,CAM017,Paid Social,72643.77,323992,14828,915
2026-04-12,CAM018,Email,16970.73,106703,7872,743
2026-04-12,CAM019,Paid Search,62417.33,249349,13890,995
2026-04-12,CAM020,Paid Social,55782.83,234563,10556,682
2026-04-12,CAM021,Paid Search,58716.48,190265,9695,719
2026-04-12,CAM022,Display,36713.16,189496,4474,166
2026-04-12,CAM023,Email,13657.69,90627,6922,692
2026-04-12,CAM024,Display,34900.79,173249,4428,143
2026-04-12,CAM025,Email,19188.6,116166,9110,873
2026-04-12,CAM026,Paid Social,69658.73,291950,11943,736
2026-04-12,CAM027,Email,20150.46,143724,12339,1282
2026-04-12,CAM028,Email,19251.61,149201,11083,1011
2026-04-12,CAM029,Paid Social,67867.39,346232,14991,937
2026-04-12,CAM030,Email,17185.87,121791,9704,1051
2026-04-12,CAM031,Paid Search,47254.09,165927,9533,756
2026-04-12,CAM032,Affiliate,27818.45,118376,3868,216
2026-04-12,CAM033,Paid Social,56303.69,279181,12679,687
2026-04-12,CAM034,Affiliate,25906.32,89642,3202,161
2026-04-12,CAM035,Paid Social,62876.31,303517,13023,813
2026-04-12,CAM036,Paid Social,68818.81,310763,12494,792
2026-04-12,CAM037,Display,39888.9,226328,5621,206
2026-04-12,CAM038,Display,45213.3,238751,5472,181
2026-04-12,CAM039,Email,17153.56,112083,9732,1051
2026-04-12,CAM040,Affiliate,25029.36,90227,3036,160
2026-04-12,CAM041,Paid Social,68974.78,278722,11024,613
2026-04-12,CAM042,Email,19403.22,136291,11629,1103
2026-04-12,CAM043,Paid Search,67489.01,249563,13657,933
2026-04-12,CAM044,Paid Social,77563.88,341805,12940,752
2026-04-13,CAM001,Affiliate,25234.33,91524,3031,169
2026-04-13,CAM002,Email,18019.42,135358,11272,1174
2026-04-13,CAM003,Paid Search,56192.29,205342,10438,844
2026-04-13,CAM004,Display,30720.58,132710,3397,115
2026-04-13,CAM005,Affiliate,24880.82,95308,3199,176
2026-04-13,CAM006,Paid Search,57199.77,226747,11768,942
2026-04-13,CAM007,Display,27289.06,137597,3162,117
2026-04-13,CAM008,Paid Search,58328.09,191480,9835,781
2026-04-13,CAM009,Affiliate,24014.22,83481,2850,162
2026-04-13,CAM010,Email,19415.13,124450,9592,914
2026-04-13,CAM011,Affiliate,20870.87,84394,3195,178
2026-04-13,CAM012,Email,16414.26,119777,9237,902
2026-04-13,CAM013,Affiliate,27580.71,117478,3807,197
2026-04-13,CAM014,Paid Social,69982.33,281368,11681,681
2026-04-13,CAM015,Paid Search,49788.08,152350,8172,577
2026-04-13,CAM016,Paid Search,55088.84,173954,9362,633
2026-04-13,CAM017,Paid Social,69508.88,295864,13434,817
2026-04-13,CAM018,Email,17294.89,103185,8071,755
2026-04-13,CAM019,Paid Search,49739.74,197617,9895,741
2026-04-13,CAM020,Paid Social,48613.81,232906,10179,630
2026-04-13,CAM021,Paid Search,47501.92,169919,9586,674
2026-04-13,CAM022,Display,37817.53,169985,4228,160
2026-04-13,CAM023,Email,16752.54,101082,8039,863
2026-04-13,CAM024,Display,37593.26,204252,4709,156
2026-04-13,CAM025,Email,15539.07,118997,8659,835
2026-04-13,CAM026,Paid Social,66069.73,315946,14323,796
2026-04-13,CAM027,Email,20041.83,158151,12058,1156
2026-04-13,CAM028,Email,19863.9,122142,10551,1092
2026-04-13,CAM029,Paid Social,63600.38,303916,13789,784
2026-04-13,CAM030,Email,18444.47,145829,12127,1283
2026-04-13,CAM031,Paid Search,52917.55,205505,10245,789
2026-04-13,CAM032,Affiliate,25753.16,93071,2997,150
2026-04-13,CAM033,Paid Social,55197.59,282949,11403,709
2026-04-13,CAM034,Affiliate,30722.63,121258,3848,204
2026-04-13,CAM035,Paid Social,64750.98,249763,11415,675
2026-04-13,CAM036,Paid Social,66152.59,266765,11718,644
2026-04-13,CAM037,Display,34509.87,171854,4031,133
2026-04-13,CAM038,Display,36327.99,203216,5149,171
2026-04-13,CAM039,Email,19388.78,138587,11938,1137
2026-04-13,CAM040,Affiliate,23300.46,104939,3912,210
2026-04-13,CAM041,Paid Social,61826.35,286205,12412,805
2026-04-13,CAM042,Email,16296.24,124807,9264,911
2026-04-13,CAM043,Paid Search,50533.83,169877,8555,584
2026-04-13,CAM044,Paid Social,59099.95,237598,10688,604
2026-04-14,CAM001,Affiliate,24626.24,92511,2984,152
2026-04-14,CAM002,Email,22119.46,168418,14175,1526
2026-04-14,CAM003,Paid Search,44101.34,145119,8764,636
2026-04-14,CAM004,Display,36656.06,168071,4067,137
2026-04-14,CAM005,Affiliate,29066.32,119832,3864,230
2026-04-14,CAM006,Paid Search,55806.29,198060,10095,823
2026-04-14,CAM007,Display,42079.2,200158,4737,174
2026-04-14,CAM008,Paid Search,61652.14,210601,11983,855
2026-04-14,CAM009,Affiliate,27740.11,118957,4004,237
2026-04-14,CAM010,Email,13543.04,100853,8671,822
2026-04-14,CAM011,Affiliate,29067.39,116395,4119,232
2026-04-14,CAM012,Email,17275.43,128789,10792,1126
2026-04-14,CAM013,Affiliate,25482.45,105720,3977,213
2026-04-14,CAM014,Paid Social,48708.62,229043,10074,590
2026-04-14,CAM015,Paid Search,51758.79,165301,9345,734
2026-04-14,CAM016,Paid Search,60929.85,231763,12947,1010
2026-04-14,CAM017,Paid Social,52736.54,237054,9361,544
2026-04-14,CAM018,Email,16650.47,118856,9953,1043
2026-04-14,CAM019,Paid Search,67762.06,219352,12506,909
2026-04-14,CAM020,Paid Social,52198.24,241449,10579,691
2026-04-14,CAM021,Paid Search,56590.68,209110,10397,716
2026-04-14,CAM022,Display,33540.81,158889,4070,132
2026-04-14,CAM023,Email,19392.94,148778,11427,1131
2026-04-14,CAM024,Display,37331.95,189167,4616,158
2026-04-14,CAM025,Email,17064.29,136252,11913,1133
2026-04-14,CAM026,Paid Social,65113.82,276927,12657,690
2026-04-14,CAM027,Email,19916.09,153275,11517,1228
2026-04-14,CAM028,Email,17595.06,131013,11165,1178
2026-04-14,CAM029,Paid Social,57760.24,269146,11063,651
2026-04-14,CAM030,Email,14238.65,97345,7079,687
2026-04-14,CAM031,Paid Search,57003.62,203089,11849,882
2026-04-14,CAM032,Affiliate,25530.28,89887,3138,165
2026-04-14,CAM033,Paid Social,56346.86,275500,10704,673
2026-04-14,CAM034,Affiliate,25915.74,116129,4256,233
2026-04-14,CAM035,Paid Social,74268.33,295271,12994,749
2026-04-14,CAM036,Paid Social,48167.96,217801,8272,450
2026-04-14,CAM037,Display,31495.9,144245,3463,127
2026-04-14,CAM038,Display,32556.35,161182,4329,164
2026-04-14,CAM039,Email,15952.66,107544,8319,767
2026-04-14,CAM040,Affiliate,23960.66,106636,4091,222
2026-04-14,CAM041,Paid Social,53273.52,266830,10494,621
2026-04-14,CAM042,Email,19749.06,154064,11119,1219
2026-04-14,CAM043,Paid Search,72037.66,281844,16259,1206
2026-04-14,CAM044,Paid Social,57163.04,257212,11787,675
2026-04-15,CAM001,Affiliate,25809.55,91093,3007,150
2026-04-15,CAM002,Email,17724.7,114607,8494,771
2026-04-15,CAM003,Paid Search,51923.11,156810,8883,644
2026-04-15,CAM004,Display,35269.88,183980,4327,140
2026-04-15,CAM005,Affiliate,23909.54,100512,3452,188
2026-04-15,CAM006,Paid Search,52187.88,183492,9843,733
2026-04-15,CAM007,Display,34291.83,172561,4504,146
2026-04-15,CAM008,Paid Search,59407.37,223274,11771,870
2026-04-15,CAM009,Affiliate,25788.8,100075,3678,186
2026-04-15,CAM010,Email,16569.93,115796,9813,1011
2026-04-15,CAM011,Affiliate,23169.84,97192,3458,195
2026-04-15,CAM012,Email,15502.5,93619,7570,755
2026-04-15,CAM013,Affiliate,21084.72,94274,3270,180
2026-04-15,CAM014,Paid Social,72395.01,306521,12709,694
2026-04-15,CAM015,Paid Search,57901.41,211329,11116,902
2026-04-15,CAM016,Paid Search,62703.36,240240,13486,911
2026-04-15,CAM017,Paid Social,78851.03,386505,16724,1018
2026-04-15,CAM018,Email,19074.73,135056,10596,1010
2026-04-15,CAM019,Paid Search,48915.7,180014,8989,653
2026-04-15,CAM020,Paid Social,51908.44,205591,8786,550
2026-04-15,CAM021,Paid Search,58428.96,227154,11952,978
2026-04-15,CAM022,Display,33430.5,183510,4163,146
2026-04-15,CAM023,Email,16690.12,116702,8684,872
2026-04-15,CAM024,Display,35962.31,168354,3826,131
2026-04-15,CAM025,Email,18564.8,133881,10980,1060
2026-04-15,CAM026,Paid Social,75778.03,331034,12903,760
2026-04-15,CAM027,Email,18818.03,142670,10320,974
2026-04-15,CAM028,Email,14626.39,99896,7964,821
2026-04-15,CAM029,Paid Social,57221.93,242838,11020,661
2026-04-15,CAM030,Email,22501.45,170884,12577,1230
2026-04-15,CAM031,Paid Search,63367.59,192053,10004,797
2026-04-15,CAM032,Affiliate,22480.31,90077,3414,200
2026-04-15,CAM033,Paid Social,57454.65,242404,10271,648
2026-04-15,CAM034,Affiliate,23109.06,89020,2833,151
2026-04-15,CAM035,Paid Social,58945.91,269431,10321,672
2026-04-15,CAM036,Paid Social,70964.81,345535,13620,827
2026-04-15,CAM037,Display,36425.94,180489,4286,147
2026-04-15,CAM038,Display,37242.26,180399,4938,185
2026-04-15,CAM039,Email,17166.01,108278,8751,939
2026-04-15,CAM040,Affiliate,25761.59,106047,3843,204
2026-04-15,CAM041,Paid Social,63821.7,256462,10011,637
2026-04-15,CAM042,Email,15266.47,97765,8415,870
2026-04-15,CAM043,Paid Search,55936.0,168775,9159,712
2026-04-15,CAM044,Paid Social,58083.6,287231,11659,766
2026-04-16,CAM001,Affiliate,23578.35,103904,3950,219
2026-04-16,CAM002,Email,15670.44,117987,9786,1009
2026-04-16,CAM003,Paid Search,59960.36,199417,11940,819
2026-04-16,CAM004,Display,33181.06,151517,3603,136
2026-04-16,CAM005,Affiliate,22571.23,78854,2919,146
2026-04-16,CAM006,Paid Search,56399.04,217141,12132,888
2026-04-16,CAM007,Display,37594.31,212144,5445,188
2026-04-16,CAM008,Paid Search,62363.52,200446,11429,787
2026-04-16,CAM009,Affiliate,22495.25,93128,3017,182
2026-04-16,CAM010,Email,19413.77,153102,12064,1284
2026-04-16,CAM011,Affiliate,23203.44,86617,2799,152
2026-04-16,CAM012,Email,17474.83,117226,8935,870
2026-04-16,CAM013,Affiliate,20570.53,71523,2504,144
2026-04-16,CAM014,Paid Social,67962.98,260588,11928,777
2026-04-16,CAM015,Paid Search,65588.41,216727,11997,949
2026-04-16,CAM016,Paid Search,59401.1,220671,12771,1027
2026-04-16,CAM017,Paid Social,63555.07,278943,12856,804
2026-04-16,CAM018,Email,18355.6,128568,10609,1014
2026-04-16,CAM019,Paid Search,55828.01,216173,12133,984
2026-04-16,CAM020,Paid Social,59994.55,282169,12142,677
2026-04-16,CAM021,Paid Search,59191.46,211457,11947,888
2026-04-16,CAM022,Display,37601.27,209663,5498,189
2026-04-16,CAM023,Email,13646.94,108384,8887,967
2026-04-16,CAM024,Display,34864.59,190438,4596,148
2026-04-16,CAM025,Email,17824.97,108456,9065,886
2026-04-16,CAM026,Paid Social,74708.69,381674,14953,986
2026-04-16,CAM027,Email,18006.7,110487,9317,972
2026-04-16,CAM028,Email,17354.55,134426,11557,1053
2026-04-16,CAM029,Paid Social,73856.68,341939,13910,754
2026-04-16,CAM030,Email,16893.16,133468,9989,902
2026-04-16,CAM031,Paid Search,49516.95,167397,8966,609
2026-04-16,CAM032,Affiliate,19283.25,83381,3157,162
2026-04-16,CAM033,Paid Social,72116.97,338267,13370,743
2026-04-16,CAM034,Affiliate,22739.71,99011,3783,204
2026-04-16,CAM035,Paid Social,59079.43,236595,10430,671
2026-04-16,CAM036,Paid Social,69982.7,348745,15343,841
2026-04-16,CAM037,Display,31255.99,134990,3469,132
2026-04-16,CAM038,Display,38684.68,191345,4525,145
2026-04-16,CAM039,Email,21358.94,129358,9900,920
2026-04-16,CAM040,Affiliate,19038.73,84254,3220,188
2026-04-16,CAM041,Paid Social,76524.45,315380,14492,806
2026-04-16,CAM042,Email,19370.9,129910,11104,1184
2026-04-16,CAM043,Paid Search,44637.62,139269,7436,590
2026-04-16,CAM044,Paid Social,55958.7,261354,9941,545
2026-04-17,CAM001,Affiliate,23653.73,106379,3794,200
2026-04-17,CAM002,Email,18774.05,119779,9939,1085
2026-04-17,CAM003,Paid Search,66716.51,232879,14023,956
2026-04-17,CAM004,Display,34863.55,153372,3694,130
2026-04-17,CAM005,Affiliate,25597.61,103128,3659,213
2026-04-17,CAM006,Paid Search,46077.37,161446,8216,555
2026-04-17,CAM007,Display,41647.82,215449,5504,199
2026-04-17,CAM008,Paid Search,55727.56,188616,10782,839
2026-04-17,CAM009,Affiliate,20535.54,87946,2882,147
2026-04-17,CAM010,Email,14215.36,94646,7077,642
2026-04-17,CAM011,Affiliate,18705.61,71730,2422,136
2026-04-17,CAM012,Email,19463.34,127928,10892,1008
2026-04-17,CAM013,Affiliate,23340.6,88214,3336,176
2026-04-17,CAM014,Paid Social,59440.66,304902,13595,739
2026-04-17,CAM015,Paid Search,59790.7,178402,8898,628
2026-04-17,CAM016,Paid Search,50612.92,195421,11819,949
2026-04-17,CAM017,Paid Social,70793.36,286218,12902,778
2026-04-17,CAM018,Email,18185.7,111420,8109,799
2026-04-17,CAM019,Paid Search,63259.25,220795,12795,903
2026-04-17,CAM020,Paid Social,77774.52,344990,13145,799
2026-04-17,CAM021,Paid Search,51921.45,167499,9710,800
2026-04-17,CAM022,Display,36297.1,157622,4144,140
2026-04-17,CAM023,Email,15532.34,110275,9113,984
2026-04-17,CAM024,Display,44497.93,241367,6010,204
2026-04-17,CAM025,Email,21109.82,128605,9404,868
2026-04-17,CAM026,Paid Social,57107.74,288490,11090,672
2026-04-17,CAM027,Email,20988.41,128271,10560,1067
2026-04-17,CAM028,Email,20532.29,122722,10563,965
2026-04-17,CAM029,Paid Social,71308.14,295132,13042,778
2026-04-17,CAM030,Email,15776.66,101494,8650,947
2026-04-17,CAM031,Paid Search,60016.13,208935,12319,919
2026-04-17,CAM032,Affiliate,23874.5,107975,3473,206
2026-04-17,CAM033,Paid Social,69349.7,350445,16040,1019
2026-04-17,CAM034,Affiliate,29363.34,103108,3621,203
2026-04-17,CAM035,Paid Social,65752.95,320389,13417,839
2026-04-17,CAM036,Paid Social,70894.33,271319,10329,574
2026-04-17,CAM037,Display,37002.31,181553,4162,131
2026-04-17,CAM038,Display,43038.51,237174,6175,201
2026-04-17,CAM039,Email,17983.49,117985,9998,919
2026-04-17,CAM040,Affiliate,27129.33,120342,4195,248
2026-04-17,CAM041,Paid Social,69136.51,357002,15601,958
2026-04-17,CAM042,Email,19076.98,145359,12550,1252
2026-04-17,CAM043,Paid Search,59179.1,206684,12413,869
2026-04-17,CAM044,Paid Social,60768.41,275094,12513,694
2026-04-18,CAM001,Affiliate,25217.25,94508,3636,179
2026-04-18,CAM002,Email,17019.61,121997,10674,1109
2026-04-18,CAM003,Paid Search,58491.06,221564,11539,948
2026-04-18,CAM004,Display,38103.37,193964,4561,165
2026-04-18,CAM005,Affiliate,21208.19,94056,3262,182
2026-04-18,CAM006,Paid Search,61035.55,226201,12435,867
2026-04-18,CAM007,Display,31342.41,158101,3800,120
2026-04-18,CAM008,Paid Search,52100.7,205548,10337,764
2026-04-18,CAM009,Affiliate,23566.8,104449,3913,208
2026-04-18,CAM010,Email,17026.33,121216,9384,874
2026-04-18,CAM011,Affiliate,19341.61,84777,3148,182
2026-04-18,CAM012,Email,17444.02,134916,11144,1157
2026-04-18,CAM013,Affiliate,27287.97,111368,4032,208
2026-04-18,CAM014,Paid Social,76242.64,342661,13052,789
2026-04-18,CAM015,Paid Search,62471.74,230799,12315,855
2026-04-18,CAM016,Paid Search,37295.11,114532,6853,489
2026-04-18,CAM017,Paid Social,66207.77,310621,13221,778
2026-04-18,CAM018,Email,19983.2,153400,12251,1263
2026-04-18,CAM019,Paid Search,61312.63,212480,12774,979
2026-04-18,CAM020,Paid Social,60844.36,289425,11437,642
2026-04-18,CAM021,Paid Search,45599.96,136621,7767,611
2026-04-18,CAM022,Display,28945.22,137544,3498,133
2026-04-18,CAM023,Email,19037.76,134266,10346,953
2026-04-18,CAM024,Display,37311.74,166624,4411,145
2026-04-18,CAM025,Email,14811.47,113415,9308,1018
2026-04-18,CAM026,Paid Social,67215.37,279177,10838,669
2026-04-18,CAM027,Email,19613.68,138571,10460,969
2026-04-18,CAM028,Email,18225.24,126318,9678,953
2026-04-18,CAM029,Paid Social,66138.08,307571,12272,699
2026-04-18,CAM030,Email,15892.96,117308,9380,934
2026-04-18,CAM031,Paid Search,55545.41,172555,9895,701
2026-04-18,CAM032,Affiliate,23683.11,107665,3572,212
2026-04-18,CAM033,Paid Social,71394.11,361037,15740,1016
2026-04-18,CAM034,Affiliate,19659.52,68959,2600,130
2026-04-18,CAM035,Paid Social,49384.37,214494,9851,625
2026-04-18,CAM036,Paid Social,65323.16,274077,11360,681
2026-04-18,CAM037,Display,28061.01,148846,3919,129
2026-04-18,CAM038,Display,40903.56,200576,5445,181
2026-04-18,CAM039,Email,16681.2,131660,11300,1117
2026-04-18,CAM040,Affiliate,21388.97,91167,3239,169
2026-04-18,CAM041,Paid Social,68338.15,301255,11778,700
2026-04-18,CAM042,Email,18867.66,127470,10127,1036
2026-04-18,CAM043,Paid Search,46698.48,176020,9494,658
2026-04-18,CAM044,Paid Social,76988.9,301981,13681,802
2026-04-19,CAM001,Affiliate,23456.94,88860,3406,200
2026-04-19,CAM002,Email,15419.23,108810,9526,1008
2026-04-19,CAM003,Paid Search,57836.77,213703,10932,862
2026-04-19,CAM004,Display,31497.28,175832,4706,153
2026-04-19,CAM005,Affiliate,25702.83,95286,3026,155
2026-04-19,CAM006,Paid Search,49648.91,177627,8889,728
2026-04-19,CAM007,Display,34715.04,159248,4078,152
2026-04-19,CAM008,Paid Search,55682.6,203721,12270,881
2026-04-19,CAM009,Affiliate,25660.23,101021,3339,172
2026-04-19,CAM010,Email,17172.15,104396,8876,894
2026-04-19,CAM011,Affiliate,26602.09,99742,3256,188
2026-04-19,CAM012,Email,16128.12,107956,7955,785
2026-04-19,CAM013,Affiliate,23875.48,96729,3513,202
2026-04-19,CAM014,Paid Social,72129.1,334750,13490,889
2026-04-19,CAM015,Paid Search,61537.08,236022,13170,908
2026-04-19,CAM016,Paid Search,54163.43,194209,11543,942
2026-04-19,CAM017,Paid Social,52357.87,249813,9783,623
2026-04-19,CAM018,Email,15007.79,110963,8826,845
2026-04-19,CAM019,Paid Search,60333.07,212652,12803,869
2026-04-19,CAM020,Paid Social,69071.75,276506,11614,695
2026-04-19,CAM021,Paid Search,62989.14,216546,11413,777
2026-04-19,CAM022,Display,31823.24,168734,4610,153
2026-04-19,CAM023,Email,15824.93,119880,9085,907
2026-04-19,CAM024,Display,33911.29,167535,3917,142
2026-04-19,CAM025,Email,18911.1,124661,10111,1023
2026-04-19,CAM026,Paid Social,50602.93,238392,9391,535
2026-04-19,CAM027,Email,17881.52,137407,10832,1173
2026-04-19,CAM028,Email,19104.82,122518,10474,1101
2026-04-19,CAM029,Paid Social,71895.84,345366,13141,767
2026-04-19,CAM030,Email,20809.61,150215,11269,1209
2026-04-19,CAM031,Paid Search,60648.02,221732,11910,838
2026-04-19,CAM032,Affiliate,16476.12,58725,2116,117
2026-04-19,CAM033,Paid Social,61327.06,293143,13343,772
2026-04-19,CAM034,Affiliate,20008.55,84630,2839,166
2026-04-19,CAM035,Paid Social,53565.51,267822,11726,743
2026-04-19,CAM036,Paid Social,69611.74,319189,13948,865
2026-04-19,CAM037,Display,39436.97,184544,4297,149
2026-04-19,CAM038,Display,34970.18,161919,3943,138
2026-04-19,CAM039,Email,20890.75,141616,10331,1050
2026-04-19,CAM040,Affiliate,23347.25,104679,3303,167
2026-04-19,CAM041,Paid Social,75590.91,365761,15301,973
2026-04-19,CAM042,Email,20013.06,152859,13147,1393
2026-04-19,CAM043,Paid Search,41924.65,152496,8357,600
2026-04-19,CAM044,Paid Social,72296.8,344060,13182,860
2026-04-20,CAM001,Affiliate,21886.7,93981,3504,207
2026-04-20,CAM002,Email,18097.39,108504,9332,936
2026-04-20,CAM003,Paid Search,53959.52,176009,9977,792
2026-04-20,CAM004,Display,32120.59,180186,4273,157
2026-04-20,CAM005,Affiliate,19845.73,86245,3225,161
2026-04-20,CAM006,Paid Search,48324.42,154686,8134,600
2026-04-20,CAM007,Display,32338.29,156599,3896,129
2026-04-20,CAM008,Paid Search,40239.43,149512,8690,679
2026-04-20,CAM009,Affiliate,23118.61,89893,2854,151
2026-04-20,CAM010,Email,15554.14,109605,9255,912
2026-04-20,CAM011,Affiliate,24362.34,97264,3302,188
2026-04-20,CAM012,Email,15333.86,116394,9030,906
2026-04-20,CAM013,Affiliate,32595.3,138982,4493,267
2026-04-20,CAM014,Paid Social,48293.35,211928,9555,516
2026-04-20,CAM015,Paid Search,55929.78,224097,12501,1021
2026-04-20,CAM016,Paid Search,40867.95,125447,6643,500
2026-04-20,CAM017,Paid Social,70495.28,300953,12459,767
2026-04-20,CAM018,Email,18505.89,133177,10586,1132
2026-04-20,CAM019,Paid Search,50220.67,150039,8021,546
2026-04-20,CAM020,Paid Social,71136.17,347981,15118,906
2026-04-20,CAM021,Paid Search,62003.86,248898,13287,1073
2026-04-20,CAM022,Display,35837.58,171837,4088,157
2026-04-20,CAM023,Email,19900.36,152442,12745,1365
2026-04-20,CAM024,Display,33574.53,172045,4164,135
2026-04-20,CAM025,Email,15671.47,110445,9573,951
2026-04-20,CAM026,Paid Social,64393.42,301567,13684,892
2026-04-20,CAM027,Email,23214.7,149650,12331,1147
2026-04-20,CAM028,Email,16157.7,102247,7365,680
2026-04-20,CAM029,Paid Social,58821.56,284639,12998,723
2026-04-20,CAM030,Email,19050.47,128063,11266,1053
2026-04-20,CAM031,Paid Search,50530.49,166620,8451,668
2026-04-20,CAM032,Affiliate,23309.54,93933,3313,195
2026-04-20,CAM033,Paid Social,79106.2,302983,12008,743
2026-04-20,CAM034,Affiliate,24310.06,94288,3062,157
2026-04-20,CAM035,Paid Social,71656.23,292206,12437,748
2026-04-20,CAM036,Paid Social,73890.3,367377,15282,978
2026-04-20,CAM037,Display,44038.46,238769,5614,187
2026-04-20,CAM038,Display,32129.43,150546,3566,130
2026-04-20,CAM039,Email,15323.55,110677,8524,829
2026-04-20,CAM040,Affiliate,30367.19,122597,4536,234
2026-04-20,CAM041,Paid Social,65517.23,275560,11483,716
2026-04-20,CAM042,Email,21707.28,132281,9659,972
2026-04-20,CAM043,Paid Search,52298.51,203255,11363,882
2026-04-20,CAM044,Paid Social,54083.98,221380,9500,575
2026-04-21,CAM001,Affiliate,28073.38,106534,3566,198
2026-04-21,CAM002,Email,19716.56,124696,9895,1038
2026-04-21,CAM003,Paid Search,52735.97,177626,10649,760
2026-04-21,CAM004,Display,38248.69,173101,4468,147
2026-04-21,CAM005,Affiliate,26359.4,97850,3167,169
2026-04-21,CAM006,Paid Search,53142.15,211981,12106,827
2026-04-21,CAM007,Display,34299.34,195876,4937,171
2026-04-21,CAM008,Paid Search,61190.55,203505,11443,889
2026-04-21,CAM009,Affiliate,26257.32,97082,3205,184
2026-04-21,CAM010,Email,17099.31,117696,9860,1015
2026-04-21,CAM011,Affiliate,29002.35,104781,3540,202
2026-04-21,CAM012,Email,16542.69,121290,10144,1063
2026-04-21,CAM013,Affiliate,19129.62,82863,2727,153
2026-04-21,CAM014,Paid Social,53821.28,221007,9115,525
2026-04-21,CAM015,Paid Search,62001.02,195459,10722,761
2026-04-21,CAM016,Paid Search,45242.46,138646,7558,571
2026-04-21,CAM017,Paid Social,56938.22,249537,10452,576
2026-04-21,CAM018,Email,20922.97,165929,12144,1264
2026-04-21,CAM019,Paid Search,57128.46,176443,10320,704
2026-04-21,CAM020,Paid Social,78613.3,342229,14431,936
2026-04-21,CAM021,Paid Search,58872.0,182316,10382,767
2026-04-21,CAM022,Display,37178.45,210464,5281,184
2026-04-21,CAM023,Email,16141.45,120037,10445,966
2026-04-21,CAM024,Display,38663.66,189785,4921,169
2026-04-21,CAM025,Email,19663.61,127710,9566,949
2026-04-21,CAM026,Paid Social,56761.41,271151,12224,715
2026-04-21,CAM027,Email,16320.25,115356,8892,863
2026-04-21,CAM028,Email,12988.7,78650,6189,627
2026-04-21,CAM029,Paid Social,73500.93,342103,15635,931
2026-04-21,CAM030,Email,16921.6,134015,11062,1122
2026-04-21,CAM031,Paid Search,48981.11,170347,8760,722
2026-04-21,CAM032,Affiliate,29534.03,125892,4441,263
2026-04-21,CAM033,Paid Social,58362.8,260598,10602,653
2026-04-21,CAM034,Affiliate,23686.24,95904,3529,177
2026-04-21,CAM035,Paid Social,74118.64,381175,15515,881
2026-04-21,CAM036,Paid Social,60705.06,267754,11776,662
2026-04-21,CAM037,Display,34685.11,174421,4751,172
2026-04-21,CAM038,Display,34547.01,150678,3966,129
2026-04-21,CAM039,Email,16226.66,113094,9330,957
2026-04-21,CAM040,Affiliate,21632.59,79824,2990,170
2026-04-21,CAM041,Paid Social,59964.93,233988,9862,619
2026-04-21,CAM042,Email,17807.06,140361,12186,1270
2026-04-21,CAM043,Paid Search,64406.36,202619,10480,825
2026-04-21,CAM044,Paid Social,64384.6,273390,11968,683
2026-04-22,CAM001,Affiliate,21781.05,74989,2630,152
2026-04-22,CAM002,Email,16858.26,107679,7874,749
2026-04-22,CAM003,Paid Search,52270.94,182970,10486,840
2026-04-22,CAM004,Display,28033.49,141268,3846,126
2026-04-22,CAM005,Affiliate,26878.61,111373,4020,232
2026-04-22,CAM006,Paid Search,54753.33,188014,11114,782
2026-04-22,CAM007,Display,34967.29,158123,4297,160
2026-04-22,CAM008,Paid Search,49147.71,179226,10721,751
2026-04-22,CAM009,Affiliate,26955.28,104295,3439,176
2026-04-22,CAM010,Email,19665.17,149854,11892,1179
2026-04-22,CAM011,Affiliate,27884.18,105561,4048,222
2026-04-22,CAM012,Email,15357.3,106527,8125,766
2026-04-22,CAM013,Affiliate,23103.04,104717,3299,177
2026-04-22,CAM014,Paid Social,73133.14,331095,14980,916
2026-04-22,CAM015,Paid Search,64780.74,236511,12081,879
2026-04-22,CAM016,Paid Search,64592.08,225108,13302,903
2026-04-22,CAM017,Paid Social,58646.14,250865,10710,649
2026-04-22,CAM018,Email,17086.77,116604,9033,914
2026-04-22,CAM019,Paid Search,52458.8,206570,11873,916
2026-04-22,CAM020,Paid Social,60707.09,273921,11396,743
2026-04-22,CAM021,Paid Search,52588.22,157509,8209,637
2026-04-22,CAM022,Display,33794.52,154981,3803,124
2026-04-22,CAM023,Email,17911.64,126734,11147,1086
2026-04-22,CAM024,Display,39475.65,206399,4793,181
2026-04-22,CAM025,Email,17025.2,131635,10976,1157
2026-04-22,CAM026,Paid Social,78449.84,398701,15773,982
2026-04-22,CAM027,Email,15428.74,92238,7653,840
2026-04-22,CAM028,Email,18680.65,134974,11692,1116
2026-04-22,CAM029,Paid Social,59093.27,263214,11608,633
2026-04-22,CAM030,Email,18739.74,115082,8309,837
2026-04-22,CAM031,Paid Search,66718.24,225763,11375,779
2026-04-22,CAM032,Affiliate,23016.47,85135,2951,175
2026-04-22,CAM033,Paid Social,62100.94,269196,12095,667
2026-04-22,CAM034,Affiliate,28241.33,127366,4392,262
2026-04-22,CAM035,Paid Social,85034.77,350004,15527,886
2026-04-22,CAM036,Paid Social,44395.99,172308,7319,457
2026-04-22,CAM037,Display,39758.59,197024,5026,178
2026-04-22,CAM038,Display,40695.71,208144,5558,183
2026-04-22,CAM039,Email,20397.52,146624,11689,1065
2026-04-22,CAM040,Affiliate,22078.7,91773,3130,182
2026-04-22,CAM041,Paid Social,83093.58,390105,17302,996
2026-04-22,CAM042,Email,16136.84,107455,9018,911
2026-04-22,CAM043,Paid Search,52312.08,197552,11656,836
2026-04-22,CAM044,Paid Social,76735.53,357677,13962,803
2026-04-23,CAM001,Affiliate,24200.52,90438,2920,158
2026-04-23,CAM002,Email,18628.39,143693,11920,1306
2026-04-23,CAM003,Paid Search,46043.87,173700,8735,603
2026-04-23,CAM004,Display,33482.31,147308,3768,126
2026-04-23,CAM005,Affiliate,24198.07,104614,3841,191
2026-04-23,CAM006,Paid Search,54004.74,197295,10462,739
2026-04-23,CAM007,Display,37854.34,184598,4258,161
2026-04-23,CAM008,Paid Search,46015.99,184544,10685,781
2026-04-23,CAM009,Affiliate,21537.36,81476,2629,158
2026-04-23,CAM010,Email,21222.23,141364,12245,1269
2026-04-23,CAM011,Affiliate,27344.79,110456,4237,237
2026-04-23,CAM012,Email,12304.3,77564,6736,686
2026-04-23,CAM013,Affiliate,28213.36,106337,3962,216
2026-04-23,CAM014,Paid Social,61451.41,281441,12193,670
2026-04-23,CAM015,Paid Search,51768.72,185356,10009,707
2026-04-23,CAM016,Paid Search,54265.03,175729,9326,706
2026-04-23,CAM017,Paid Social,60857.88,240486,10125,567
2026-04-23,CAM018,Email,16570.17,125070,10885,1004
2026-04-23,CAM019,Paid Search,63296.16,200883,11550,837
2026-04-23,CAM020,Paid Social,59913.76,260588,11479,745
2026-04-23,CAM021,Paid Search,68564.27,224618,13573,1045
2026-04-23,CAM022,Display,42361.96,226151,5324,177
2026-04-23,CAM023,Email,19849.1,141578,12394,1301
2026-04-23,CAM024,Display,33656.02,183785,4771,169
2026-04-23,CAM025,Email,19733.55,135546,11178,1041
2026-04-23,CAM026,Paid Social,59273.2,286427,11000,703
2026-04-23,CAM027,Email,17119.12,125764,9466,893
2026-04-23,CAM028,Email,20079.44,125651,10215,1029
2026-04-23,CAM029,Paid Social,73646.26,380468,17108,1091
2026-04-23,CAM030,Email,17377.31,132948,10724,1165
2026-04-23,CAM031,Paid Search,59860.27,194450,11522,891
2026-04-23,CAM032,Affiliate,32371.53,126771,4233,231
2026-04-23,CAM033,Paid Social,49484.15,190264,8225,475
2026-04-23,CAM034,Affiliate,24954.94,109446,3937,215
2026-04-23,CAM035,Paid Social,57405.14,294027,11871,748
2026-04-23,CAM036,Paid Social,58779.91,250992,10037,655
2026-04-23,CAM037,Display,35848.54,175180,4186,141
2026-04-23,CAM038,Display,34406.56,166256,4497,166
2026-04-23,CAM039,Email,19270.14,150715,12466,1164
2026-04-23,CAM040,Affiliate,22198.36,91811,2983,159
2026-04-23,CAM041,Paid Social,65846.59,289458,12893,730
2026-04-23,CAM042,Email,15869.82,103919,8264,755
2026-04-23,CAM043,Paid Search,54592.94,201800,11844,831
2026-04-23,CAM044,Paid Social,69495.57,316855,12214,784
2026-04-24,CAM001,Affiliate,21542.95,83740,2720,147
2026-04-24,CAM002,Email,16545.43,120952,9975,1035
2026-04-24,CAM003,Paid Search,51134.2,152551,8293,664
2026-04-24,CAM004,Display,30683.14,136434,3587,134
2026-04-24,CAM005,Affiliate,22034.89,77202,2854,168
2026-04-24,CAM006,Paid Search,50648.44,177881,9198,629
2026-04-24,CAM007,Display,35274.05,196931,4735,156
2026-04-24,CAM008,Paid Search,52589.84,176420,10401,776
2026-04-24,CAM009,Affiliate,26641.59,122517,4610,269
2026-04-24,CAM010,Email,18099.65,136647,11028,1040
2026-04-24,CAM011,Affiliate,27974.65,108225,3528,212
2026-04-24,CAM012,Email,19593.64,148687,11625,1245
2026-04-24,CAM013,Affiliate,23828.43,93693,3138,158
2026-04-24,CAM014,Paid Social,59507.31,268618,10662,674
2026-04-24,CAM015,Paid Search,53637.88,171569,9645,714
2026-04-24,CAM016,Paid Search,59264.98,222909,13217,994
2026-04-24,CAM017,Paid Social,61688.74,269398,12176,796
2026-04-24,CAM018,Email,18857.59,113168,9019,853
2026-04-24,CAM019,Paid Search,54485.36,211318,11736,950
2026-04-24,CAM020,Paid Social,61127.49,279164,11014,711
2026-04-24,CAM021,Paid Search,42707.51,146336,8143,619
2026-04-24,CAM022,Display,40042.96,226796,5264,190
2026-04-24,CAM023,Email,19875.5,136860,10389,1000
2026-04-24,CAM024,Display,34859.35,182914,4356,141
2026-04-24,CAM025,Email,17716.55,121015,9498,980
2026-04-24,CAM026,Paid Social,63418.08,325265,14209,840
2026-04-24,CAM027,Email,15771.9,101381,7423,751
2026-04-24,CAM028,Email,13997.09,104814,7990,788
2026-04-24,CAM029,Paid Social,65488.12,299638,11918,748
2026-04-24,CAM030,Email,17926.53,115632,8993,949
2026-04-24,CAM031,Paid Search,48482.72,159781,8630,659
2026-04-24,CAM032,Affiliate,27483.08,117575,3705,185
2026-04-24,CAM033,Paid Social,68876.2,316542,14045,860
2026-04-24,CAM034,Affiliate,25310.45,88291,3314,173
2026-04-24,CAM035,Paid Social,61375.82,280204,11572,730
2026-04-24,CAM036,Paid Social,73329.29,375868,15255,989
2026-04-24,CAM037,Display,33322.72,142491,3350,122
2026-04-24,CAM038,Display,30782.91,133937,3040,116
2026-04-24,CAM039,Email,16515.71,132286,10717,1065
2026-04-24,CAM040,Affiliate,23982.1,106991,3397,193
2026-04-24,CAM041,Paid Social,83751.09,357239,14764,912
2026-04-24,CAM042,Email,20370.04,144032,11188,1018
2026-04-24,CAM043,Paid Search,40216.34,123961,6561,527
2026-04-24,CAM044,Paid Social,57469.69,259007,11215,622
2026-04-25,CAM001,Affiliate,25190.83,86789,3038,152
2026-04-25,CAM002,Email,10844.1,69769,5570,572
2026-04-25,CAM003,Paid Search,56896.81,181760,9248,700
2026-04-25,CAM004,Display,36937.44,208486,5397,202
2026-04-25,CAM005,Affiliate,20180.61,85588,3044,164
2026-04-25,CAM006,Paid Search,53771.81,196788,10696,857
2026-04-25,CAM007,Display,34501.47,185501,5017,191
2026-04-25,CAM008,Paid Search,51648.34,153951,8375,617
2026-04-25,CAM009,Affiliate,24267.85,99421,3501,196
2026-04-25,CAM010,Email,19135.71,152241,11037,1118
2026-04-25,CAM011,Affiliate,27747.05,106695,3639,217
2026-04-25,CAM012,Email,13140.62,99316,8607,880
2026-04-25,CAM013,Affiliate,21884.43,78160,2583,143
2026-04-25,CAM014,Paid Social,57757.96,264657,11939,693
2026-04-25,CAM015,Paid Search,44872.88,179321,10195,688
2026-04-25,CAM016,Paid Search,50198.27,184453,10311,769
2026-04-25,CAM017,Paid Social,67615.1,316170,12148,700
2026-04-25,CAM018,Email,12823.0,87058,7356,705
2026-04-25,CAM019,Paid Search,49062.82,196054,10913,898
2026-04-25,CAM020,Paid Social,48635.46,190748,8685,481
2026-04-25,CAM021,Paid Search,53983.25,166645,9567,713
2026-04-25,CAM022,Display,31965.72,144093,3516,114
2026-04-25,CAM023,Email,16603.35,131393,10440,996
2026-04-25,CAM024,Display,31251.29,151979,3765,131
2026-04-25,CAM025,Email,16942.42,136164,9958,1066
2026-04-25,CAM026,Paid Social,65808.49,316590,12066,771
2026-04-25,CAM027,Email,17026.1,126867,10550,1118
2026-04-25,CAM028,Email,18075.7,144095,11464,1249
2026-04-25,CAM029,Paid Social,69783.02,319676,12847,701
2026-04-25,CAM030,Email,18700.01,124027,9562,879
2026-04-25,CAM031,Paid Search,56146.26,190889,11503,880
2026-04-25,CAM032,Affiliate,25936.51,89112,3099,166
2026-04-25,CAM033,Paid Social,59303.5,249473,10013,559
2026-04-25,CAM034,Affiliate,29733.33,108756,4123,213
2026-04-25,CAM035,Paid Social,72922.01,375650,14839,945
2026-04-25,CAM036,Paid Social,62248.66,272299,12250,683
2026-04-25,CAM037,Display,33172.0,187317,4788,171
2026-04-25,CAM038,Display,37643.14,164651,3706,131
2026-04-25,CAM039,Email,16480.03,109721,8331,810
2026-04-25,CAM040,Affiliate,23068.39,79975,2591,128
2026-04-25,CAM041,Paid Social,62433.48,262257,10678,597
2026-04-25,CAM042,Email,19087.07,133053,9614,1000
2026-04-25,CAM043,Paid Search,46367.79,186519,11246,908
2026-04-25,CAM044,Paid Social,53553.0,232270,8998,549
2026-04-26,CAM001,Affiliate,23191.0,101348,3891,201
2026-04-26,CAM002,Email,16427.13,115615,9945,1041
2026-04-26,CAM003,Paid Search,60349.89,216795,12076,884
2026-04-26,CAM004,Display,34192.02,193622,4989,181
2026-04-26,CAM005,Affiliate,24667.83,95094,3412,169
2026-04-26,CAM006,Paid Search,49219.22,157049,8024,632
2026-04-26,CAM007,Display,30619.78,155246,4231,154
2026-04-26,CAM008,Paid Search,56712.61,181973,9047,631
2026-04-26,CAM009,Affiliate,20884.81,87188,3089,165
2026-04-26,CAM010,Email,17008.34,118831,9964,921
2026-04-26,CAM011,Affiliate,22501.08,96062,3343,186
2026-04-26,CAM012,Email,17049.71,105515,9035,896
2026-04-26,CAM013,Affiliate,19954.03,81569,2632,147
2026-04-26,CAM014,Paid Social,71810.91,283983,12206,801
2026-04-26,CAM015,Paid Search,50849.38,185223,9426,653
2026-04-26,CAM016,Paid Search,52749.95,182684,10060,708
2026-04-26,CAM017,Paid Social,49685.37,245722,10011,593
2026-04-26,CAM018,Email,17128.41,112683,9846,900
2026-04-26,CAM019,Paid Search,61663.24,234958,13291,898
2026-04-26,CAM020,Paid Social,62161.42,261372,11812,659
2026-04-26,CAM021,Paid Search,52938.53,208526,10884,834
2026-04-26,CAM022,Display,37310.54,181613,4229,137
2026-04-26,CAM023,Email,20725.76,138531,10900,1037
2026-04-26,CAM024,Display,39758.96,199593,4730,150
2026-04-26,CAM025,Email,18619.39,137517,10009,960
2026-04-26,CAM026,Paid Social,74935.89,335768,14258,932
2026-04-26,CAM027,Email,13232.52,106362,7797,803
2026-04-26,CAM028,Email,18842.45,115008,10020,1024
2026-04-26,CAM029,Paid Social,63430.59,315236,13764,896
2026-04-26,CAM030,Email,17897.35,142060,12414,1330
2026-04-26,CAM031,Paid Search,60296.28,189073,9728,667
2026-04-26,CAM032,Affiliate,24022.83,99906,3251,176
2026-04-26,CAM033,Paid Social,52574.52,214742,9063,500
2026-04-26,CAM034,Affiliate,21332.16,73301,2662,159
2026-04-26,CAM035,Paid Social,63125.48,321721,14469,833
2026-04-26,CAM036,Paid Social,69416.56,315747,14115,787
2026-04-26,CAM037,Display,35505.17,158132,4037,141
2026-04-26,CAM038,Display,28499.65,150720,4009,151
2026-04-26,CAM039,Email,17495.07,118914,9378,878
2026-04-26,CAM040,Affiliate,18783.78,73797,2536,141
2026-04-26,CAM041,Paid Social,54255.44,250682,11195,695
2026-04-26,CAM042,Email,14836.12,101927,8063,863
2026-04-26,CAM043,Paid Search,51534.97,177653,9829,745
2026-04-26,CAM044,Paid Social,61726.95,288483,12344,670
2026-04-27,CAM001,Affiliate,27195.93,107815,3725,223
2026-04-27,CAM002,Email,18313.62,137562,10199,1106
2026-04-27,CAM003,Paid Search,49367.81,181650,10167,769
2026-04-27,CAM004,Display,35132.05,172140,4350,145
2026-04-27,CAM005,Affiliate,25544.72,108283,3475,201
2026-04-27,CAM006,Paid Search,65638.99,262955,14615,1033
2026-04-27,CAM007,Display,40079.96,189453,4797,176
2026-04-27,CAM008,Paid Search,55538.84,217355,11615,932
2026-04-27,CAM009,Affiliate,24274.68,109728,4116,205
2026-04-27,CAM010,Email,17812.65,119274,10066,1075
2026-04-27,CAM011,Affiliate,25096.91,89756,3216,192
2026-04-27,CAM012,Email,15008.92,101450,7465,799
2026-04-27,CAM013,Affiliate,25844.39,115036,4127,226
2026-04-27,CAM014,Paid Social,61449.35,278444,10896,654
2026-04-27,CAM015,Paid Search,65242.49,234316,12644,926
2026-04-27,CAM016,Paid Search,53166.56,177728,8861,672
2026-04-27,CAM017,Paid Social,58687.3,235361,9465,555
2026-04-27,CAM018,Email,17854.84,132622,11095,1174
2026-04-27,CAM019,Paid Search,63822.91,211051,11173,919
2026-04-27,CAM020,Paid Social,55386.22,217436,9092,505
2026-04-27,CAM021,Paid Search,48401.89,170845,9382,731
2026-04-27,CAM022,Display,34226.34,188785,4859,168
2026-04-27,CAM023,Email,15313.38,104815,8436,913
2026-04-27,CAM024,Display,33239.91,188555,5042,167
2026-04-27,CAM025,Email,18506.92,119994,10100,1036
2026-04-27,CAM026,Paid Social,60941.26,233577,9290,598
2026-04-27,CAM027,Email,21185.09,161814,11877,1117
2026-04-27,CAM028,Email,17395.88,131648,10968,1018
2026-04-27,CAM029,Paid Social,74691.83,321355,12276,756
2026-04-27,CAM030,Email,16795.78,100545,8097,760
2026-04-27,CAM031,Paid Search,65171.62,224121,13257,940
2026-04-27,CAM032,Affiliate,23397.87,95011,3632,215
2026-04-27,CAM033,Paid Social,61419.59,275846,11634,636
2026-04-27,CAM034,Affiliate,25964.42,94308,3560,183
2026-04-27,CAM035,Paid Social,80203.97,389445,15454,1004
2026-04-27,CAM036,Paid Social,55399.7,236146,8959,499
2026-04-27,CAM037,Display,33019.28,140573,3615,125
2026-04-27,CAM038,Display,31952.65,145427,3522,120
2026-04-27,CAM039,Email,17915.37,107686,9103,860
2026-04-27,CAM040,Affiliate,23013.01,88038,3152,156
2026-04-27,CAM041,Paid Social,71050.77,289878,11596,642
2026-04-27,CAM042,Email,20287.98,121023,9980,1033
2026-04-27,CAM043,Paid Search,57039.25,217577,11080,776
2026-04-27,CAM044,Paid Social,71104.54,347208,15261,931
2026-04-28,CAM001,Affiliate,24752.54,86882,2810,140
2026-04-28,CAM002,Email,17230.44,122363,9711,952
2026-04-28,CAM003,Paid Search,52855.48,183925,9916,681
2026-04-28,CAM004,Display,36670.07,177075,4385,158
2026-04-28,CAM005,Affiliate,24927.4,91609,3189,162
2026-04-28,CAM006,Paid Search,54014.66,168171,8788,640
2026-04-28,CAM007,Display,38549.36,193011,4760,150
2026-04-28,CAM008,Paid Search,63741.21,191077,10152,685
2026-04-28,CAM009,Affiliate,24686.55,97445,3590,189
2026-04-28,CAM010,Email,12777.95,92763,7353,670
2026-04-28,CAM011,Affiliate,22221.52,92186,3104,187
2026-04-28,CAM012,Email,16582.45,121144,10176,1064
2026-04-28,CAM013,Affiliate,24051.47,92105,3374,188
2026-04-28,CAM014,Paid Social,66613.02,291920,12656,761
2026-04-28,CAM015,Paid Search,58591.71,183139,11054,777
2026-04-28,CAM016,Paid Search,52410.81,197974,10923,833
2026-04-28,CAM017,Paid Social,72319.8,326254,13645,861
2026-04-28,CAM018,Email,18067.74,125764,9347,928
2026-04-28,CAM019,Paid Search,65395.84,199082,11809,955
2026-04-28,CAM020,Paid Social,67401.3,263679,11752,752
2026-04-28,CAM021,Paid Search,71021.43,216664,12734,900
2026-04-28,CAM022,Display,32241.99,158490,3859,147
2026-04-28,CAM023,Email,18526.27,130480,10618,1011
2026-04-28,CAM024,Display,35049.96,178650,4801,160
2026-04-28,CAM025,Email,20767.98,164348,12909,1331
2026-04-28,CAM026,Paid Social,56718.31,254657,9886,585
2026-04-28,CAM027,Email,16956.66,135251,10061,1010
2026-04-28,CAM028,Email,17717.9,113108,9209,882
2026-04-28,CAM029,Paid Social,70893.18,283068,11952,667
2026-04-28,CAM030,Email,16273.05,100226,8101,855
2026-04-28,CAM031,Paid Search,42182.4,163560,8503,578
2026-04-28,CAM032,Affiliate,30039.18,126765,4142,224
2026-04-28,CAM033,Paid Social,75444.0,354289,13432,868
2026-04-28,CAM034,Affiliate,26356.67,92120,3081,186
2026-04-28,CAM035,Paid Social,69625.67,297276,12463,705
2026-04-28,CAM036,Paid Social,57505.36,254351,10334,570
2026-04-28,CAM037,Display,38186.12,193910,4637,171
2026-04-28,CAM038,Display,32619.74,174536,4092,155
2026-04-28,CAM039,Email,18176.41,140528,12066,1288
2026-04-28,CAM040,Affiliate,21008.74,92297,3068,164
2026-04-28,CAM041,Paid Social,77613.4,354147,15568,847
2026-04-28,CAM042,Email,14002.26,83796,6932,722
2026-04-28,CAM043,Paid Search,59431.72,212812,12773,1038
2026-04-28,CAM044,Paid Social,72384.24,304897,13700,774
2026-04-29,CAM001,Affiliate,30719.74,107447,3811,210
2026-04-29,CAM002,Email,20319.39,150731,11852,1173
2026-04-29,CAM003,Paid Search,51173.34,157366,8233,665
2026-04-29,CAM004,Display,34424.75,174717,4658,150
2026-04-29,CAM005,Affiliate,28855.01,122480,4635,234
2026-04-29,CAM006,Paid Search,54088.37,211962,10896,855
2026-04-29,CAM007,Display,38380.29,206215,5347,191
2026-04-29,CAM008,Paid Search,56497.22,195769,11754,894
2026-04-29,CAM009,Affiliate,24228.48,91218,3134,180
2026-04-29,CAM010,Email,18504.87,114647,9937,1058
2026-04-29,CAM011,Affiliate,22235.93,89400,2891,172
2026-04-29,CAM012,Email,18323.93,140476,11790,1158
2026-04-29,CAM013,Affiliate,23942.73,104216,3284,188
2026-04-29,CAM014,Paid Social,62242.12,252655,10074,563
2026-04-29,CAM015,Paid Search,50422.71,155962,7809,567
2026-04-29,CAM016,Paid Search,53612.04,211869,11682,791
2026-04-29,CAM017,Paid Social,68705.81,324118,14102,888
2026-04-29,CAM018,Email,19211.05,131514,9636,927
2026-04-29,CAM019,Paid Search,51739.51,204085,12157,836
2026-04-29,CAM020,Paid Social,68437.35,312718,12267,721
2026-04-29,CAM021,Paid Search,57689.89,193447,9855,692
2026-04-29,CAM022,Display,34606.61,198930,4635,152
2026-04-29,CAM023,Email,17670.45,118955,9125,897
2026-04-29,CAM024,Display,37807.75,175595,4653,154
2026-04-29,CAM025,Email,16063.14,127685,9988,1063
2026-04-29,CAM026,Paid Social,63556.36,321763,14805,880
2026-04-29,CAM027,Email,21169.53,144686,11213,1152
2026-04-29,CAM028,Email,20065.96,150375,11631,1179
2026-04-29,CAM029,Paid Social,73841.67,369072,15369,911
2026-04-29,CAM030,Email,16181.13,119859,10200,1112
2026-04-29,CAM031,Paid Search,62902.61,225577,12172,863
2026-04-29,CAM032,Affiliate,25321.01,113038,3599,214
2026-04-29,CAM033,Paid Social,72503.28,318098,13876,807
2026-04-29,CAM034,Affiliate,27138.73,98781,3196,190
2026-04-29,CAM035,Paid Social,72156.46,326436,14183,777
2026-04-29,CAM036,Paid Social,56446.29,216135,8328,474
2026-04-29,CAM037,Display,30086.66,141740,3804,121
2026-04-29,CAM038,Display,34632.93,164359,4391,147
2026-04-29,CAM039,Email,15727.6,119027,9365,955
2026-04-29,CAM040,Affiliate,23208.75,104248,3804,197
2026-04-29,CAM041,Paid Social,70592.19,280464,12704,757
2026-04-29,CAM042,Email,15837.07,117287,9224,864
2026-04-29,CAM043,Paid Search,58713.91,200776,10223,711
2026-04-29,CAM044,Paid Social,56678.12,234326,10283,637
2026-04-30,CAM001,Affiliate,21553.15,74600,2428,146
2026-04-30,CAM002,Email,14301.36,91690,8021,745
2026-04-30,CAM003,Paid Search,50103.98,174299,9839,806
2026-04-30,CAM004,Display,38951.84,203664,5424,187
2026-04-30,CAM005,Affiliate,19126.24,71612,2598,136
2026-04-30,CAM006,Paid Search,51382.44,168593,9316,679
2026-04-30,CAM007,Display,30854.18,161107,3770,124
2026-04-30,CAM008,Paid Search,66542.56,221637,12383,966
2026-04-30,CAM009,Affiliate,26316.58,106431,3804,222
2026-04-30,CAM010,Email,20454.93,143957,10560,1080
2026-04-30,CAM011,Affiliate,19712.57,87097,3320,196
2026-04-30,CAM012,Email,19351.66,118499,9299,956
2026-04-30,CAM013,Affiliate,27259.28,121359,3863,202
2026-04-30,CAM014,Paid Social,66916.44,311697,13879,883
2026-04-30,CAM015,Paid Search,52082.01,204871,10187,767
2026-04-30,CAM016,Paid Search,71267.06,223200,11559,834
2026-04-30,CAM017,Paid Social,55317.59,220545,9503,575
2026-04-30,CAM018,Email,16575.92,124480,10270,940
2026-04-30,CAM019,Paid Search,59669.67,220278,11977,841
2026-04-30,CAM020,Paid Social,79800.27,368148,16738,969
2026-04-30,CAM021,Paid Search,58106.22,192514,11061,772
2026-04-30,CAM022,Display,35784.45,191077,4927,167
2026-04-30,CAM023,Email,18096.4,131105,11307,1113
2026-04-30,CAM024,Display,30440.88,161759,3730,129
2026-04-30,CAM025,Email,20018.51,126940,10948,1035
2026-04-30,CAM026,Paid Social,64060.33,270449,12484,706
2026-04-30,CAM027,Email,18879.2,148430,11798,1234
2026-04-30,CAM028,Email,18062.65,134757,10458,993
2026-04-30,CAM029,Paid Social,54022.51,257074,10649,679
2026-04-30,CAM030,Email,20247.99,146413,11069,1057
2026-04-30,CAM031,Paid Search,62205.94,234086,11686,958
2026-04-30,CAM032,Affiliate,23027.13,100491,3425,189
2026-04-30,CAM033,Paid Social,61668.83,266170,10099,659
2026-04-30,CAM034,Affiliate,21819.55,89947,3440,179
2026-04-30,CAM035,Paid Social,69891.56,304669,11771,652
2026-04-30,CAM036,Paid Social,58228.66,265879,11331,690
2026-04-30,CAM037,Display,33172.62,168227,4465,144
2026-04-30,CAM038,Display,34457.56,186782,4558,156
2026-04-30,CAM039,Email,21065.68,130443,9471,948
2026-04-30,CAM040,Affiliate,27594.79,109865,3768,192
2026-04-30,CAM041,Paid Social,63076.76,243083,9717,553
2026-04-30,CAM042,Email,14759.04,114065,8253,748
2026-04-30,CAM043,Paid Search,44297.54,163133,8758,705
2026-04-30,CAM044,Paid Social,66019.58,286507,11829,748
2026-05-01,CAM001,Affiliate,30588.09,107530,4124,213
2026-05-01,CAM002,Email,18519.97,139474,11878,1188
2026-05-01,CAM003,Paid Search,58100.07,214752,11737,844
2026-05-01,CAM004,Display,34249.95,196758,5333,183
2026-05-01,CAM005,Affiliate,27166.61,93519,3598,203
2026-05-01,CAM006,Paid Search,58556.11,217446,12584,953
2026-05-01,CAM007,Display,38430.1,181770,4593,176
2026-05-01,CAM008,Paid Search,60185.05,184148,9585,773
2026-05-01,CAM009,Affiliate,20636.22,71545,2722,152
2026-05-01,CAM010,Email,20136.2,139261,10275,1095
2026-05-01,CAM011,Affiliate,27352.25,93833,3112,160
2026-05-01,CAM012,Email,18555.14,119897,9871,998
2026-05-01,CAM013,Affiliate,24859.88,108910,4128,223
2026-05-01,CAM014,Paid Social,75157.65,372155,14537,912
2026-05-01,CAM015,Paid Search,46530.71,145783,7970,592
2026-05-01,CAM016,Paid Search,61489.07,228153,12718,920
2026-05-01,CAM017,Paid Social,69403.73,268435,10375,681
2026-05-01,CAM018,Email,17841.47,137323,11049,1173
2026-05-01,CAM019,Paid Search,56132.99,213217,11735,829
2026-05-01,CAM020,Paid Social,71519.69,308326,12039,684
2026-05-01,CAM021,Paid Search,75519.49,267857,14192,1063
2026-05-01,CAM022,Display,36653.2,180697,4091,157
2026-05-01,CAM023,Email,13607.19,105741,8430,809
2026-05-01,CAM024,Display,31539.34,176152,4062,147
2026-05-01,CAM025,Email,16548.05,98886,7629,760
2026-05-01,CAM026,Paid Social,54375.11,279641,12736,742
2026-05-01,CAM027,Email,19781.18,129045,11125,1178
2026-05-01,CAM028,Email,19063.94,147180,11623,1101
2026-05-01,CAM029,Paid Social,56671.17,287269,11798,670
2026-05-01,CAM030,Email,19149.98,127508,9878,1077
2026-05-01,CAM031,Paid Search,50298.08,188900,10020,821
2026-05-01,CAM032,Affiliate,26308.34,118846,4486,258
2026-05-01,CAM033,Paid Social,60469.14,233222,8918,523
2026-05-01,CAM034,Affiliate,27839.46,121516,3947,226
2026-05-01,CAM035,Paid Social,60632.63,285130,11416,718
2026-05-01,CAM036,Paid Social,68993.56,287891,11605,687
2026-05-01,CAM037,Display,34652.59,177428,4211,144
2026-05-01,CAM038,Display,34293.77,164762,3882,138
2026-05-01,CAM039,Email,18033.25,129200,9475,993
2026-05-01,CAM040,Affiliate,19053.2,81533,2813,168
2026-05-01,CAM041,Paid Social,61743.51,282657,11499,630
2026-05-01,CAM042,Email,17272.0,113361,8504,918
2026-05-01,CAM043,Paid Search,52999.32,213312,11295,781
2026-05-01,CAM044,Paid Social,67946.76,291118,12417,683
2026-05-02,CAM001,Affiliate,28017.84,114161,4302,238
2026-05-02,CAM002,Email,17539.2,128153,10232,1101
2026-05-02,CAM003,Paid Search,44572.39,172695,9855,734
2026-05-02,CAM004,Display,35694.46,194879,4677,160
2026-05-02,CAM005,Affiliate,28429.96,98802,3417,173
2026-05-02,CAM006,Paid Search,55428.23,168511,8665,697
2026-05-02,CAM007,Display,35029.72,153317,4129,133
2026-05-02,CAM008,Paid Search,54618.33,186048,11134,886
2026-05-02,CAM009,Affiliate,22378.43,77923,2980,173
2026-05-02,CAM010,Email,16941.54,130999,10535,988
2026-05-02,CAM011,Affiliate,22937.24,81769,2785,139
2026-05-02,CAM012,Email,15788.67,115581,9121,948
2026-05-02,CAM013,Affiliate,23589.97,86694,2872,145
2026-05-02,CAM014,Paid Social,67637.76,347111,14651,869
2026-05-02,CAM015,Paid Search,43524.59,154221,9135,672
2026-05-02,CAM016,Paid Search,57618.35,187404,11274,796
2026-05-02,CAM017,Paid Social,63679.84,327306,13934,799
2026-05-02,CAM018,Email,19563.39,144059,10909,1193
2026-05-02,CAM019,Paid Search,55833.38,193421,11005,864
2026-05-02,CAM020,Paid Social,66756.52,259372,10250,582
2026-05-02,CAM021,Paid Search,54014.85,202227,11012,863
2026-05-02,CAM022,Display,31641.14,176152,4590,172
2026-05-02,CAM023,Email,20127.57,159441,12242,1155
2026-05-02,CAM024,Display,31813.64,178159,4697,157
2026-05-02,CAM025,Email,16809.81,132835,10617,1002
2026-05-02,CAM026,Paid Social,69270.75,306302,13858,757
2026-05-02,CAM027,Email,19426.81,152739,12041,1134
2026-05-02,CAM028,Email,15080.75,111828,8841,842
2026-05-02,CAM029,Paid Social,63256.99,295766,11400,667
2026-05-02,CAM030,Email,18979.69,113841,9955,939
2026-05-02,CAM031,Paid Search,55986.7,171046,10334,798
2026-05-02,CAM032,Affiliate,24737.95,91628,3069,175
2026-05-02,CAM033,Paid Social,63509.79,277373,11241,650
2026-05-02,CAM034,Affiliate,28757.47,107591,3907,232
2026-05-02,CAM035,Paid Social,63008.83,243169,10982,595
2026-05-02,CAM036,Paid Social,75526.72,350360,13664,897
2026-05-02,CAM037,Display,36409.42,189629,4525,172
2026-05-02,CAM038,Display,34334.64,190947,4680,154
2026-05-02,CAM039,Email,16174.9,113728,9356,1005
2026-05-02,CAM040,Affiliate,24342.64,83593,3152,169
2026-05-02,CAM041,Paid Social,69012.58,299016,12035,766
2026-05-02,CAM042,Email,17572.17,112782,9696,1065
2026-05-02,CAM043,Paid Search,45498.71,169858,8477,661
2026-05-02,CAM044,Paid Social,58203.51,294614,12739,823
2026-05-03,CAM001,Affiliate,23696.44,100184,3499,207
2026-05-03,CAM002,Email,21399.0,158092,12701,1393
2026-05-03,CAM003,Paid Search,59470.82,177422,9568,702
2026-05-03,CAM004,Display,33151.76,156317,4046,147
2026-05-03,CAM005,Affiliate,26941.43,123680,3926,227
2026-05-03,CAM006,Paid Search,44691.72,147686,7418,584
2026-05-03,CAM007,Display,33661.12,157980,4231,137
2026-05-03,CAM008,Paid Search,59025.31,205212,11893,941
2026-05-03,CAM009,Affiliate,23175.59,80164,2687,161
2026-05-03,CAM010,Email,19609.04,139793,11991,1162
2026-05-03,CAM011,Affiliate,27345.44,118885,4175,219
2026-05-03,CAM012,Email,19059.23,138919,11592,1102
2026-05-03,CAM013,Affiliate,20278.75,82624,3102,170
2026-05-03,CAM014,Paid Social,62053.71,300608,12722,713
2026-05-03,CAM015,Paid Search,53653.57,191061,10099,787
2026-05-03,CAM016,Paid Search,63507.98,250767,14824,1058
2026-05-03,CAM017,Paid Social,52801.31,234306,9656,582
2026-05-03,CAM018,Email,22219.25,140617,10541,1150
2026-05-03,CAM019,Paid Search,59901.43,181023,10020,678
2026-05-03,CAM020,Paid Social,68896.55,354930,13506,822
2026-05-03,CAM021,Paid Search,54833.68,192258,10236,818
2026-05-03,CAM022,Display,35614.77,184182,4670,150
2026-05-03,CAM023,Email,19291.06,146317,11820,1103
2026-05-03,CAM024,Display,33840.83,147371,3585,135
2026-05-03,CAM025,Email,21299.85,135540,10109,1030
2026-05-03,CAM026,Paid Social,65160.42,307233,13499,729
2026-05-03,CAM027,Email,16766.98,103610,8851,895
2026-05-03,CAM028,Email,19363.02,128417,9660,884
2026-05-03,CAM029,Paid Social,64801.4,263329,11897,724
2026-05-03,CAM030,Email,14511.27,104202,8540,773
2026-05-03,CAM031,Paid Search,60904.93,181323,9924,679
2026-05-03,CAM032,Affiliate,26055.82,112229,3718,191
2026-05-03,CAM033,Paid Social,55122.01,215069,8997,516
2026-05-03,CAM034,Affiliate,22147.0,99868,3483,188
2026-05-03,CAM035,Paid Social,53970.61,246707,9615,590
2026-05-03,CAM036,Paid Social,79030.66,387744,16699,904
2026-05-03,CAM037,Display,41353.44,202331,5174,180
2026-05-03,CAM038,Display,38712.69,219227,5010,191
2026-05-03,CAM039,Email,17705.57,135778,10221,1070
2026-05-03,CAM040,Affiliate,27285.26,115981,3774,187
2026-05-03,CAM041,Paid Social,72496.0,365807,16678,991
2026-05-03,CAM042,Email,16263.29,104712,8226,796
2026-05-03,CAM043,Paid Search,52416.8,207816,10851,827
2026-05-03,CAM044,Paid Social,69617.08,314016,12667,762
2026-05-04,CAM001,Affiliate,26810.08,119929,3804,207
2026-05-04,CAM002,Email,14077.61,106572,8236,869
2026-05-04,CAM003,Paid Search,63060.41,214774,10840,790
2026-05-04,CAM004,Display,35570.32,196024,4465,145
2026-05-04,CAM005,Affiliate,24494.44,101798,3600,198
2026-05-04,CAM006,Paid Search,56461.41,219711,11344,850
2026-05-04,CAM007,Display,31752.26,137599,3630,124
2026-05-04,CAM008,Paid Search,52134.8,190179,10106,727
2026-05-04,CAM009,Affiliate,21033.95,93193,3444,178
2026-05-04,CAM010,Email,18846.08,147894,12644,1166
2026-05-04,CAM011,Affiliate,24347.25,98671,3738,198
2026-05-04,CAM012,Email,15926.74,113347,9310,861
2026-05-04,CAM013,Affiliate,23963.62,92532,3193,168
2026-05-04,CAM014,Paid Social,65052.82,263837,11251,629
2026-05-04,CAM015,Paid Search,62982.72,226761,11863,868
2026-05-04,CAM016,Paid Search,76275.38,231342,12196,978
2026-05-04,CAM017,Paid Social,77222.57,305074,12666,808
2026-05-04,CAM018,Email,21434.71,149858,11417,1128
2026-05-04,CAM019,Paid Search,67392.13,227193,11425,826
2026-05-04,CAM020,Paid Social,73374.96,327247,14106,771
2026-05-04,CAM021,Paid Search,51693.49,183776,9983,698
2026-05-04,CAM022,Display,36055.89,177980,4319,161
2026-05-04,CAM023,Email,18294.28,121838,9664,1059
2026-05-04,CAM024,Display,34869.83,169729,4087,143
2026-05-04,CAM025,Email,17884.04,122868,9781,921
2026-05-04,CAM026,Paid Social,67198.33,271357,10573,650
2026-05-04,CAM027,Email,15734.33,116187,10061,994
2026-05-04,CAM028,Email,20385.38,135084,10889,1048
2026-05-04,CAM029,Paid Social,64402.85,269655,11461,664
2026-05-04,CAM030,Email,14735.52,103415,7932,803
2026-05-04,CAM031,Paid Search,54750.9,211375,10540,822
2026-05-04,CAM032,Affiliate,22055.52,82733,2729,159
2026-05-04,CAM033,Paid Social,46260.88,179960,7542,458
2026-05-04,CAM034,Affiliate,27768.53,127534,4728,283
2026-05-04,CAM035,Paid Social,73721.7,306792,13170,734
2026-05-04,CAM036,Paid Social,58685.71,262337,11188,610
2026-05-04,CAM037,Display,32898.47,175182,4485,153
2026-05-04,CAM038,Display,34581.12,180284,4418,151
2026-05-04,CAM039,Email,17549.08,112066,8308,824
2026-05-04,CAM040,Affiliate,28548.33,124561,4036,230
2026-05-04,CAM041,Paid Social,70821.8,316582,13119,807
2026-05-04,CAM042,Email,20451.99,155775,11608,1243
2026-05-04,CAM043,Paid Search,50030.1,190824,9955,805
2026-05-04,CAM044,Paid Social,62972.54,240986,11041,696
2026-05-05,CAM001,Affiliate,24978.27,101432,3265,194
2026-05-05,CAM002,Email,18971.39,124729,10864,1102
2026-05-05,CAM003,Paid Search,58641.99,228548,13110,929
2026-05-05,CAM004,Display,32412.22,184342,4556,171
2026-05-05,CAM005,Affiliate,28563.97,108508,3941,207
2026-05-05,CAM006,Paid Search,63128.26,246465,13594,1118
2026-05-05,CAM007,Display,35570.69,157443,4110,136
2026-05-05,CAM008,Paid Search,48455.49,145479,8394,607
2026-05-05,CAM009,Affiliate,24029.0,87477,2757,154
2026-05-05,CAM010,Email,17490.38,109534,8205,826
2026-05-05,CAM011,Affiliate,21826.05,97474,3507,196
2026-05-05,CAM012,Email,20271.94,161394,11716,1082
2026-05-05,CAM013,Affiliate,27282.62,97846,3305,196
2026-05-05,CAM014,Paid Social,69202.41,278631,12099,686
2026-05-05,CAM015,Paid Search,60514.13,189402,11218,834
2026-05-05,CAM016,Paid Search,56317.39,173309,10117,764
2026-05-05,CAM017,Paid Social,61648.75,300799,12638,727
2026-05-05,CAM018,Email,18829.65,149585,11025,1044
2026-05-05,CAM019,Paid Search,64637.28,233787,11944,827
2026-05-05,CAM020,Paid Social,69538.34,302728,13531,822
2026-05-05,CAM021,Paid Search,53093.74,210127,10725,751
2026-05-05,CAM022,Display,27446.04,119745,2903,103
2026-05-05,CAM023,Email,21530.26,138254,10549,1072
2026-05-05,CAM024,Display,37004.23,196244,5329,201
2026-05-05,CAM025,Email,17090.84,133071,9818,998
2026-05-05,CAM026,Paid Social,61353.92,298484,11643,726
2026-05-05,CAM027,Email,17072.04,119440,8936,982
2026-05-05,CAM028,Email,22122.78,158658,11682,1175
2026-05-05,CAM029,Paid Social,64903.59,290472,11447,682
2026-05-05,CAM030,Email,16537.39,112053,8911,896
2026-05-05,CAM031,Paid Search,38265.22,145074,8774,617
2026-05-05,CAM032,Affiliate,25416.78,100198,3457,200
2026-05-05,CAM033,Paid Social,52386.13,225881,10001,587
2026-05-05,CAM034,Affiliate,21829.99,78843,2612,131
2026-05-05,CAM035,Paid Social,57351.51,234497,9944,586
2026-05-05,CAM036,Paid Social,67396.68,260028,11709,712
2026-05-05,CAM037,Display,29901.42,136166,3432,124
2026-05-05,CAM038,Display,43298.58,231570,5487,186
2026-05-05,CAM039,Email,17696.27,118018,9765,1052
2026-05-05,CAM040,Affiliate,28140.59,103464,3579,196
2026-05-05,CAM041,Paid Social,67651.17,280766,10906,668
2026-05-05,CAM042,Email,19023.21,113865,9688,1061
2026-05-05,CAM043,Paid Search,49752.07,156119,8938,672
2026-05-05,CAM044,Paid Social,65435.19,326851,12473,700
2026-05-06,CAM001,Affiliate,20717.19,84709,2926,166
2026-05-06,CAM002,Email,17608.68,126933,9511,970
2026-05-06,CAM003,Paid Search,59882.38,210163,11416,779
2026-05-06,CAM004,Display,40210.82,228192,5787,194
2026-05-06,CAM005,Affiliate,32722.42,111365,3769,221
2026-05-06,CAM006,Paid Search,58365.35,224122,11434,817
2026-05-06,CAM007,Display,37824.64,165460,4027,131
2026-05-06,CAM008,Paid Search,49658.5,164774,9924,694
2026-05-06,CAM009,Affiliate,28412.18,99401,3613,180
2026-05-06,CAM010,Email,17900.22,125645,10133,962
2026-05-06,CAM011,Affiliate,26108.21,93867,3184,165
2026-05-06,CAM012,Email,18805.2,142621,12298,1112
2026-05-06,CAM013,Affiliate,24799.0,100062,3724,187
2026-05-06,CAM014,Paid Social,62957.3,279913,10765,601
2026-05-06,CAM015,Paid Search,50654.62,196237,10330,815
2026-05-06,CAM016,Paid Search,44331.6,134111,6863,471
2026-05-06,CAM017,Paid Social,57492.28,222583,9542,538
2026-05-06,CAM018,Email,17646.58,137467,10891,1056
2026-05-06,CAM019,Paid Search,46421.19,146859,7815,561
2026-05-06,CAM020,Paid Social,63338.48,259941,11778,690
2026-05-06,CAM021,Paid Search,61700.83,213488,12229,902
2026-05-06,CAM022,Display,37718.47,175267,3956,129
2026-05-06,CAM023,Email,18737.4,140471,12284,1118
2026-05-06,CAM024,Display,28959.82,157133,3584,124
2026-05-06,CAM025,Email,16870.24,113838,9309,925
2026-05-06,CAM026,Paid Social,78171.41,397941,15609,975
2026-05-06,CAM027,Email,18024.52,118371,9203,984
2026-05-06,CAM028,Email,20190.92,154287,11150,1102
2026-05-06,CAM029,Paid Social,69662.92,356360,16281,981
2026-05-06,CAM030,Email,16942.6,105737,8415,870
2026-05-06,CAM031,Paid Search,57132.23,219391,11811,842
2026-05-06,CAM032,Affiliate,30448.91,106755,3400,180
2026-05-06,CAM033,Paid Social,59007.84,252594,11587,741
2026-05-06,CAM034,Affiliate,22457.41,91155,3056,179
2026-05-06,CAM035,Paid Social,66605.49,298725,11559,673
2026-05-06,CAM036,Paid Social,56068.24,271516,11075,652
2026-05-06,CAM037,Display,34665.59,195721,4759,159
2026-05-06,CAM038,Display,31837.92,136956,3540,130
2026-05-06,CAM039,Email,17158.69,103376,7565,768
2026-05-06,CAM040,Affiliate,23552.4,83795,3007,150
2026-05-06,CAM041,Paid Social,65022.72,283336,11349,626
2026-05-06,CAM042,Email,18878.32,120476,9075,928
2026-05-06,CAM043,Paid Search,39877.35,146667,7266,520
2026-05-06,CAM044,Paid Social,57546.76,235227,10756,614
2026-05-07,CAM001,Affiliate,22632.98,93413,2979,158
2026-05-07,CAM002,Email,18561.59,147916,11635,1202
2026-05-07,CAM003,Paid Search,43088.48,164397,8676,602
2026-05-07,CAM004,Display,28459.7,161370,4435,154
2026-05-07,CAM005,Affiliate,30843.49,119985,3935,236
2026-05-07,CAM006,Paid Search,34411.02,119708,6017,466
2026-05-07,CAM007,Display,36364.35,172074,4134,132
2026-05-07,CAM008,Paid Search,50980.97,175085,8866,616
2026-05-07,CAM009,Affiliate,26021.22,103870,3326,193
2026-05-07,CAM010,Email,15650.25,97136,7417,713
2026-05-07,CAM011,Affiliate,22202.87,82994,2624,148
2026-05-07,CAM012,Email,19444.71,136926,11863,1190
2026-05-07,CAM013,Affiliate,29204.72,106499,4050,234
2026-05-07,CAM014,Paid Social,68123.2,339761,15223,834
2026-05-07,CAM015,Paid Search,50672.19,197355,10269,819
2026-05-07,CAM016,Paid Search,49879.55,168221,9415,758
2026-05-07,CAM017,Paid Social,68128.12,322675,13107,819
2026-05-07,CAM018,Email,18891.14,116560,8492,783
2026-05-07,CAM019,Paid Search,58499.35,218612,11073,760
2026-05-07,CAM020,Paid Social,57299.31,228221,9102,552
2026-05-07,CAM021,Paid Search,54545.5,212876,10802,802
2026-05-07,CAM022,Display,30499.99,130872,3418,123
2026-05-07,CAM023,Email,15854.06,124452,9622,1051
2026-05-07,CAM024,Display,32924.89,187486,4655,161
2026-05-07,CAM025,Email,16888.17,112162,9696,882
2026-05-07,CAM026,Paid Social,62995.22,318056,12308,721
2026-05-07,CAM027,Email,20383.28,158071,12583,1167
2026-05-07,CAM028,Email,16349.15,124095,9736,932
2026-05-07,CAM029,Paid Social,60197.55,297013,13192,766
2026-05-07,CAM030,Email,17455.09,133377,11182,1138
2026-05-07,CAM031,Paid Search,57359.8,200921,10180,775
2026-05-07,CAM032,Affiliate,34574.52,143262,4754,237
2026-05-07,CAM033,Paid Social,52898.66,269331,11388,619
2026-05-07,CAM034,Affiliate,27619.68,113607,4143,225
2026-05-07,CAM035,Paid Social,75516.63,333833,15287,860
2026-05-07,CAM036,Paid Social,67202.79,340210,15067,925
2026-05-07,CAM037,Display,39009.22,174020,4770,182
2026-05-07,CAM038,Display,36388.22,196746,4478,144
2026-05-07,CAM039,Email,17219.34,121508,8942,822
2026-05-07,CAM040,Affiliate,21642.52,76971,2948,156
2026-05-07,CAM041,Paid Social,70680.41,353131,16015,991
2026-05-07,CAM042,Email,22620.93,140547,12172,1281
2026-05-07,CAM043,Paid Search,53152.22,198949,11971,953
2026-05-07,CAM044,Paid Social,57513.26,283767,11550,732
2026-05-08,CAM001,Affiliate,27031.9,107781,4096,233
2026-05-08,CAM002,Email,19224.2,141125,10231,965
2026-05-08,CAM003,Paid Search,60597.24,185262,9330,729
2026-05-08,CAM004,Display,25170.29,140347,3412,129
2026-05-08,CAM005,Affiliate,23329.19,90823,3037,157
2026-05-08,CAM006,Paid Search,53710.46,190820,11343,807
2026-05-08,CAM007,Display,28214.42,157039,3774,143
2026-05-08,CAM008,Paid Search,59594.49,182192,10298,804
2026-05-08,CAM009,Affiliate,20185.4,84069,2724,149
2026-05-08,CAM010,Email,18090.63,115251,9099,832
2026-05-08,CAM011,Affiliate,24751.66,104862,3980,210
2026-05-08,CAM012,Email,18194.23,126061,10075,1004
2026-05-08,CAM013,Affiliate,23309.81,104690,3615,186
2026-05-08,CAM014,Paid Social,68526.55,278283,11483,746
2026-05-08,CAM015,Paid Search,49880.2,173724,8779,651
2026-05-08,CAM016,Paid Search,50020.22,157461,8977,707
2026-05-08,CAM017,Paid Social,65265.72,314951,13354,877
2026-05-08,CAM018,Email,19348.84,141446,11200,1013
2026-05-08,CAM019,Paid Search,60174.43,235232,11942,880
2026-05-08,CAM020,Paid Social,53022.47,245557,10208,558
2026-05-08,CAM021,Paid Search,49075.06,163250,8803,660
2026-05-08,CAM022,Display,40502.17,205728,4898,164
2026-05-08,CAM023,Email,15404.23,93244,6959,713
2026-05-08,CAM024,Display,31408.55,180276,4543,145
2026-05-08,CAM025,Email,18404.05,144008,12301,1155
2026-05-08,CAM026,Paid Social,55193.31,225879,10430,610
2026-05-08,CAM027,Email,17344.26,125412,9471,1020
2026-05-08,CAM028,Email,20021.39,157166,11740,1224
2026-05-08,CAM029,Paid Social,64361.2,304233,13168,854
2026-05-08,CAM030,Email,17865.07,127013,10177,1097
2026-05-08,CAM031,Paid Search,53601.83,177641,8918,634
2026-05-08,CAM032,Affiliate,21855.66,95151,3102,172
2026-05-08,CAM033,Paid Social,61351.47,297838,12791,828
2026-05-08,CAM034,Affiliate,30121.96,136565,4491,245
2026-05-08,CAM035,Paid Social,83526.13,415847,17428,976
2026-05-08,CAM036,Paid Social,59247.13,296174,12786,733
2026-05-08,CAM037,Display,36547.86,189601,4835,180
2026-05-08,CAM038,Display,32693.52,184866,4756,173
2026-05-08,CAM039,Email,20452.78,134018,11502,1172
2026-05-08,CAM040,Affiliate,24451.88,85447,3263,168
2026-05-08,CAM041,Paid Social,56125.16,274071,12296,710
2026-05-08,CAM042,Email,17054.19,103052,7725,713
2026-05-08,CAM043,Paid Search,49492.22,169575,9499,672
2026-05-08,CAM044,Paid Social,62599.74,281329,11622,693
2026-05-09,CAM001,Affiliate,26066.4,106792,3955,215
2026-05-09,CAM002,Email,18604.56,120669,9777,979
2026-05-09,CAM003,Paid Search,65864.65,204817,12049,920
2026-05-09,CAM004,Display,36712.58,196098,4845,169
2026-05-09,CAM005,Affiliate,34226.13,138748,4690,273
2026-05-09,CAM006,Paid Search,52651.31,183203,9865,736
2026-05-09,CAM007,Display,38320.86,193173,5009,188
2026-05-09,CAM008,Paid Search,36797.66,116854,7009,558
2026-05-09,CAM009,Affiliate,24665.27,104049,3500,178
2026-05-09,CAM010,Email,19034.68,141933,11039,1139
2026-05-09,CAM011,Affiliate,23213.28,81543,3058,174
2026-05-09,CAM012,Email,18119.18,126328,10525,1019
2026-05-09,CAM013,Affiliate,26222.47,99450,3452,190
2026-05-09,CAM014,Paid Social,65875.18,317006,14634,912
2026-05-09,CAM015,Paid Search,49114.67,155832,8272,567
2026-05-09,CAM016,Paid Search,59740.58,233702,13966,1133
2026-05-09,CAM017,Paid Social,58109.09,229777,8815,500
2026-05-09,CAM018,Email,17416.87,131892,9808,1021
2026-05-09,CAM019,Paid Search,55252.47,177594,10313,756
2026-05-09,CAM020,Paid Social,65221.94,302170,13381,846
2026-05-09,CAM021,Paid Search,62077.77,246325,12286,990
2026-05-09,CAM022,Display,26876.34,143975,3795,131
2026-05-09,CAM023,Email,17006.61,121816,9285,1019
2026-05-09,CAM024,Display,40292.32,201259,5286,168
2026-05-09,CAM025,Email,15579.77,124137,9391,1006
2026-05-09,CAM026,Paid Social,74482.13,298865,13789,896
2026-05-09,CAM027,Email,17157.25,122938,10418,944
2026-05-09,CAM028,Email,17849.13,117121,9417,909
2026-05-09,CAM029,Paid Social,61299.16,278025,11613,645
2026-05-09,CAM030,Email,18584.13,116887,9951,999
2026-05-09,CAM031,Paid Search,43043.43,152783,8205,642
2026-05-09,CAM032,Affiliate,20931.38,82580,2654,140
2026-05-09,CAM033,Paid Social,53182.3,234756,10557,583
2026-05-09,CAM034,Affiliate,26677.61,90826,3184,186
2026-05-09,CAM035,Paid Social,66002.78,282333,11878,693
2026-05-09,CAM036,Paid Social,55422.7,238452,9610,559
2026-05-09,CAM037,Display,32454.82,149002,3379,113
2026-05-09,CAM038,Display,35723.65,173882,3920,127
2026-05-09,CAM039,Email,19887.65,127483,10433,1141
2026-05-09,CAM040,Affiliate,23143.42,81704,2680,148
2026-05-09,CAM041,Paid Social,60093.42,244914,11155,608
2026-05-09,CAM042,Email,18594.49,146257,12132,1240
2026-05-09,CAM043,Paid Search,63929.75,210002,11377,876
2026-05-09,CAM044,Paid Social,62510.92,316135,12228,792
2026-05-10,CAM001,Affiliate,23962.38,95211,3058,168
2026-05-10,CAM002,Email,18796.45,133527,9871,962
2026-05-10,CAM003,Paid Search,51925.73,204078,11679,848
2026-05-10,CAM004,Display,24909.64,141892,3552,126
2026-05-10,CAM005,Affiliate,22588.27,103599,3648,214
2026-05-10,CAM006,Paid Search,58034.25,232069,13407,1023
2026-05-10,CAM007,Display,38871.86,165888,4513,151
2026-05-10,CAM008,Paid Search,65183.31,245244,14120,1116
2026-05-10,CAM009,Affiliate,21950.35,92894,3130,186
2026-05-10,CAM010,Email,16497.27,129043,10946,1062
2026-05-10,CAM011,Affiliate,24425.76,88337,2959,174
2026-05-10,CAM012,Email,16381.1,125674,10604,1155
2026-05-10,CAM013,Affiliate,22517.91,84813,3027,178
2026-05-10,CAM014,Paid Social,67419.85,291807,13330,760
2026-05-10,CAM015,Paid Search,47381.67,189951,11410,789
2026-05-10,CAM016,Paid Search,51143.15,180739,9749,696
2026-05-10,CAM017,Paid Social,68929.15,293897,13062,757
2026-05-10,CAM018,Email,20113.63,141474,12419,1305
2026-05-10,CAM019,Paid Search,55227.99,197327,11121,766
2026-05-10,CAM020,Paid Social,71453.19,330854,14562,799
2026-05-10,CAM021,Paid Search,50079.11,178425,10214,692
2026-05-10,CAM022,Display,37745.67,204682,5560,193
2026-05-10,CAM023,Email,19644.51,155628,13252,1410
2026-05-10,CAM024,Display,37559.92,208871,4760,167
2026-05-10,CAM025,Email,16626.6,123241,8909,975
2026-05-10,CAM026,Paid Social,68205.44,308099,13674,829
2026-05-10,CAM027,Email,18731.04,149474,11167,1142
2026-05-10,CAM028,Email,19047.25,131967,11073,1217
2026-05-10,CAM029,Paid Social,68118.83,315965,13928,796
2026-05-10,CAM030,Email,18368.29,136304,11304,1117
2026-05-10,CAM031,Paid Search,50423.35,182462,10705,823
2026-05-10,CAM032,Affiliate,19578.8,74556,2367,122
2026-05-10,CAM033,Paid Social,70832.4,362733,14429,861
2026-05-10,CAM034,Affiliate,33352.96,139349,4617,255
2026-05-10,CAM035,Paid Social,87754.7,422947,17795,1042
2026-05-10,CAM036,Paid Social,59011.46,294430,11618,750
2026-05-10,CAM037,Display,32074.22,146238,3941,127
2026-05-10,CAM038,Display,39764.45,204087,5029,162
2026-05-10,CAM039,Email,19272.76,144942,11915,1165
2026-05-10,CAM040,Affiliate,25354.87,114585,3964,200
2026-05-10,CAM041,Paid Social,64087.87,262039,10528,657
2026-05-10,CAM042,Email,17907.07,143722,10900,1071
2026-05-10,CAM043,Paid Search,48833.11,188218,9486,657
2026-05-10,CAM044,Paid Social,55644.8,279864,12093,710
2026-05-11,CAM001,Affiliate,23243.58,88302,2983,175
2026-05-11,CAM002,Email,15841.14,125130,10936,1131
2026-05-11,CAM003,Paid Search,63373.81,214055,11767,960
2026-05-11,CAM004,Display,40959.73,202687,5318,171
2026-05-11,CAM005,Affiliate,24944.1,91475,3136,188
2026-05-11,CAM006,Paid Search,55464.8,192042,9878,746
2026-05-11,CAM007,Display,35853.59,156996,4146,153
2026-05-11,CAM008,Paid Search,42557.04,136473,7822,591
2026-05-11,CAM009,Affiliate,21668.47,82902,2958,168
2026-05-11,CAM010,Email,15853.47,104820,8802,854
2026-05-11,CAM011,Affiliate,26902.77,103228,3801,213
2026-05-11,CAM012,Email,22276.03,157161,13491,1440
2026-05-11,CAM013,Affiliate,23722.85,88504,3198,189
2026-05-11,CAM014,Paid Social,58515.64,237115,10199,578
2026-05-11,CAM015,Paid Search,51939.79,202239,11664,850
2026-05-11,CAM016,Paid Search,50414.11,180750,9787,674
2026-05-11,CAM017,Paid Social,65091.05,249476,10580,690
2026-05-11,CAM018,Email,18895.99,118030,8749,791
2026-05-11,CAM019,Paid Search,57268.45,222920,12356,996
2026-05-11,CAM020,Paid Social,62648.52,242428,10919,696
2026-05-11,CAM021,Paid Search,43038.8,154389,8782,619
2026-05-11,CAM022,Display,24448.47,114254,2685,87
2026-05-11,CAM023,Email,19917.35,121519,10224,1047
2026-05-11,CAM024,Display,34576.58,193691,5184,168
2026-05-11,CAM025,Email,23268.71,187168,14415,1415
2026-05-11,CAM026,Paid Social,67302.49,318945,14187,811
2026-05-11,CAM027,Email,16763.56,105931,8608,879
2026-05-11,CAM028,Email,21953.15,154094,11226,1170
2026-05-11,CAM029,Paid Social,60892.54,293694,12676,704
2026-05-11,CAM030,Email,17921.92,135485,10934,1081
2026-05-11,CAM031,Paid Search,66691.09,233898,13675,1011
2026-05-11,CAM032,Affiliate,21313.43,79629,3047,179
2026-05-11,CAM033,Paid Social,68318.62,294898,13568,810
2026-05-11,CAM034,Affiliate,22131.43,99518,3627,208
2026-05-11,CAM035,Paid Social,67674.08,264763,12056,694
2026-05-11,CAM036,Paid Social,56122.88,285125,10820,661
2026-05-11,CAM037,Display,39829.21,212059,5446,207
2026-05-11,CAM038,Display,35624.77,178491,4741,159
2026-05-11,CAM039,Email,18314.95,128227,9781,1006
2026-05-11,CAM040,Affiliate,21866.89,96317,3482,184
2026-05-11,CAM041,Paid Social,74302.84,314243,13698,875
2026-05-11,CAM042,Email,20178.86,140747,10290,1058
2026-05-11,CAM043,Paid Search,58059.93,207089,12184,830
2026-05-11,CAM044,Paid Social,67565.16,335579,14114,925
2026-05-12,CAM001,Affiliate,22833.93,88999,3288,174
2026-05-12,CAM002,Email,18769.9,130749,10929,1152
2026-05-12,CAM003,Paid Search,49264.64,192113,11518,860
2026-05-12,CAM004,Display,33109.62,165104,4530,165
2026-05-12,CAM005,Affiliate,21854.78,99649,3767,222
2026-05-12,CAM006,Paid Search,67253.96,239014,13881,1068
2026-05-12,CAM007,Display,35364.87,198611,5415,179
2026-05-12,CAM008,Paid Search,49990.17,191398,10393,708
2026-05-12,CAM009,Affiliate,27318.2,119180,3958,213
2026-05-12,CAM010,Email,20781.36,127898,10318,1033
2026-05-12,CAM011,Affiliate,23927.66,87555,3040,151
2026-05-12,CAM012,Email,20179.76,130004,10606,1023
2026-05-12,CAM013,Affiliate,22785.89,89774,3055,160
2026-05-12,CAM014,Paid Social,59463.47,250627,9652,596
2026-05-12,CAM015,Paid Search,47292.91,155676,8425,619
2026-05-12,CAM016,Paid Search,61837.53,207569,11872,903
2026-05-12,CAM017,Paid Social,66005.3,309284,12699,803
2026-05-12,CAM018,Email,15135.29,96046,7797,728
2026-05-12,CAM019,Paid Search,52361.01,193281,11407,900
2026-05-12,CAM020,Paid Social,78150.16,360089,14996,868
2026-05-12,CAM021,Paid Search,47897.46,151812,8873,715
2026-05-12,CAM022,Display,35380.4,189166,4549,173
2026-05-12,CAM023,Email,18310.3,140196,10504,1006
2026-05-12,CAM024,Display,35378.89,175279,4720,172
2026-05-12,CAM025,Email,18960.84,144301,10947,1073
2026-05-12,CAM026,Paid Social,55515.71,251330,10130,585
2026-05-12,CAM027,Email,19472.55,128891,10579,1152
2026-05-12,CAM028,Email,18396.75,133648,11046,1188
2026-05-12,CAM029,Paid Social,45359.44,224609,9464,535
2026-05-12,CAM030,Email,18428.29,135592,11536,1133
2026-05-12,CAM031,Paid Search,58748.5,185117,10350,757
2026-05-12,CAM032,Affiliate,25793.66,96222,3335,183
2026-05-12,CAM033,Paid Social,74726.14,320014,13109,773
2026-05-12,CAM034,Affiliate,23613.07,99098,3132,175
2026-05-12,CAM035,Paid Social,52437.56,227961,9205,590
2026-05-12,CAM036,Paid Social,58327.72,229478,9342,516
2026-05-12,CAM037,Display,30233.14,134799,3327,128
2026-05-12,CAM038,Display,27189.0,135385,3322,123
2026-05-12,CAM039,Email,19603.58,126627,9346,882
2026-05-12,CAM040,Affiliate,26385.99,111620,3844,194
2026-05-12,CAM041,Paid Social,59574.39,230884,9434,539
2026-05-12,CAM042,Email,16466.11,122862,8899,910
2026-05-12,CAM043,Paid Search,52710.36,166948,8988,708
2026-05-12,CAM044,Paid Social,64906.78,323772,14387,915
2026-05-13,CAM001,Affiliate,25191.72,89273,3397,188
2026-05-13,CAM002,Email,16052.62,120483,9724,1048
2026-05-13,CAM003,Paid Search,50481.87,157847,9146,719
2026-05-13,CAM004,Display,32093.22,152100,3511,126
2026-05-13,CAM005,Affiliate,25122.77,108778,4007,228
2026-05-13,CAM006,Paid Search,62329.74,250712,13764,1110
2026-05-13,CAM007,Display,30956.34,140921,3841,141
2026-05-13,CAM008,Paid Search,51285.01,174793,10419,821
2026-05-13,CAM009,Affiliate,30245.5,138029,4399,232
2026-05-13,CAM010,Email,18533.09,119884,10257,1039
2026-05-13,CAM011,Affiliate,20280.14,88480,3361,197
2026-05-13,CAM012,Email,15736.4,98032,7762,788
2026-05-13,CAM013,Affiliate,28967.87,103213,3520,184
2026-05-13,CAM014,Paid Social,72529.59,317559,13398,872
2026-05-13,CAM015,Paid Search,44082.28,137830,7499,580
2026-05-13,CAM016,Paid Search,47489.73,178920,10237,782
2026-05-13,CAM017,Paid Social,57394.14,266338,11168,629
2026-05-13,CAM018,Email,20241.25,150971,12019,1162
2026-05-13,CAM019,Paid Search,59402.68,213835,11007,814
2026-05-13,CAM020,Paid Social,74885.24,287231,12741,727
2026-05-13,CAM021,Paid Search,47501.44,187770,10980,742
2026-05-13,CAM022,Display,38079.19,176043,3989,140
2026-05-13,CAM023,Email,17316.17,126758,9698,1035
2026-05-13,CAM024,Display,31420.23,157438,3926,132
2026-05-13,CAM025,Email,16480.83,129730,9502,873
2026-05-13,CAM026,Paid Social,62245.65,270628,11980,786
2026-05-13,CAM027,Email,17328.85,115368,8750,928
2026-05-13,CAM028,Email,18279.45,139527,11027,1142
2026-05-13,CAM029,Paid Social,69549.78,274439,10761,702
2026-05-13,CAM030,Email,18525.68,132202,9765,912
2026-05-13,CAM031,Paid Search,57793.15,221533,12765,1039
2026-05-13,CAM032,Affiliate,23174.22,94167,3439,189
2026-05-13,CAM033,Paid Social,61718.28,293779,12159,688
2026-05-13,CAM034,Affiliate,22196.93,90334,3385,187
2026-05-13,CAM035,Paid Social,67212.89,284161,12078,695
2026-05-13,CAM036,Paid Social,75693.46,387573,17044,1027
2026-05-13,CAM037,Display,38836.73,179797,4500,167
2026-05-13,CAM038,Display,44801.4,251310,6282,218
2026-05-13,CAM039,Email,19906.29,125600,10740,1175
2026-05-13,CAM040,Affiliate,24614.81,97439,3269,192
2026-05-13,CAM041,Paid Social,54987.26,213020,9677,528
2026-05-13,CAM042,Email,17724.3,130739,10072,966
2026-05-13,CAM043,Paid Search,43132.96,158363,9142,641
2026-05-13,CAM044,Paid Social,65579.52,294724,11145,733
2026-05-14,CAM001,Affiliate,23548.99,94862,3501,201
2026-05-14,CAM002,Email,20984.4,126087,9357,988
2026-05-14,CAM003,Paid Search,58877.49,179735,10730,796
2026-05-14,CAM004,Display,27130.4,125339,3070,112
2026-05-14,CAM005,Affiliate,28951.2,112857,3684,185
2026-05-14,CAM006,Paid Search,47255.58,173471,10167,760
2026-05-14,CAM007,Display,34856.05,160025,4095,141
2026-05-14,CAM008,Paid Search,52067.03,191886,10158,821
2026-05-14,CAM009,Affiliate,25437.3,92386,2925,159
2026-05-14,CAM010,Email,19765.14,136053,11417,1240
2026-05-14,CAM011,Affiliate,23624.05,90433,3306,177
2026-05-14,CAM012,Email,15762.74,95880,7702,695
2026-05-14,CAM013,Affiliate,26620.95,93538,3342,200
2026-05-14,CAM014,Paid Social,73659.22,339392,14126,858
2026-05-14,CAM015,Paid Search,59355.95,197170,11334,779
2026-05-14,CAM016,Paid Search,48498.91,182900,11001,853
2026-05-14,CAM017,Paid Social,70316.83,342165,13786,836
2026-05-14,CAM018,Email,17973.48,135218,10807,1044
2026-05-14,CAM019,Paid Search,59428.88,224283,12962,879
2026-05-14,CAM020,Paid Social,57580.72,254923,10921,674
2026-05-14,CAM021,Paid Search,61857.55,239937,13170,919
2026-05-14,CAM022,Display,37839.9,198144,5147,166
2026-05-14,CAM023,Email,18019.57,133303,9831,1062
2026-05-14,CAM024,Display,35647.85,170331,4630,169
2026-05-14,CAM025,Email,19793.18,142988,11368,1137
2026-05-14,CAM026,Paid Social,70567.85,350085,15876,858
2026-05-14,CAM027,Email,17212.04,117046,8955,927
2026-05-14,CAM028,Email,17718.49,116770,10214,1094
2026-05-14,CAM029,Paid Social,72653.8,290429,11316,714
2026-05-14,CAM030,Email,18141.29,113605,9210,902
2026-05-14,CAM031,Paid Search,49981.79,169112,8580,694
2026-05-14,CAM032,Affiliate,27026.94,99035,3253,163
2026-05-14,CAM033,Paid Social,68685.18,349992,14690,798
2026-05-14,CAM034,Affiliate,28695.06,120185,4240,252
2026-05-14,CAM035,Paid Social,85193.34,402140,16814,921
2026-05-14,CAM036,Paid Social,76784.6,303769,14033,844
2026-05-14,CAM037,Display,32542.98,185610,4366,139
2026-05-14,CAM038,Display,31373.28,150186,4025,132
2026-05-14,CAM039,Email,19851.22,125242,9162,914
2026-05-14,CAM040,Affiliate,24705.08,111086,3578,187
2026-05-14,CAM041,Paid Social,58362.76,255144,10034,587
2026-05-14,CAM042,Email,19641.15,126236,11049,1114
2026-05-14,CAM043,Paid Search,50367.5,167110,9122,672
2026-05-14,CAM044,Paid Social,68470.75,313387,12764,799
2026-05-15,CAM001,Affiliate,25470.72,87191,3188,172
2026-05-15,CAM002,Email,18685.48,132782,11220,1101
2026-05-15,CAM003,Paid Search,51399.0,162832,8724,594
2026-05-15,CAM004,Display,31627.47,157301,3590,127
2026-05-15,CAM005,Affiliate,22186.22,99375,3622,190
2026-05-15,CAM006,Paid Search,52068.52,179809,9356,636
2026-05-15,CAM007,Display,29225.77,135935,3197,114
2026-05-15,CAM008,Paid Search,63590.93,251459,13630,956
2026-05-15,CAM009,Affiliate,28469.41,118497,4011,237
2026-05-15,CAM010,Email,14005.61,102106,8870,815
2026-05-15,CAM011,Affiliate,21922.45,97622,3206,165
2026-05-15,CAM012,Email,21471.92,157433,13253,1363
2026-05-15,CAM013,Affiliate,25468.85,94054,3136,177
2026-05-15,CAM014,Paid Social,75754.26,296378,13111,758
2026-05-15,CAM015,Paid Search,50288.59,171274,8627,701
2026-05-15,CAM016,Paid Search,50355.04,198838,10971,851
2026-05-15,CAM017,Paid Social,58593.15,302838,13163,824
2026-05-15,CAM018,Email,17212.37,103859,9010,973
2026-05-15,CAM019,Paid Search,53721.14,179744,10560,721
2026-05-15,CAM020,Paid Social,76439.92,340738,14546,805
2026-05-15,CAM021,Paid Search,54109.58,193459,11424,798
2026-05-15,CAM022,Display,28918.57,154726,4058,154
2026-05-15,CAM023,Email,18807.56,145398,12592,1324
2026-05-15,CAM024,Display,36211.42,175511,4159,157
2026-05-15,CAM025,Email,17514.78,110918,8105,888
2026-05-15,CAM026,Paid Social,70922.87,361221,15826,930
2026-05-15,CAM027,Email,15886.43,108161,7998,802
2026-05-15,CAM028,Email,18062.97,131214,9597,891
2026-05-15,CAM029,Paid Social,73768.31,301388,13508,852
2026-05-15,CAM030,Email,17899.62,113178,8458,793
2026-05-15,CAM031,Paid Search,38053.24,130328,6856,520
2026-05-15,CAM032,Affiliate,25886.93,93378,3181,168
2026-05-15,CAM033,Paid Social,59357.54,295860,11355,702
2026-05-15,CAM034,Affiliate,23283.35,93153,3112,171
2026-05-15,CAM035,Paid Social,55807.08,235183,9668,543
2026-05-15,CAM036,Paid Social,61026.0,303664,13920,910
2026-05-15,CAM037,Display,39133.81,190582,4658,150
2026-05-15,CAM038,Display,33378.78,145012,3580,125
2026-05-15,CAM039,Email,18692.63,128517,10133,1078
2026-05-15,CAM040,Affiliate,26287.37,89947,2856,153
2026-05-15,CAM041,Paid Social,60433.61,282431,12587,812
2026-05-15,CAM042,Email,17685.52,124348,9525,967
2026-05-15,CAM043,Paid Search,53873.68,201338,10145,723
2026-05-15,CAM044,Paid Social,62671.66,240963,9960,641
2026-05-16,CAM001,Affiliate,21249.14,87592,2990,158
2026-05-16,CAM002,Email,18245.69,112857,9787,969
2026-05-16,CAM003,Paid Search,58188.72,221720,12418,1022
2026-05-16,CAM004,Display,34205.86,145623,3839,140
2026-05-16,CAM005,Affiliate,22066.34,80488,2683,135
2026-05-16,CAM006,Paid Search,59995.45,197809,11814,808
2026-05-16,CAM007,Display,38992.81,203365,5476,183
2026-05-16,CAM008,Paid Search,56199.5,216039,11096,763
2026-05-16,CAM009,Affiliate,25726.81,94434,3347,200
2026-05-16,CAM010,Email,17495.01,135301,11147,1147
2026-05-16,CAM011,Affiliate,23700.6,93344,3480,180
2026-05-16,CAM012,Email,14219.26,99481,7605,717
2026-05-16,CAM013,Affiliate,23222.28,103604,3478,174
2026-05-16,CAM014,Paid Social,58618.38,241959,9320,507
2026-05-16,CAM015,Paid Search,53096.17,213082,11685,930
2026-05-16,CAM016,Paid Search,61721.86,215978,10835,839
2026-05-16,CAM017,Paid Social,56430.46,267744,12084,666
2026-05-16,CAM018,Email,18848.96,150756,12169,1225
2026-05-16,CAM019,Paid Search,52013.07,183344,10062,714
2026-05-16,CAM020,Paid Social,76826.26,378133,16441,949
2026-05-16,CAM021,Paid Search,60681.26,201809,10206,742
2026-05-16,CAM022,Display,33703.45,167953,4301,137
2026-05-16,CAM023,Email,14337.98,88071,6886,663
2026-05-16,CAM024,Display,35136.92,198056,4570,160
2026-05-16,CAM025,Email,20550.71,130588,11283,1136
2026-05-16,CAM026,Paid Social,55127.46,255940,9825,646
2026-05-16,CAM027,Email,16414.3,105916,7890,817
2026-05-16,CAM028,Email,14737.17,95880,8371,897
2026-05-16,CAM029,Paid Social,62640.61,256345,10276,623
2026-05-16,CAM030,Email,17509.22,116678,8458,897
2026-05-16,CAM031,Paid Search,55284.41,193642,9899,770
2026-05-16,CAM032,Affiliate,21481.9,74657,2519,151
2026-05-16,CAM033,Paid Social,68717.96,267676,10487,601
2026-05-16,CAM034,Affiliate,23732.18,103449,3287,187
2026-05-16,CAM035,Paid Social,63325.95,274224,11158,638
2026-05-16,CAM036,Paid Social,54723.58,270354,12065,679
2026-05-16,CAM037,Display,37657.88,210259,5022,160
2026-05-16,CAM038,Display,36376.97,178713,4803,168
2026-05-16,CAM039,Email,18863.9,141708,10673,1121
2026-05-16,CAM040,Affiliate,26878.67,92922,3039,163
2026-05-16,CAM041,Paid Social,75089.16,343472,15445,998
2026-05-16,CAM042,Email,18616.63,119407,10186,983
2026-05-16,CAM043,Paid Search,53985.29,168785,9912,779
2026-05-16,CAM044,Paid Social,65274.13,260866,11654,735
2026-05-17,CAM001,Affiliate,28119.57,102685,3876,217
2026-05-17,CAM002,Email,16648.8,125389,10325,1116
2026-05-17,CAM003,Paid Search,66685.36,249923,13792,1069
2026-05-17,CAM004,Display,36733.77,191839,5178,193
2026-05-17,CAM005,Affiliate,30436.82,104010,3321,181
2026-05-17,CAM006,Paid Search,40719.29,123073,6994,481
2026-05-17,CAM007,Display,36721.21,191156,5227,191
2026-05-17,CAM008,Paid Search,52593.78,168816,9159,716
2026-05-17,CAM009,Affiliate,21973.39,81738,2864,169
2026-05-17,CAM010,Email,23027.74,168508,14652,1486
2026-05-17,CAM011,Affiliate,21632.76,97443,3133,162
2026-05-17,CAM012,Email,18236.41,132367,10070,961
2026-05-17,CAM013,Affiliate,29648.47,124921,4735,274
2026-05-17,CAM014,Paid Social,71237.49,299067,12370,789
2026-05-17,CAM015,Paid Search,51878.93,195720,11339,835
2026-05-17,CAM016,Paid Search,57014.78,218582,13149,1021
2026-05-17,CAM017,Paid Social,70948.43,335166,15278,957
2026-05-17,CAM018,Email,18437.27,131094,10587,962
2026-05-17,CAM019,Paid Search,55109.13,166095,8921,646
2026-05-17,CAM020,Paid Social,62989.01,254497,10836,625
2026-05-17,CAM021,Paid Search,50670.62,165683,8312,631
2026-05-17,CAM022,Display,32819.06,142313,3820,142
2026-05-17,CAM023,Email,12665.64,90116,7515,770
2026-05-17,CAM024,Display,37890.72,168178,4424,157
2026-05-17,CAM025,Email,21108.77,135221,10661,982
2026-05-17,CAM026,Paid Social,59432.72,295528,11213,661
2026-05-17,CAM027,Email,20687.07,162896,12717,1298
2026-05-17,CAM028,Email,19213.96,136575,10157,992
2026-05-17,CAM029,Paid Social,62980.14,250575,10878,606
2026-05-17,CAM030,Email,16624.48,131061,11377,1097
2026-05-17,CAM031,Paid Search,57388.42,196666,10620,743
2026-05-17,CAM032,Affiliate,26443.69,114639,3892,203
2026-05-17,CAM033,Paid Social,65920.24,310695,13976,843
2026-05-17,CAM034,Affiliate,25602.53,87237,3098,173
2026-05-17,CAM035,Paid Social,57620.96,231687,10507,684
2026-05-17,CAM036,Paid Social,70835.21,324552,12729,763
2026-05-17,CAM037,Display,36186.0,188985,4856,172
2026-05-17,CAM038,Display,34070.42,154889,3825,135
2026-05-17,CAM039,Email,20662.78,123567,9334,915
2026-05-17,CAM040,Affiliate,22097.55,75571,2739,152
2026-05-17,CAM041,Paid Social,58317.19,250456,9524,576
2026-05-17,CAM042,Email,16132.21,112042,9661,1052
2026-05-17,CAM043,Paid Search,57611.47,208837,10434,735
2026-05-17,CAM044,Paid Social,66883.14,269670,10989,702
2026-05-18,CAM001,Affiliate,19697.04,72626,2467,131
2026-05-18,CAM002,Email,21689.51,159309,11695,1121
2026-05-18,CAM003,Paid Search,54195.98,194302,10114,766
2026-05-18,CAM004,Display,41460.8,231064,5530,204
2026-05-18,CAM005,Affiliate,19966.72,88258,2954,158
2026-05-18,CAM006,Paid Search,62901.96,205861,11905,813
2026-05-18,CAM007,Display,41251.86,188233,4834,158
2026-05-18,CAM008,Paid Search,52101.14,174309,8916,710
2026-05-18,CAM009,Affiliate,25308.84,100723,3365,182
2026-05-18,CAM010,Email,18643.5,141833,12076,1114
2026-05-18,CAM011,Affiliate,24102.81,108478,3564,179
2026-05-18,CAM012,Email,14987.09,96678,8200,747
2026-05-18,CAM013,Affiliate,26754.61,109720,3505,182
2026-05-18,CAM014,Paid Social,59045.65,274890,11912,741
2026-05-18,CAM015,Paid Search,58084.73,204878,10576,740
2026-05-18,CAM016,Paid Search,59703.39,190446,9537,709
2026-05-18,CAM017,Paid Social,78088.44,359810,14771,941
2026-05-18,CAM018,Email,18717.3,149521,12576,1360
2026-05-18,CAM019,Paid Search,57144.94,220748,11675,882
2026-05-18,CAM020,Paid Social,66504.94,334027,13649,830
2026-05-18,CAM021,Paid Search,65078.27,230613,12219,1002
2026-05-18,CAM022,Display,38458.8,212038,4780,183
2026-05-18,CAM023,Email,20826.63,133467,10784,1025
2026-05-18,CAM024,Display,34972.0,156003,3563,130
2026-05-18,CAM025,Email,11544.86,83211,6502,602
2026-05-18,CAM026,Paid Social,65321.41,283237,12070,736
2026-05-18,CAM027,Email,18852.84,130479,9554,1047
2026-05-18,CAM028,Email,17588.35,137679,9980,941
2026-05-18,CAM029,Paid Social,57313.97,264129,11072,689
2026-05-18,CAM030,Email,14638.59,100567,7954,800
2026-05-18,CAM031,Paid Search,60365.35,225424,11737,902
2026-05-18,CAM032,Affiliate,23426.14,81346,3128,186
2026-05-18,CAM033,Paid Social,69565.62,287420,11729,682
2026-05-18,CAM034,Affiliate,24463.14,84600,2857,169
2026-05-18,CAM035,Paid Social,65814.8,330196,12905,779
2026-05-18,CAM036,Paid Social,58778.81,230871,9290,530
2026-05-18,CAM037,Display,37271.46,208815,4864,175
2026-05-18,CAM038,Display,33211.21,169012,3929,147
2026-05-18,CAM039,Email,13344.62,101973,8360,788
2026-05-18,CAM040,Affiliate,27865.4,118227,4311,246
2026-05-18,CAM041,Paid Social,71055.59,312481,11980,758
2026-05-18,CAM042,Email,17377.6,138211,11769,1249
2026-05-18,CAM043,Paid Search,48503.51,149865,7697,559
2026-05-18,CAM044,Paid Social,71608.02,319806,13383,801
2026-05-19,CAM001,Affiliate,28758.91,108145,3479,181
2026-05-19,CAM002,Email,18413.11,134946,11705,1101
2026-05-19,CAM003,Paid Search,58718.37,225701,11505,927
2026-05-19,CAM004,Display,33376.56,152169,3852,132
2026-05-19,CAM005,Affiliate,25113.8,112074,3698,201
2026-05-19,CAM006,Paid Search,59905.01,185003,9978,684
2026-05-19,CAM007,Display,38245.06,169852,4219,152
2026-05-19,CAM008,Paid Search,51751.71,188754,9894,671
2026-05-19,CAM009,Affiliate,26741.31,110437,4074,215
2026-05-19,CAM010,Email,21121.25,163980,13897,1384
2026-05-19,CAM011,Affiliate,22265.87,81919,2811,161
2026-05-19,CAM012,Email,14983.82,90260,6837,645
2026-05-19,CAM013,Affiliate,22186.63,100271,3760,187
2026-05-19,CAM014,Paid Social,66071.42,294645,12243,699
2026-05-19,CAM015,Paid Search,64913.89,233821,13578,1029
2026-05-19,CAM016,Paid Search,53692.42,202352,11373,902
2026-05-19,CAM017,Paid Social,72988.95,337761,14714,971
2026-05-19,CAM018,Email,18424.68,110290,9128,946
2026-05-19,CAM019,Paid Search,63495.55,218173,13140,889
2026-05-19,CAM020,Paid Social,71729.02,334631,14939,867
2026-05-19,CAM021,Paid Search,63754.85,212891,12651,910
2026-05-19,CAM022,Display,30913.38,166143,4014,139
2026-05-19,CAM023,Email,19825.45,128972,11237,1085
2026-05-19,CAM024,Display,40648.22,195304,4841,168
2026-05-19,CAM025,Email,19002.54,149182,12182,1274
2026-05-19,CAM026,Paid Social,85984.22,367935,15044,930
2026-05-19,CAM027,Email,15670.88,124650,9983,959
2026-05-19,CAM028,Email,18655.97,121324,10458,1118
2026-05-19,CAM029,Paid Social,44872.15,192816,8796,557
2026-05-19,CAM030,Email,17842.67,119712,9832,935
2026-05-19,CAM031,Paid Search,65913.35,242972,13861,1058
2026-05-19,CAM032,Affiliate,23923.85,93284,3034,162
2026-05-19,CAM033,Paid Social,70912.64,338927,15074,955
2026-05-19,CAM034,Affiliate,27646.02,115779,3977,204
2026-05-19,CAM035,Paid Social,66786.9,311190,11894,728
2026-05-19,CAM036,Paid Social,61057.94,273355,11359,614
2026-05-19,CAM037,Display,38956.56,209791,5005,166
2026-05-19,CAM038,Display,36072.4,194797,4849,168
2026-05-19,CAM039,Email,14005.47,110287,9248,892
2026-05-19,CAM040,Affiliate,30459.17,125067,4717,256
2026-05-19,CAM041,Paid Social,69646.31,290002,12562,698
2026-05-19,CAM042,Email,16763.57,101986,8334,885
2026-05-19,CAM043,Paid Search,66892.79,255916,15225,1142
2026-05-19,CAM044,Paid Social,72027.99,295234,11959,666
2026-05-20,CAM001,Affiliate,25623.95,108398,3937,224
2026-05-20,CAM002,Email,20800.98,154454,12050,1161
2026-05-20,CAM003,Paid Search,50455.08,185785,10720,848
2026-05-20,CAM004,Display,30505.12,137903,3687,137
2026-05-20,CAM005,Affiliate,31693.02,118838,4321,257
2026-05-20,CAM006,Paid Search,64542.59,204435,10458,755
2026-05-20,CAM007,Display,37897.94,210405,5456,183
2026-05-20,CAM008,Paid Search,66762.5,252810,13720,969
2026-05-20,CAM009,Affiliate,25718.25,116484,3723,198
2026-05-20,CAM010,Email,18142.48,125884,9402,929
2026-05-20,CAM011,Affiliate,20438.25,74249,2517,141
2026-05-20,CAM012,Email,18994.66,136525,10830,1185
2026-05-20,CAM013,Affiliate,24951.41,87080,3063,153
2026-05-20,CAM014,Paid Social,62124.43,309813,12686,805
2026-05-20,CAM015,Paid Search,54799.19,165084,8199,671
2026-05-20,CAM016,Paid Search,46496.48,180698,9389,753
2026-05-20,CAM017,Paid Social,62809.5,279803,11088,731
2026-05-20,CAM018,Email,19763.33,131137,9862,1029
2026-05-20,CAM019,Paid Search,58341.66,219035,10871,803
2026-05-20,CAM020,Paid Social,61488.75,295151,13049,806
2026-05-20,CAM021,Paid Search,60404.72,223074,12009,977
2026-05-20,CAM022,Display,32744.61,171236,3947,139
2026-05-20,CAM023,Email,18248.19,121514,9137,855
2026-05-20,CAM024,Display,32980.7,146199,3889,147
2026-05-20,CAM025,Email,15612.27,96685,7972,821
2026-05-20,CAM026,Paid Social,74569.27,311509,12715,717
2026-05-20,CAM027,Email,19727.22,132615,11105,1148
2026-05-20,CAM028,Email,16097.21,109536,8624,908
2026-05-20,CAM029,Paid Social,53337.33,222650,8489,469
2026-05-20,CAM030,Email,16670.34,100103,7689,797
2026-05-20,CAM031,Paid Search,52579.79,199900,10558,756
2026-05-20,CAM032,Affiliate,16978.3,67756,2376,128
2026-05-20,CAM033,Paid Social,74954.98,329059,14959,868
2026-05-20,CAM034,Affiliate,27959.01,95251,3319,183
2026-05-20,CAM035,Paid Social,72382.59,329915,13638,866
2026-05-20,CAM036,Paid Social,58336.76,275125,11810,727
2026-05-20,CAM037,Display,39737.14,176173,4412,161
2026-05-20,CAM038,Display,34749.75,150255,3608,129
2026-05-20,CAM039,Email,20472.1,130721,11280,1138
2026-05-20,CAM040,Affiliate,24546.45,87340,3197,167
2026-05-20,CAM041,Paid Social,63910.59,255354,10806,698
2026-05-20,CAM042,Email,15857.47,99393,7848,755
2026-05-20,CAM043,Paid Search,57968.09,205082,10827,816
2026-05-20,CAM044,Paid Social,71080.99,280026,10770,663
2026-05-21,CAM001,Affiliate,20562.71,75455,2799,156
2026-05-21,CAM002,Email,14910.25,101214,7408,716
2026-05-21,CAM003,Paid Search,66463.2,209667,11527,898
2026-05-21,CAM004,Display,36195.79,196033,4773,167
2026-05-21,CAM005,Affiliate,31003.89,106516,3407,184
2026-05-21,CAM006,Paid Search,58497.85,174202,10007,769
2026-05-21,CAM007,Display,38411.92,218026,5262,174
2026-05-21,CAM008,Paid Search,49385.91,172710,9630,720
2026-05-21,CAM009,Affiliate,21301.37,76500,2840,149
2026-05-21,CAM010,Email,15014.24,105045,8582,901
2026-05-21,CAM011,Affiliate,26314.03,101865,3238,183
2026-05-21,CAM012,Email,19408.45,129972,10901,1164
2026-05-21,CAM013,Affiliate,30639.86,116118,3871,219
2026-05-21,CAM014,Paid Social,67033.63,329362,14322,862
2026-05-21,CAM015,Paid Search,52085.08,188691,9609,702
2026-05-21,CAM016,Paid Search,52600.33,177427,10119,777
2026-05-21,CAM017,Paid Social,58768.33,290581,11514,693
2026-05-21,CAM018,Email,17648.34,110593,8292,789
2026-05-21,CAM019,Paid Search,52734.62,166275,9375,736
2026-05-21,CAM020,Paid Social,62203.72,248378,9955,643
2026-05-21,CAM021,Paid Search,65501.97,248269,12339,912
2026-05-21,CAM022,Display,38004.18,205792,5376,193
2026-05-21,CAM023,Email,19873.26,142498,11555,1218
2026-05-21,CAM024,Display,36870.1,208129,5683,193
2026-05-21,CAM025,Email,22743.89,166867,12977,1205
2026-05-21,CAM026,Paid Social,60297.43,265621,11047,709
2026-05-21,CAM027,Email,18117.84,139670,11087,1021
2026-05-21,CAM028,Email,20606.63,132766,11315,1201
2026-05-21,CAM029,Paid Social,56159.02,285778,12559,780
2026-05-21,CAM030,Email,21321.43,155999,11590,1075
2026-05-21,CAM031,Paid Search,54866.86,211450,11268,856
2026-05-21,CAM032,Affiliate,27792.83,100290,3725,186
2026-05-21,CAM033,Paid Social,65943.44,294113,12418,698
2026-05-21,CAM034,Affiliate,27324.33,107137,3536,179
2026-05-21,CAM035,Paid Social,77039.52,350315,15952,1036
2026-05-21,CAM036,Paid Social,81396.57,381012,17231,1082
2026-05-21,CAM037,Display,32177.9,157586,3611,122
2026-05-21,CAM038,Display,30836.4,138498,3586,127
2026-05-21,CAM039,Email,18533.07,135860,11655,1087
2026-05-21,CAM040,Affiliate,28752.64,107875,3736,207
2026-05-21,CAM041,Paid Social,75656.71,388455,17223,959
2026-05-21,CAM042,Email,18231.5,118530,9734,917
2026-05-21,CAM043,Paid Search,64270.34,240087,12346,882
2026-05-21,CAM044,Paid Social,63080.34,282880,12825,762
2026-05-22,CAM001,Affiliate,22825.96,104970,3548,209
2026-05-22,CAM002,Email,20607.83,125989,10046,1028
2026-05-22,CAM003,Paid Search,58828.21,175304,10366,718
2026-05-22,CAM004,Display,27929.81,119861,3259,104
2026-05-22,CAM005,Affiliate,26846.64,119432,3787,210
2026-05-22,CAM006,Paid Search,57372.0,207376,12434,876
2026-05-22,CAM007,Display,37577.98,179645,4729,169
2026-05-22,CAM008,Paid Search,73890.43,235002,11960,983
2026-05-22,CAM009,Affiliate,27351.77,123090,4054,225
2026-05-22,CAM010,Email,16883.67,110646,9262,903
2026-05-22,CAM011,Affiliate,28444.11,118820,3981,197
2026-05-22,CAM012,Email,17742.44,120500,10051,998
2026-05-22,CAM013,Affiliate,23991.77,102932,3917,204
2026-05-22,CAM014,Paid Social,83805.95,356419,14885,953
2026-05-22,CAM015,Paid Search,50233.87,175418,8880,643
2026-05-22,CAM016,Paid Search,55466.69,193891,10524,724
2026-05-22,CAM017,Paid Social,71366.34,280744,12365,743
2026-05-22,CAM018,Email,22172.86,156141,12301,1260
2026-05-22,CAM019,Paid Search,72922.7,240572,14397,1141
2026-05-22,CAM020,Paid Social,58452.66,263894,11722,679
2026-05-22,CAM021,Paid Search,53561.46,159992,8194,611
2026-05-22,CAM022,Display,33873.79,156064,4067,145
2026-05-22,CAM023,Email,18373.8,134980,11159,1129
2026-05-22,CAM024,Display,30664.05,144261,3283,121
2026-05-22,CAM025,Email,16625.6,113278,9617,922
2026-05-22,CAM026,Paid Social,70680.63,337845,15335,896
2026-05-22,CAM027,Email,15213.01,113911,9738,890
2026-05-22,CAM028,Email,15546.94,115485,9473,955
2026-05-22,CAM029,Paid Social,83934.43,398912,15585,849
2026-05-22,CAM030,Email,21808.82,152488,11992,1264
2026-05-22,CAM031,Paid Search,52082.18,179584,9348,640
2026-05-22,CAM032,Affiliate,23828.71,104150,3959,213
2026-05-22,CAM033,Paid Social,62483.39,270599,11520,623
2026-05-22,CAM034,Affiliate,25440.59,88300,3328,180
2026-05-22,CAM035,Paid Social,60890.53,302187,11830,767
2026-05-22,CAM036,Paid Social,70875.41,278533,11251,651
2026-05-22,CAM037,Display,25494.06,116373,2883,101
2026-05-22,CAM038,Display,32089.96,149473,4081,137
2026-05-22,CAM039,Email,18254.88,131511,9985,977
2026-05-22,CAM040,Affiliate,27597.5,96295,3420,206
2026-05-22,CAM041,Paid Social,62173.6,309692,13853,788
2026-05-22,CAM042,Email,16582.33,98875,7469,711
2026-05-22,CAM043,Paid Search,62035.16,232239,12046,864
2026-05-22,CAM044,Paid Social,59650.58,270503,12495,804
2026-05-23,CAM001,Affiliate,23843.85,93371,3365,191
2026-05-23,CAM002,Email,14971.98,116959,9194,951
2026-05-23,CAM003,Paid Search,54781.0,170604,8810,662
2026-05-23,CAM004,Display,39320.98,195108,5001,165
2026-05-23,CAM005,Affiliate,28835.49,107741,3966,237
2026-05-23,CAM006,Paid Search,53152.73,194501,11548,900
2026-05-23,CAM007,Display,31282.74,151707,3885,129
2026-05-23,CAM008,Paid Search,54216.98,186701,9666,683
2026-05-23,CAM009,Affiliate,22451.4,102145,3834,220
2026-05-23,CAM010,Email,17099.67,132554,11035,1133
2026-05-23,CAM011,Affiliate,25136.52,113763,4118,228
2026-05-23,CAM012,Email,16601.03,105952,8895,926
2026-05-23,CAM013,Affiliate,22990.53,89993,3350,167
2026-05-23,CAM014,Paid Social,60256.08,258878,11043,597
2026-05-23,CAM015,Paid Search,50065.73,184928,10069,680
2026-05-23,CAM016,Paid Search,48762.77,150464,8362,576
2026-05-23,CAM017,Paid Social,80692.0,403369,15823,912
2026-05-23,CAM018,Email,18670.65,146356,12247,1293
2026-05-23,CAM019,Paid Search,50846.31,198618,10244,730
2026-05-23,CAM020,Paid Social,80568.85,348097,14467,816
2026-05-23,CAM021,Paid Search,61566.18,199628,10155,709
2026-05-23,CAM022,Display,34860.57,179485,4268,134
2026-05-23,CAM023,Email,16629.71,102677,7711,712
2026-05-23,CAM024,Display,38265.85,176343,4136,153
2026-05-23,CAM025,Email,18013.0,124527,10567,1030
2026-05-23,CAM026,Paid Social,65004.52,281781,11573,716
2026-05-23,CAM027,Email,19004.79,134056,10248,976
2026-05-23,CAM028,Email,14950.45,102950,8496,872
2026-05-23,CAM029,Paid Social,66704.17,323612,14128,895
2026-05-23,CAM030,Email,20338.84,139151,11521,1125
2026-05-23,CAM031,Paid Search,60823.36,196538,10207,813
2026-05-23,CAM032,Affiliate,25265.89,93909,3542,176
2026-05-23,CAM033,Paid Social,60583.77,302132,13280,863
2026-05-23,CAM034,Affiliate,26930.71,110227,3509,202
2026-05-23,CAM035,Paid Social,53278.41,211436,8789,529
2026-05-23,CAM036,Paid Social,59218.24,259642,10106,580
2026-05-23,CAM037,Display,34094.41,145243,3286,110
2026-05-23,CAM038,Display,42197.36,208840,5226,167
2026-05-23,CAM039,Email,19728.15,142913,10958,1129
2026-05-23,CAM040,Affiliate,21361.72,76666,2433,135
2026-05-23,CAM041,Paid Social,72188.7,281857,11304,623
2026-05-23,CAM042,Email,16373.34,110788,8668,923
2026-05-23,CAM043,Paid Search,61314.69,214555,11745,800
2026-05-23,CAM044,Paid Social,65828.87,326588,12810,692
2026-05-24,CAM001,Affiliate,27158.61,119318,4241,216
2026-05-24,CAM002,Email,19547.8,141342,11174,1175
2026-05-24,CAM003,Paid Search,57684.88,229268,12550,988
2026-05-24,CAM004,Display,30648.09,142825,3792,142
2026-05-24,CAM005,Affiliate,27170.08,116549,3703,196
2026-05-24,CAM006,Paid Search,53209.96,191016,9788,691
2026-05-24,CAM007,Display,38450.28,215992,5525,178
2026-05-24,CAM008,Paid Search,58506.96,217944,12555,982
2026-05-24,CAM009,Affiliate,28392.94,101707,3766,217
2026-05-24,CAM010,Email,17796.71,116851,8475,773
2026-05-24,CAM011,Affiliate,25347.3,103114,3339,198
2026-05-24,CAM012,Email,15956.96,110504,8464,852
2026-05-24,CAM013,Affiliate,19729.71,79456,2926,167
2026-05-24,CAM014,Paid Social,74228.08,329775,13134,807
2026-05-24,CAM015,Paid Search,41695.58,138179,7429,590
2026-05-24,CAM016,Paid Search,54673.83,211993,11626,913
2026-05-24,CAM017,Paid Social,59858.63,286760,11676,735
2026-05-24,CAM018,Email,20063.97,139361,12075,1279
2026-05-24,CAM019,Paid Search,59702.03,233077,11552,940
2026-05-24,CAM020,Paid Social,64025.38,260427,10508,688
2026-05-24,CAM021,Paid Search,55662.67,222617,11054,872
2026-05-24,CAM022,Display,30729.79,136367,3523,115
2026-05-24,CAM023,Email,19065.22,145444,12396,1354
2026-05-24,CAM024,Display,38502.67,168124,3993,138
2026-05-24,CAM025,Email,17422.9,122729,8848,854
2026-05-24,CAM026,Paid Social,51626.15,244277,10630,646
2026-05-24,CAM027,Email,17496.85,140596,12169,1317
2026-05-24,CAM028,Email,19771.49,137336,11023,1051
2026-05-24,CAM029,Paid Social,69187.11,301959,11912,667
2026-05-24,CAM030,Email,16039.35,113991,9431,942
2026-05-24,CAM031,Paid Search,47307.65,187944,11221,907
2026-05-24,CAM032,Affiliate,26810.24,104952,3731,220
2026-05-24,CAM033,Paid Social,67151.71,308199,13541,815
2026-05-24,CAM034,Affiliate,24389.14,105723,3840,204
2026-05-24,CAM035,Paid Social,56315.57,244032,10079,605
2026-05-24,CAM036,Paid Social,56985.47,224250,8798,577
2026-05-24,CAM037,Display,34255.03,176584,4359,137
2026-05-24,CAM038,Display,36817.63,210605,5627,202
2026-05-24,CAM039,Email,18160.42,112513,9450,993
2026-05-24,CAM040,Affiliate,22667.88,82702,3056,179
2026-05-24,CAM041,Paid Social,74251.74,299104,11569,656
2026-05-24,CAM042,Email,21150.01,144593,10805,1163
2026-05-24,CAM043,Paid Search,58938.76,179990,9535,665
2026-05-24,CAM044,Paid Social,55263.22,261021,10666,655
2026-05-25,CAM001,Affiliate,30894.49,140607,5044,292
2026-05-25,CAM002,Email,17665.43,130124,10245,967
2026-05-25,CAM003,Paid Search,47276.78,150423,8882,650
2026-05-25,CAM004,Display,35059.44,149159,3386,128
2026-05-25,CAM005,Affiliate,19719.13,79707,2747,155
2026-05-25,CAM006,Paid Search,56516.37,168468,9176,664
2026-05-25,CAM007,Display,40004.87,202585,4579,167
2026-05-25,CAM008,Paid Search,53018.05,170723,8906,616
2026-05-25,CAM009,Affiliate,23768.76,92566,3407,203
2026-05-25,CAM010,Email,16000.04,128186,10123,969
2026-05-25,CAM011,Affiliate,22632.7,77760,2799,143
2026-05-25,CAM012,Email,18073.56,143792,12622,1359
2026-05-25,CAM013,Affiliate,28187.29,96940,3606,197
2026-05-25,CAM014,Paid Social,64013.44,285831,12603,690
2026-05-25,CAM015,Paid Search,48944.26,147432,7453,554
2026-05-25,CAM016,Paid Search,38434.39,121650,7004,564
2026-05-25,CAM017,Paid Social,66629.56,305289,12044,695
2026-05-25,CAM018,Email,14958.71,99851,8447,824
2026-05-25,CAM019,Paid Search,53734.43,177100,9249,721
2026-05-25,CAM020,Paid Social,57905.8,296492,13486,825
2026-05-25,CAM021,Paid Search,49353.42,170915,10182,687
2026-05-25,CAM022,Display,29109.78,125951,3225,122
2026-05-25,CAM023,Email,17762.18,113143,9705,962
2026-05-25,CAM024,Display,35848.22,190776,5201,184
2026-05-25,CAM025,Email,15507.14,107875,8029,853
2026-05-25,CAM026,Paid Social,73511.45,344236,13982,918
2026-05-25,CAM027,Email,19655.25,158176,13855,1365
2026-05-25,CAM028,Email,16466.76,121666,9261,834
2026-05-25,CAM029,Paid Social,70852.03,326439,12433,760
2026-05-25,CAM030,Email,18887.99,136547,10990,1034
2026-05-25,CAM031,Paid Search,65447.01,238099,12435,906
2026-05-25,CAM032,Affiliate,30009.53,131205,4177,234
2026-05-25,CAM033,Paid Social,52000.55,257593,11895,747
2026-05-25,CAM034,Affiliate,23170.27,81944,2585,145
2026-05-25,CAM035,Paid Social,56812.27,244353,9878,632
2026-05-25,CAM036,Paid Social,67566.85,327551,13648,854
2026-05-25,CAM037,Display,28634.3,127018,3404,110
2026-05-25,CAM038,Display,38076.51,183396,4392,161
2026-05-25,CAM039,Email,17639.72,108107,8416,837
2026-05-25,CAM040,Affiliate,25977.96,105807,3690,193
2026-05-25,CAM041,Paid Social,73539.11,324705,12422,757
2026-05-25,CAM042,Email,23371.91,173092,12563,1131
2026-05-25,CAM043,Paid Search,41038.2,147996,8410,688
2026-05-25,CAM044,Paid Social,75966.02,294010,11126,644
2026-05-26,CAM001,Affiliate,21356.75,76655,2602,156
2026-05-26,CAM002,Email,18607.35,129303,10327,1026
2026-05-26,CAM003,Paid Search,60970.96,206934,12218,933
2026-05-26,CAM004,Display,40107.71,213445,5449,200
2026-05-26,CAM005,Affiliate,24280.65,93187,3356,172
2026-05-26,CAM006,Paid Search,58067.48,230142,11931,970
2026-05-26,CAM007,Display,32061.72,145006,3273,119
2026-05-26,CAM008,Paid Search,58025.32,197583,10534,812
2026-05-26,CAM009,Affiliate,15501.24,54754,1730,90
2026-05-26,CAM010,Email,19524.25,137277,11334,1174
2026-05-26,CAM011,Affiliate,26720.54,96425,3451,196
2026-05-26,CAM012,Email,17208.62,128586,10451,1139
2026-05-26,CAM013,Affiliate,25216.0,87019,3049,176
2026-05-26,CAM014,Paid Social,61001.68,288718,10973,695
2026-05-26,CAM015,Paid Search,53868.88,210833,11517,804
2026-05-26,CAM016,Paid Search,60209.4,234106,11892,849
2026-05-26,CAM017,Paid Social,74281.54,367028,14106,918
2026-05-26,CAM018,Email,16073.0,100803,8293,761
2026-05-26,CAM019,Paid Search,50051.62,172580,8860,688
2026-05-26,CAM020,Paid Social,70027.9,309510,14131,853
2026-05-26,CAM021,Paid Search,55766.69,219081,11866,975
2026-05-26,CAM022,Display,35355.33,173058,4201,155
2026-05-26,CAM023,Email,17974.37,116478,9413,878
2026-05-26,CAM024,Display,33280.84,145272,3751,143
2026-05-26,CAM025,Email,15797.92,113038,8649,820
2026-05-26,CAM026,Paid Social,51580.63,254401,10962,630
2026-05-26,CAM027,Email,22300.43,148740,11092,1092
2026-05-26,CAM028,Email,20583.17,143116,10557,1104
2026-05-26,CAM029,Paid Social,71858.87,335326,14512,834
2026-05-26,CAM030,Email,20917.73,140663,11795,1137
2026-05-26,CAM031,Paid Search,61509.99,191321,10587,716
2026-05-26,CAM032,Affiliate,26674.31,106062,3850,192
2026-05-26,CAM033,Paid Social,75213.09,290026,12398,735
2026-05-26,CAM034,Affiliate,29787.76,108843,3763,223
2026-05-26,CAM035,Paid Social,47367.97,212086,9361,560
2026-05-26,CAM036,Paid Social,67533.9,274362,11899,772
2026-05-26,CAM037,Display,32770.34,170492,3882,142
2026-05-26,CAM038,Display,40625.36,187036,4237,135
2026-05-26,CAM039,Email,18091.19,130188,9441,941
2026-05-26,CAM040,Affiliate,25945.64,104284,3616,191
2026-05-26,CAM041,Paid Social,54168.75,227389,9849,533
2026-05-26,CAM042,Email,14907.69,118982,10079,1046
2026-05-26,CAM043,Paid Search,56226.87,171464,10371,788
2026-05-26,CAM044,Paid Social,74571.63,350897,13894,823
2026-05-27,CAM001,Affiliate,27132.0,99225,3708,205
2026-05-27,CAM002,Email,20271.73,125190,9844,930
2026-05-27,CAM003,Paid Search,49233.55,158569,8478,637
2026-05-27,CAM004,Display,37574.72,202149,4601,159
2026-05-27,CAM005,Affiliate,30200.54,131217,4180,219
2026-05-27,CAM006,Paid Search,48969.88,148526,8519,638
2026-05-27,CAM007,Display,36854.81,182734,4722,173
2026-05-27,CAM008,Paid Search,52984.24,174701,9704,750
2026-05-27,CAM009,Affiliate,23112.74,95718,3388,173
2026-05-27,CAM010,Email,21520.28,159003,11726,1261
2026-05-27,CAM011,Affiliate,23328.14,79464,2985,172
2026-05-27,CAM012,Email,17758.31,142740,10675,1023
2026-05-27,CAM013,Affiliate,19821.66,83234,2804,154
2026-05-27,CAM014,Paid Social,64314.85,280981,11641,696
2026-05-27,CAM015,Paid Search,56205.97,182133,9296,648
2026-05-27,CAM016,Paid Search,49476.32,178850,10251,747
2026-05-27,CAM017,Paid Social,60962.25,311532,13425,743
2026-05-27,CAM018,Email,18288.03,125588,9527,916
2026-05-27,CAM019,Paid Search,48708.73,171358,9750,683
2026-05-27,CAM020,Paid Social,74889.73,375931,14264,827
2026-05-27,CAM021,Paid Search,58525.95,206214,12013,860
2026-05-27,CAM022,Display,39375.3,221919,6009,229
2026-05-27,CAM023,Email,17302.93,137137,11362,1114
2026-05-27,CAM024,Display,29796.68,129970,3164,111
2026-05-27,CAM025,Email,17249.93,111702,8212,810
2026-05-27,CAM026,Paid Social,79687.05,391442,15875,914
2026-05-27,CAM027,Email,18577.27,119714,9556,958
2026-05-27,CAM028,Email,20219.33,126416,9784,886
2026-05-27,CAM029,Paid Social,53658.07,219121,9665,546
2026-05-27,CAM030,Email,20669.52,143865,12162,1291
2026-05-27,CAM031,Paid Search,50117.12,196887,11842,955
2026-05-27,CAM032,Affiliate,20466.7,84397,3149,189
2026-05-27,CAM033,Paid Social,59691.02,299048,12659,722
2026-05-27,CAM034,Affiliate,30126.09,112601,3956,210
2026-05-27,CAM035,Paid Social,79242.92,357148,14882,817
2026-05-27,CAM036,Paid Social,66457.36,270010,11155,661
2026-05-27,CAM037,Display,35258.14,191285,4938,178
2026-05-27,CAM038,Display,30686.01,171107,4078,139
2026-05-27,CAM039,Email,16849.41,104605,7961,795
2026-05-27,CAM040,Affiliate,24525.78,99965,3289,164
2026-05-27,CAM041,Paid Social,76745.77,373178,15105,868
2026-05-27,CAM042,Email,21906.56,158406,12778,1367
2026-05-27,CAM043,Paid Search,50889.44,185590,9836,787
2026-05-27,CAM044,Paid Social,66296.48,258463,11842,768
2026-05-28,CAM001,Affiliate,32876.78,136786,4586,233
2026-05-28,CAM002,Email,18498.11,132242,11030,1185
2026-05-28,CAM003,Paid Search,68699.15,205038,12246,942
2026-05-28,CAM004,Display,38424.24,219934,5977,216
2026-05-28,CAM005,Affiliate,22208.74,98204,3269,184
2026-05-28,CAM006,Paid Search,49950.85,154624,7968,570
2026-05-28,CAM007,Display,31147.14,174965,4518,169
2026-05-28,CAM008,Paid Search,67380.5,207570,10968,894
2026-05-28,CAM009,Affiliate,24479.57,110761,3766,219
2026-05-28,CAM010,Email,17727.39,111949,9676,904
2026-05-28,CAM011,Affiliate,33030.29,115115,3631,188
2026-05-28,CAM012,Email,19940.37,132545,10688,965
2026-05-28,CAM013,Affiliate,25788.41,111431,3892,220
2026-05-28,CAM014,Paid Social,44931.48,225795,9719,539
2026-05-28,CAM015,Paid Search,60241.62,227037,11342,862
2026-05-28,CAM016,Paid Search,48768.78,183059,9339,661
2026-05-28,CAM017,Paid Social,68589.13,271496,12262,783
2026-05-28,CAM018,Email,20812.09,147629,11875,1082
2026-05-28,CAM019,Paid Search,43854.26,148345,8468,594
2026-05-28,CAM020,Paid Social,62100.79,313194,13962,920
2026-05-28,CAM021,Paid Search,47629.7,188059,9505,777
2026-05-28,CAM022,Display,38208.08,176616,4519,167
2026-05-28,CAM023,Email,17425.2,113157,9897,966
2026-05-28,CAM024,Display,30628.66,131966,3067,107
2026-05-28,CAM025,Email,16596.36,100805,8039,859
2026-05-28,CAM026,Paid Social,76683.7,306829,11943,701
2026-05-28,CAM027,Email,16623.83,123659,10812,1016
2026-05-28,CAM028,Email,20185.83,156455,13304,1323
2026-05-28,CAM029,Paid Social,58764.87,263609,11460,754
2026-05-28,CAM030,Email,19708.73,135272,10675,1149
2026-05-28,CAM031,Paid Search,49937.51,184175,10944,834
2026-05-28,CAM032,Affiliate,24324.18,90650,3483,184
2026-05-28,CAM033,Paid Social,73282.96,326321,12361,744
2026-05-28,CAM034,Affiliate,19722.22,72393,2332,133
2026-05-28,CAM035,Paid Social,60559.73,237910,9891,551
2026-05-28,CAM036,Paid Social,75227.45,318073,12365,730
2026-05-28,CAM037,Display,39017.89,168338,4126,150
2026-05-28,CAM038,Display,29623.4,138211,3771,124
2026-05-28,CAM039,Email,21115.93,151129,12968,1228
2026-05-28,CAM040,Affiliate,29392.31,108778,3557,192
2026-05-28,CAM041,Paid Social,57869.11,268256,10426,681
2026-05-28,CAM042,Email,19785.0,155053,12893,1415
2026-05-28,CAM043,Paid Search,60016.11,219834,11985,836
2026-05-28,CAM044,Paid Social,66375.78,301053,11585,640
2026-05-29,CAM001,Affiliate,30178.42,135175,4661,275
2026-05-29,CAM002,Email,17521.92,104634,9056,928
2026-05-29,CAM003,Paid Search,52953.91,169296,9928,757
2026-05-29,CAM004,Display,28511.49,153801,3509,113
2026-05-29,CAM005,Affiliate,23620.71,102136,3634,204
2026-05-29,CAM006,Paid Search,60665.27,192470,9836,805
2026-05-29,CAM007,Display,37996.84,211828,5727,209
2026-05-29,CAM008,Paid Search,53410.88,181095,10814,863
2026-05-29,CAM009,Affiliate,22858.88,84399,2734,136
2026-05-29,CAM010,Email,14489.07,105537,8087,745
2026-05-29,CAM011,Affiliate,25397.3,112139,3770,187
2026-05-29,CAM012,Email,17647.07,120723,10263,1040
2026-05-29,CAM013,Affiliate,28427.76,108234,3871,221
2026-05-29,CAM014,Paid Social,70256.42,345415,13609,857
2026-05-29,CAM015,Paid Search,51417.25,188886,10724,804
2026-05-29,CAM016,Paid Search,51178.63,189699,10871,754
2026-05-29,CAM017,Paid Social,58007.71,230607,9839,554
2026-05-29,CAM018,Email,18054.66,121976,10550,1053
2026-05-29,CAM019,Paid Search,59489.73,221739,11500,833
2026-05-29,CAM020,Paid Social,65188.85,333507,12758,777
2026-05-29,CAM021,Paid Search,66596.52,264674,14368,1121
2026-05-29,CAM022,Display,33382.42,157118,4083,129
2026-05-29,CAM023,Email,21761.54,143669,11895,1197
2026-05-29,CAM024,Display,37405.32,191770,4764,168
2026-05-29,CAM025,Email,18275.76,120637,10119,997
2026-05-29,CAM026,Paid Social,58307.26,255923,10181,605
2026-05-29,CAM027,Email,20504.58,123861,9181,870
2026-05-29,CAM028,Email,13628.09,100712,8337,821
2026-05-29,CAM029,Paid Social,69825.54,360471,15265,912
2026-05-29,CAM030,Email,17725.09,128165,10491,1004
2026-05-29,CAM031,Paid Search,58037.57,193262,11452,894
2026-05-29,CAM032,Affiliate,22424.44,81560,2888,162
2026-05-29,CAM033,Paid Social,61585.26,293132,13377,829
2026-05-29,CAM034,Affiliate,25207.05,93224,3508,200
2026-05-29,CAM035,Paid Social,69448.7,346444,14490,953
2026-05-29,CAM036,Paid Social,65096.24,274872,11915,669
2026-05-29,CAM037,Display,33718.27,154451,4042,148
2026-05-29,CAM038,Display,37235.58,169364,4285,146
2026-05-29,CAM039,Email,19624.55,136755,11604,1144
2026-05-29,CAM040,Affiliate,16672.55,62196,2225,122
2026-05-29,CAM041,Paid Social,66827.06,329645,13795,890
2026-05-29,CAM042,Email,19656.41,135755,11215,1129
2026-05-29,CAM043,Paid Search,56270.09,177087,9352,634
2026-05-29,CAM044,Paid Social,60964.07,283170,11693,675
2026-05-30,CAM001,Affiliate,26937.18,119729,4253,217
2026-05-30,CAM002,Email,22035.23,152177,12049,1171
2026-05-30,CAM003,Paid Search,59417.48,201077,11463,828
2026-05-30,CAM004,Display,34232.87,182609,4343,157
2026-05-30,CAM005,Affiliate,21662.42,88056,2945,176
2026-05-30,CAM006,Paid Search,46662.18,186909,9728,675
2026-05-30,CAM007,Display,35955.15,157581,4039,137
2026-05-30,CAM008,Paid Search,55907.5,189103,9361,754
2026-05-30,CAM009,Affiliate,19138.36,70546,2414,138
2026-05-30,CAM010,Email,18775.07,142611,10393,1090
2026-05-30,CAM011,Affiliate,22649.02,88103,3337,173
2026-05-30,CAM012,Email,19320.6,116046,9799,985
2026-05-30,CAM013,Affiliate,28926.05,132127,4695,241
2026-05-30,CAM014,Paid Social,65566.91,283126,11013,660
2026-05-30,CAM015,Paid Search,52981.44,160119,9665,784
2026-05-30,CAM016,Paid Search,66951.98,206407,11186,853
2026-05-30,CAM017,Paid Social,63516.64,293261,13183,865
2026-05-30,CAM018,Email,21754.46,157685,11444,1121
2026-05-30,CAM019,Paid Search,58670.72,214343,12387,941
2026-05-30,CAM020,Paid Social,55458.6,234716,9980,593
2026-05-30,CAM021,Paid Search,42610.4,137905,7185,522
2026-05-30,CAM022,Display,33540.55,143871,3664,138
2026-05-30,CAM023,Email,18772.61,114367,9081,923
2026-05-30,CAM024,Display,39379.19,179526,4362,152
2026-05-30,CAM025,Email,17513.75,110219,8927,869
2026-05-30,CAM026,Paid Social,67111.99,318351,14530,829
2026-05-30,CAM027,Email,18635.35,116290,8457,834
2026-05-30,CAM028,Email,16313.41,120484,9685,896
2026-05-30,CAM029,Paid Social,72467.07,282331,11959,673
2026-05-30,CAM030,Email,20379.09,147994,12474,1237
2026-05-30,CAM031,Paid Search,64703.98,241834,12392,889
2026-05-30,CAM032,Affiliate,29550.29,120536,4264,216
2026-05-30,CAM033,Paid Social,63916.34,328693,13311,787
2026-05-30,CAM034,Affiliate,25411.49,110249,4045,241
2026-05-30,CAM035,Paid Social,65212.87,304575,12258,724
2026-05-30,CAM036,Paid Social,61870.93,300004,11639,681
2026-05-30,CAM037,Display,30584.78,137816,3430,125
2026-05-30,CAM038,Display,32430.39,163487,4143,145
2026-05-30,CAM039,Email,18271.76,129605,11358,1123
2026-05-30,CAM040,Affiliate,24610.66,92989,3061,162
2026-05-30,CAM041,Paid Social,66678.56,319523,13988,870
2026-05-30,CAM042,Email,17063.91,120657,10407,1012
2026-05-30,CAM043,Paid Search,49187.54,182264,10281,833
2026-05-30,CAM044,Paid Social,66783.93,341746,14607,887
2026-05-31,CAM001,Affiliate,23747.4,96290,3584,186
2026-05-31,CAM002,Email,16851.61,120095,8668,827
2026-05-31,CAM003,Paid Search,62572.8,200358,10964,787
2026-05-31,CAM004,Display,30683.07,133048,3067,102
2026-05-31,CAM005,Affiliate,21398.14,78367,2974,171
2026-05-31,CAM006,Paid Search,55520.23,181696,9146,738
2026-05-31,CAM007,Display,36548.33,206496,5428,207
2026-05-31,CAM008,Paid Search,55472.66,213644,10912,824
2026-05-31,CAM009,Affiliate,25742.79,88713,3376,170
2026-05-31,CAM010,Email,18148.7,139253,10461,1013
2026-05-31,CAM011,Affiliate,26329.46,109356,4145,229
2026-05-31,CAM012,Email,19192.61,138219,10463,1110
2026-05-31,CAM013,Affiliate,20501.22,73429,2338,126
2026-05-31,CAM014,Paid Social,62965.55,282136,13013,819
2026-05-31,CAM015,Paid Search,58427.47,217398,11275,845
2026-05-31,CAM016,Paid Search,69801.45,277669,15136,1055
2026-05-31,CAM017,Paid Social,61923.17,294161,12075,748
2026-05-31,CAM018,Email,17376.46,122118,9421,858
2026-05-31,CAM019,Paid Search,54932.43,192203,10441,797
2026-05-31,CAM020,Paid Social,66322.21,279392,10813,643
2026-05-31,CAM021,Paid Search,57587.56,195356,10784,797
2026-05-31,CAM022,Display,39933.14,172884,3964,149
2026-05-31,CAM023,Email,17753.99,123729,9728,963
2026-05-31,CAM024,Display,29338.13,168679,4441,146
2026-05-31,CAM025,Email,16565.97,100772,7702,828
2026-05-31,CAM026,Paid Social,56828.44,269981,12268,806
2026-05-31,CAM027,Email,20740.12,143251,10357,932
2026-05-31,CAM028,Email,21663.77,145991,12211,1226
2026-05-31,CAM029,Paid Social,75139.61,288234,11944,688
2026-05-31,CAM030,Email,21709.43,163595,14132,1341
2026-05-31,CAM031,Paid Search,51160.43,156335,9309,739
2026-05-31,CAM032,Affiliate,22977.06,101944,3498,187
2026-05-31,CAM033,Paid Social,61943.31,260934,9979,621
2026-05-31,CAM034,Affiliate,25983.13,102599,3937,211
2026-05-31,CAM035,Paid Social,54178.93,253262,10324,587
2026-05-31,CAM036,Paid Social,72221.53,319870,13785,862
2026-05-31,CAM037,Display,33008.56,146483,3895,148
2026-05-31,CAM038,Display,35794.83,189696,4708,151
2026-05-31,CAM039,Email,20209.44,133772,9843,1051
2026-05-31,CAM040,Affiliate,23780.82,89530,2851,170
2026-05-31,CAM041,Paid Social,69360.32,356167,15459,875
2026-05-31,CAM042,Email,21509.93,159465,12445,1325
2026-05-31,CAM043,Paid Search,56889.25,195158,10816,836
2026-05-31,CAM044,Paid Social,72238.82,311214,11978,669
2026-06-01,CAM001,Affiliate,22516.62,88699,3399,184
2026-06-01,CAM002,Email,18864.72,135388,9949,987
2026-06-01,CAM003,Paid Search,48832.98,171553,10046,772
2026-06-01,CAM004,Display,42091.64,234634,5662,217
2026-06-01,CAM005,Affiliate,26944.84,97309,3740,224
2026-06-01,CAM006,Paid Search,71058.63,262328,15609,1163
2026-06-01,CAM007,Display,35686.13,203594,4824,163
2026-06-01,CAM008,Paid Search,60804.72,193658,11337,804
2026-06-01,CAM009,Affiliate,25556.38,112012,4152,230
2026-06-01,CAM010,Email,16686.74,126044,10955,1060
2026-06-01,CAM011,Affiliate,24994.11,90929,3256,193
2026-06-01,CAM012,Email,20455.31,137923,12114,1241
2026-06-01,CAM013,Affiliate,22664.95,90820,3321,181
2026-06-01,CAM014,Paid Social,65936.73,288696,12081,725
2026-06-01,CAM015,Paid Search,58590.2,178224,9952,736
2026-06-01,CAM016,Paid Search,53958.39,207034,12284,955
2026-06-01,CAM017,Paid Social,80950.17,311013,14076,856
2026-06-01,CAM018,Email,19578.09,138852,10067,969
2026-06-01,CAM019,Paid Search,58955.91,178749,9214,716
2026-06-01,CAM020,Paid Social,58001.95,239125,9149,502
2026-06-01,CAM021,Paid Search,53190.61,213722,12009,860
2026-06-01,CAM022,Display,27070.05,151010,3591,130
2026-06-01,CAM023,Email,25792.05,190911,16649,1743
2026-06-01,CAM024,Display,32831.52,169907,4089,133
2026-06-01,CAM025,Email,19875.83,143826,10519,963
2026-06-01,CAM026,Paid Social,56559.45,261815,11510,629
2026-06-01,CAM027,Email,17341.99,126260,9529,943
2026-06-01,CAM028,Email,18017.79,144474,11070,1073
2026-06-01,CAM029,Paid Social,54055.9,268477,11859,774
2026-06-01,CAM030,Email,20821.18,144859,11422,1108
2026-06-01,CAM031,Paid Search,49666.46,176197,10337,785
2026-06-01,CAM032,Affiliate,25406.45,111397,4000,225
2026-06-01,CAM033,Paid Social,68873.12,269460,11598,732
2026-06-01,CAM034,Affiliate,24373.82,90711,3031,157
2026-06-01,CAM035,Paid Social,72776.1,304526,12391,718
2026-06-01,CAM036,Paid Social,64496.18,332044,13540,822
2026-06-01,CAM037,Display,41030.69,197169,4979,182
2026-06-01,CAM038,Display,32757.19,159136,3810,123
2026-06-01,CAM039,Email,20694.93,140160,10623,976
2026-06-01,CAM040,Affiliate,24404.61,107926,3751,190
2026-06-01,CAM041,Paid Social,69713.69,343653,14391,820
2026-06-01,CAM042,Email,21164.23,141480,11238,1078
2026-06-01,CAM043,Paid Search,47146.87,173007,9358,668
2026-06-01,CAM044,Paid Social,76123.1,380056,15700,982
2026-06-02,CAM001,Affiliate,23098.21,97373,3631,205
2026-06-02,CAM002,Email,17502.49,114323,8680,805
2026-06-02,CAM003,Paid Search,54775.41,170591,9584,725
2026-06-02,CAM004,Display,35201.91,155592,4210,158
2026-06-02,CAM005,Affiliate,20677.74,73146,2363,121
2026-06-02,CAM006,Paid Search,67092.54,254531,12680,979
2026-06-02,CAM007,Display,36441.84,174848,4123,150
2026-06-02,CAM008,Paid Search,57516.98,179924,10199,734
2026-06-02,CAM009,Affiliate,22167.81,97901,3512,194
2026-06-02,CAM010,Email,16417.49,101583,7678,700
2026-06-02,CAM011,Affiliate,23637.65,93013,3572,188
2026-06-02,CAM012,Email,21058.87,162462,12178,1241
2026-06-02,CAM013,Affiliate,23025.38,94621,3267,174
2026-06-02,CAM014,Paid Social,59615.45,295502,12266,775
2026-06-02,CAM015,Paid Search,54219.17,167518,8702,606
2026-06-02,CAM016,Paid Search,55483.84,204153,12225,852
2026-06-02,CAM017,Paid Social,62366.05,312218,13769,798
2026-06-02,CAM018,Email,14823.46,111079,9023,833
2026-06-02,CAM019,Paid Search,49788.46,152400,8880,712
2026-06-02,CAM020,Paid Social,67429.24,286725,12355,801
2026-06-02,CAM021,Paid Search,54684.95,169411,9161,664
2026-06-02,CAM022,Display,37653.74,160560,4078,135
2026-06-02,CAM023,Email,16703.12,131089,10240,987
2026-06-02,CAM024,Display,30650.94,156486,3805,130
2026-06-02,CAM025,Email,15711.59,101076,7406,668
2026-06-02,CAM026,Paid Social,64535.27,273588,11143,626
2026-06-02,CAM027,Email,20380.93,130332,9996,1043
2026-06-02,CAM028,Email,15095.28,117378,10109,957
2026-06-02,CAM029,Paid Social,61213.0,244851,10511,589
2026-06-02,CAM030,Email,20761.92,151211,11127,1171
2026-06-02,CAM031,Paid Search,49992.04,194862,10700,726
2026-06-02,CAM032,Affiliate,25970.24,100236,3188,173
2026-06-02,CAM033,Paid Social,62854.84,306568,11960,740
2026-06-02,CAM034,Affiliate,19913.93,88551,2966,177
2026-06-02,CAM035,Paid Social,70442.27,316605,12824,753
2026-06-02,CAM036,Paid Social,63191.0,312345,12696,688
2026-06-02,CAM037,Display,29609.23,162386,4126,157
2026-06-02,CAM038,Display,36247.47,202567,4682,164
2026-06-02,CAM039,Email,14320.06,105764,8642,921
2026-06-02,CAM040,Affiliate,20436.64,81809,2976,179
2026-06-02,CAM041,Paid Social,62141.72,246731,9360,592
2026-06-02,CAM042,Email,15552.98,94747,8121,763
2026-06-02,CAM043,Paid Search,60026.28,199606,11767,874
2026-06-02,CAM044,Paid Social,57573.88,252554,10933,660
2026-06-03,CAM001,Affiliate,23388.2,80023,2984,175
2026-06-03,CAM002,Email,19737.5,120250,10464,965
2026-06-03,CAM003,Paid Search,67574.3,228696,13304,972
2026-06-03,CAM004,Display,39176.77,171992,4505,167
2026-06-03,CAM005,Affiliate,25550.47,105146,3546,208
2026-06-03,CAM006,Paid Search,40524.46,144110,8098,619
2026-06-03,CAM007,Display,34200.74,176823,4476,147
2026-06-03,CAM008,Paid Search,64946.76,250330,12937,934
2026-06-03,CAM009,Affiliate,25662.12,101487,3482,180
2026-06-03,CAM010,Email,17352.0,115674,10126,1067
2026-06-03,CAM011,Affiliate,19910.43,68905,2287,126
2026-06-03,CAM012,Email,16916.2,120550,10113,913
2026-06-03,CAM013,Affiliate,25456.32,109435,3910,197
2026-06-03,CAM014,Paid Social,73719.69,337579,14589,871
2026-06-03,CAM015,Paid Search,59725.34,182870,10665,778
2026-06-03,CAM016,Paid Search,42192.69,133700,7936,606
2026-06-03,CAM017,Paid Social,66294.01,304330,13224,861
2026-06-03,CAM018,Email,16442.69,108172,8987,940
2026-06-03,CAM019,Paid Search,61846.34,244483,14681,1143
2026-06-03,CAM020,Paid Social,73236.56,301079,12442,717
2026-06-03,CAM021,Paid Search,63199.28,218513,11557,865
2026-06-03,CAM022,Display,37771.39,191947,4963,172
2026-06-03,CAM023,Email,17647.14,110456,8343,762
2026-06-03,CAM024,Display,32682.7,182880,4853,183
2026-06-03,CAM025,Email,18165.93,111110,8075,745
2026-06-03,CAM026,Paid Social,70235.34,337450,12797,782
2026-06-03,CAM027,Email,18757.52,125642,11035,1199
2026-06-03,CAM028,Email,16167.24,99610,8574,862
2026-06-03,CAM029,Paid Social,73635.25,354077,14113,813
2026-06-03,CAM030,Email,16521.53,119023,9647,876
2026-06-03,CAM031,Paid Search,60836.85,230004,12154,960
2026-06-03,CAM032,Affiliate,31630.41,138124,4673,267
2026-06-03,CAM033,Paid Social,78069.37,341817,14003,867
2026-06-03,CAM034,Affiliate,25811.09,96650,3351,168
2026-06-03,CAM035,Paid Social,57759.29,244001,10192,670
2026-06-03,CAM036,Paid Social,52202.09,216616,8488,498
2026-06-03,CAM037,Display,41100.58,193245,4517,143
2026-06-03,CAM038,Display,34825.7,190363,4991,161
2026-06-03,CAM039,Email,21432.94,171397,12559,1305
2026-06-03,CAM040,Affiliate,27542.46,102267,3731,189
2026-06-03,CAM041,Paid Social,71891.77,329489,13122,834
2026-06-03,CAM042,Email,17328.65,113535,9962,1026
2026-06-03,CAM043,Paid Search,67521.63,245434,14761,1105
2026-06-03,CAM044,Paid Social,63810.7,263814,10815,627
2026-06-04,CAM001,Affiliate,25981.48,110251,3477,202
2026-06-04,CAM002,Email,19137.75,148449,12302,1179
2026-06-04,CAM003,Paid Search,54489.75,171079,9002,671
2026-06-04,CAM004,Display,34143.36,150928,3442,117
2026-06-04,CAM005,Affiliate,19077.06,65363,2128,124
2026-06-04,CAM006,Paid Search,42297.73,138795,7017,504
2026-06-04,CAM007,Display,42880.74,211021,4836,171
2026-06-04,CAM008,Paid Search,48068.3,145355,7407,532
2026-06-04,CAM009,Affiliate,29328.02,108694,3518,180
2026-06-04,CAM010,Email,19440.26,138231,10388,981
2026-06-04,CAM011,Affiliate,26950.86,96816,3641,192
2026-06-04,CAM012,Email,16300.95,117069,10066,967
2026-06-04,CAM013,Affiliate,28085.49,107581,3674,218
2026-06-04,CAM014,Paid Social,69833.55,352535,14690,944
2026-06-04,CAM015,Paid Search,52787.78,164298,8411,664
2026-06-04,CAM016,Paid Search,50148.19,180992,10081,702
2026-06-04,CAM017,Paid Social,59504.15,284150,12680,749
2026-06-04,CAM018,Email,18235.74,126123,10876,1178
2026-06-04,CAM019,Paid Search,46857.62,154373,7906,605
2026-06-04,CAM020,Paid Social,50076.05,215058,9917,638
2026-06-04,CAM021,Paid Search,74796.36,292387,15166,1222
2026-06-04,CAM022,Display,38580.0,172153,4022,145
2026-06-04,CAM023,Email,22127.78,154929,12197,1158
2026-06-04,CAM024,Display,36808.51,187370,5112,173
2026-06-04,CAM025,Email,21433.69,152109,13097,1268
2026-06-04,CAM026,Paid Social,66130.65,293393,13129,834
2026-06-04,CAM027,Email,17150.02,122907,9575,881
2026-06-04,CAM028,Email,18514.24,142608,12399,1322
2026-06-04,CAM029,Paid Social,82893.96,427217,18271,1183
2026-06-04,CAM030,Email,18547.42,124176,10134,997
2026-06-04,CAM031,Paid Search,56396.78,182189,10641,793
2026-06-04,CAM032,Affiliate,20325.78,87974,3094,183
2026-06-04,CAM033,Paid Social,58244.33,298187,12616,758
2026-06-04,CAM034,Affiliate,27348.67,93329,3386,184
2026-06-04,CAM035,Paid Social,54399.92,278784,11427,748
2026-06-04,CAM036,Paid Social,63111.65,288087,10896,663
2026-06-04,CAM037,Display,32424.08,180678,4851,185
2026-06-04,CAM038,Display,33408.61,152352,3941,149
2026-06-04,CAM039,Email,18623.14,142891,11125,1077
2026-06-04,CAM040,Affiliate,25579.17,100879,3524,210
2026-06-04,CAM041,Paid Social,65899.02,271009,11189,627
2026-06-04,CAM042,Email,14982.82,100975,7534,821
2026-06-04,CAM043,Paid Search,50926.66,154823,9251,719
2026-06-04,CAM044,Paid Social,66944.74,325004,12412,813
2026-06-05,CAM001,Affiliate,26915.47,104960,3932,211
2026-06-05,CAM002,Email,15410.63,119314,9149,984
2026-06-05,CAM003,Paid Search,57935.3,177713,10124,733
2026-06-05,CAM004,Display,39953.31,209113,4890,178
2026-06-05,CAM005,Affiliate,24310.27,85312,3022,163
2026-06-05,CAM006,Paid Search,45916.62,180737,9546,748
2026-06-05,CAM007,Display,35303.88,196020,5056,177
2026-06-05,CAM008,Paid Search,37826.31,136247,7107,538
2026-06-05,CAM009,Affiliate,25459.1,87824,3072,173
2026-06-05,CAM010,Email,19797.33,141011,10697,1025
2026-06-05,CAM011,Affiliate,21646.0,78296,2755,144
2026-06-05,CAM012,Email,19907.87,143579,10908,1139
2026-06-05,CAM013,Affiliate,22252.02,100761,3493,181
2026-06-05,CAM014,Paid Social,52950.58,272630,12264,778
2026-06-05,CAM015,Paid Search,57539.31,216558,12149,875
2026-06-05,CAM016,Paid Search,58196.86,217733,11783,883
2026-06-05,CAM017,Paid Social,63367.58,327796,12428,692
2026-06-05,CAM018,Email,15600.86,118194,10333,946
2026-06-05,CAM019,Paid Search,60492.55,224183,12176,960
2026-06-05,CAM020,Paid Social,75388.09,335210,13437,861
2026-06-05,CAM021,Paid Search,58849.97,219947,12976,1052
2026-06-05,CAM022,Display,31624.93,142679,3677,135
2026-06-05,CAM023,Email,17549.3,138721,11698,1284
2026-06-05,CAM024,Display,37690.91,181147,4620,152
2026-06-05,CAM025,Email,19769.33,147065,11745,1290
2026-06-05,CAM026,Paid Social,52240.13,238714,10367,577
2026-06-05,CAM027,Email,16788.82,127540,11196,1058
2026-06-05,CAM028,Email,20321.26,141871,10873,1123
2026-06-05,CAM029,Paid Social,59145.69,263382,10978,672
2026-06-05,CAM030,Email,20143.74,121197,8945,958
2026-06-05,CAM031,Paid Search,51207.2,172493,10029,799
2026-06-05,CAM032,Affiliate,31385.81,138756,5103,261
2026-06-05,CAM033,Paid Social,65720.43,279949,12920,810
2026-06-05,CAM034,Affiliate,25656.11,110973,3648,200
2026-06-05,CAM035,Paid Social,68350.17,330976,13414,724
2026-06-05,CAM036,Paid Social,60607.27,297962,12861,797
2026-06-05,CAM037,Display,37508.99,170797,4030,149
2026-06-05,CAM038,Display,39598.54,186311,5055,176
2026-06-05,CAM039,Email,17961.99,124787,9834,1077
2026-06-05,CAM040,Affiliate,27916.1,119932,4306,256
2026-06-05,CAM041,Paid Social,78707.35,358690,14103,927
2026-06-05,CAM042,Email,14610.1,113011,8668,839
2026-06-05,CAM043,Paid Search,58613.87,184663,10779,781
2026-06-05,CAM044,Paid Social,72233.53,307849,12323,749
2026-06-06,CAM001,Affiliate,21136.36,88715,3352,175
2026-06-06,CAM002,Email,15758.0,122709,9479,894
2026-06-06,CAM003,Paid Search,42504.54,150727,8267,608
2026-06-06,CAM004,Display,25776.78,136954,3717,139
2026-06-06,CAM005,Affiliate,24815.99,89642,3075,163
2026-06-06,CAM006,Paid Search,64910.34,257115,13634,1007
2026-06-06,CAM007,Display,33886.8,172217,4087,140
2026-06-06,CAM008,Paid Search,53424.42,178117,10662,766
2026-06-06,CAM009,Affiliate,28076.98,118804,3835,204
2026-06-06,CAM010,Email,15674.35,100164,8572,845
2026-06-06,CAM011,Affiliate,29694.11,126856,4748,241
2026-06-06,CAM012,Email,16449.57,123028,9641,930
2026-06-06,CAM013,Affiliate,27803.05,124038,4418,264
2026-06-06,CAM014,Paid Social,63711.74,244979,10043,556
2026-06-06,CAM015,Paid Search,50359.54,181582,9382,736
2026-06-06,CAM016,Paid Search,53888.16,210678,12278,878
2026-06-06,CAM017,Paid Social,58675.65,274330,10547,649
2026-06-06,CAM018,Email,17227.51,111428,9797,993
2026-06-06,CAM019,Paid Search,62145.25,207466,10924,787
2026-06-06,CAM020,Paid Social,62479.0,320522,14400,857
2026-06-06,CAM021,Paid Search,50414.25,152018,8953,648
2026-06-06,CAM022,Display,33310.23,170574,4535,143
2026-06-06,CAM023,Email,18957.51,120038,9227,961
2026-06-06,CAM024,Display,36317.22,165996,3843,133
2026-06-06,CAM025,Email,17849.88,143020,12167,1259
2026-06-06,CAM026,Paid Social,72152.79,320072,12134,731
2026-06-06,CAM027,Email,16548.31,108823,8075,882
2026-06-06,CAM028,Email,18723.03,124338,9094,960
2026-06-06,CAM029,Paid Social,68344.95,261799,10079,624
2026-06-06,CAM030,Email,15749.79,95235,8117,777
2026-06-06,CAM031,Paid Search,55251.52,199371,10150,832
2026-06-06,CAM032,Affiliate,27083.5,109608,4202,239
2026-06-06,CAM033,Paid Social,72693.74,299125,12369,791
2026-06-06,CAM034,Affiliate,28606.41,107993,3579,207
2026-06-06,CAM035,Paid Social,74929.33,362522,16406,1046
2026-06-06,CAM036,Paid Social,67618.43,281048,12223,785
2026-06-06,CAM037,Display,33309.03,146816,3947,147
2026-06-06,CAM038,Display,34439.0,172570,4375,149
2026-06-06,CAM039,Email,19384.08,146212,12450,1167
2026-06-06,CAM040,Affiliate,18881.24,83782,3024,163
2026-06-06,CAM041,Paid Social,61932.27,267165,10244,617
2026-06-06,CAM042,Email,19629.82,146400,10583,975
2026-06-06,CAM043,Paid Search,45696.3,148781,8220,589
2026-06-06,CAM044,Paid Social,53882.67,256087,11146,602
2026-06-07,CAM001,Affiliate,23041.97,104089,3918,211
2026-06-07,CAM002,Email,15360.67,103838,8027,814
2026-06-07,CAM003,Paid Search,53783.77,168950,9333,632
2026-06-07,CAM004,Display,30373.71,173419,4671,172
2026-06-07,CAM005,Affiliate,27614.68,123842,4579,251
2026-06-07,CAM006,Paid Search,57488.78,184136,10924,810
2026-06-07,CAM007,Display,32126.03,178397,4652,167
2026-06-07,CAM008,Paid Search,51132.44,153600,8069,575
2026-06-07,CAM009,Affiliate,25498.19,97350,3200,179
2026-06-07,CAM010,Email,16292.55,102176,8119,802
2026-06-07,CAM011,Affiliate,20357.83,77843,2813,149
2026-06-07,CAM012,Email,17682.04,128382,11027,1010
2026-06-07,CAM013,Affiliate,28599.7,98596,3232,194
2026-06-07,CAM014,Paid Social,66556.01,333020,12870,731
2026-06-07,CAM015,Paid Search,48310.56,155928,9347,722
2026-06-07,CAM016,Paid Search,56951.75,180970,9773,702
2026-06-07,CAM017,Paid Social,62050.05,265500,11866,734
2026-06-07,CAM018,Email,17201.36,105881,8012,826
2026-06-07,CAM019,Paid Search,62466.13,242489,12140,852
2026-06-07,CAM020,Paid Social,66382.58,329297,15064,843
2026-06-07,CAM021,Paid Search,56500.52,188979,9769,760
2026-06-07,CAM022,Display,31661.36,147290,3904,143
2026-06-07,CAM023,Email,17429.39,122433,10181,969
2026-06-07,CAM024,Display,36183.05,166831,4134,153
2026-06-07,CAM025,Email,19566.79,133735,10368,1073
2026-06-07,CAM026,Paid Social,68730.86,326353,14035,892
2026-06-07,CAM027,Email,24951.53,190722,15958,1614
2026-06-07,CAM028,Email,18036.72,123467,9326,869
2026-06-07,CAM029,Paid Social,62430.16,294241,11367,640
2026-06-07,CAM030,Email,16868.18,113886,9001,940
2026-06-07,CAM031,Paid Search,53834.67,188755,11392,786
2026-06-07,CAM032,Affiliate,26475.73,96238,3393,170
2026-06-07,CAM033,Paid Social,62962.87,250616,11476,739
2026-06-07,CAM034,Affiliate,26983.41,118479,4160,217
2026-06-07,CAM035,Paid Social,49743.24,200026,9197,571
2026-06-07,CAM036,Paid Social,56808.31,233461,9083,532
2026-06-07,CAM037,Display,27499.07,136838,3374,124
2026-06-07,CAM038,Display,31047.41,134131,3046,108
2026-06-07,CAM039,Email,19428.4,122411,9899,914
2026-06-07,CAM040,Affiliate,25778.12,114110,3660,213
2026-06-07,CAM041,Paid Social,71114.02,284213,12573,774
2026-06-07,CAM042,Email,15505.76,113956,9822,935
2026-06-07,CAM043,Paid Search,55246.22,176710,10042,699
2026-06-07,CAM044,Paid Social,74160.0,313001,13967,778
2026-06-08,CAM001,Affiliate,24593.04,90969,2964,171
2026-06-08,CAM002,Email,15147.69,115691,10134,1023
2026-06-08,CAM003,Paid Search,41705.38,137843,6878,503
2026-06-08,CAM004,Display,29740.58,132956,3105,115
2026-06-08,CAM005,Affiliate,23321.08,98020,3762,202
2026-06-08,CAM006,Paid Search,51313.95,184267,9627,742
2026-06-08,CAM007,Display,33364.91,180518,4698,177
2026-06-08,CAM008,Paid Search,49934.65,168360,9640,688
2026-06-08,CAM009,Affiliate,23723.15,88384,3353,167
2026-06-08,CAM010,Email,17215.54,114386,8983,977
2026-06-08,CAM011,Affiliate,24390.75,111680,3710,213
2026-06-08,CAM012,Email,17870.93,120799,9661,1035
2026-06-08,CAM013,Affiliate,27532.13,96897,3379,185
2026-06-08,CAM014,Paid Social,64553.72,326563,12412,718
2026-06-08,CAM015,Paid Search,57822.73,207843,12002,839
2026-06-08,CAM016,Paid Search,59659.99,239102,12705,905
2026-06-08,CAM017,Paid Social,72469.16,345935,13738,768
2026-06-08,CAM018,Email,16058.37,118440,9067,937
2026-06-08,CAM019,Paid Search,62854.07,210572,11197,896
2026-06-08,CAM020,Paid Social,75641.38,371958,14534,880
2026-06-08,CAM021,Paid Search,63793.64,231683,12831,1001
2026-06-08,CAM022,Display,33614.67,167200,4495,153
2026-06-08,CAM023,Email,19412.48,138739,11955,1201
2026-06-08,CAM024,Display,40650.1,182833,4618,151
2026-06-08,CAM025,Email,19113.19,125384,9679,871
2026-06-08,CAM026,Paid Social,64196.91,289372,12601,694
2026-06-08,CAM027,Email,18945.21,123884,10546,1001
2026-06-08,CAM028,Email,18393.15,141584,10374,943
2026-06-08,CAM029,Paid Social,62079.13,267321,10681,600
2026-06-08,CAM030,Email,14487.25,110286,8778,870
2026-06-08,CAM031,Paid Search,55000.89,186666,9372,761
2026-06-08,CAM032,Affiliate,23243.41,105187,3648,187
2026-06-08,CAM033,Paid Social,64141.4,299631,11627,746
2026-06-08,CAM034,Affiliate,26742.2,112369,3983,228
2026-06-08,CAM035,Paid Social,48992.57,187433,8410,483
2026-06-08,CAM036,Paid Social,75540.05,291956,11088,671
2026-06-08,CAM037,Display,34942.13,191868,5116,180
2026-06-08,CAM038,Display,31782.72,169699,4277,145
2026-06-08,CAM039,Email,17588.97,136625,11898,1209
2026-06-08,CAM040,Affiliate,30958.39,140912,4971,296
2026-06-08,CAM041,Paid Social,56787.51,290492,12030,729
2026-06-08,CAM042,Email,19509.17,139341,12028,1215
2026-06-08,CAM043,Paid Search,58890.39,177041,10166,782
2026-06-08,CAM044,Paid Social,64981.25,297408,13340,871
2026-06-09,CAM001,Affiliate,27535.65,112617,4216,222
2026-06-09,CAM002,Email,20885.83,154367,13511,1249
2026-06-09,CAM003,Paid Search,51001.71,167324,9392,663
2026-06-09,CAM004,Display,41284.25,184411,4728,163
2026-06-09,CAM005,Affiliate,29708.68,117455,3739,185
2026-06-09,CAM006,Paid Search,56034.68,178864,10489,794
2026-06-09,CAM007,Display,34948.63,159840,4366,152
2026-06-09,CAM008,Paid Search,55782.61,201859,10743,786
2026-06-09,CAM009,Affiliate,28059.1,120177,4196,219
2026-06-09,CAM010,Email,20574.27,152685,12042,1252
2026-06-09,CAM011,Affiliate,24178.62,86790,2801,164
2026-06-09,CAM012,Email,17312.79,115803,9621,1017
2026-06-09,CAM013,Affiliate,23404.25,96988,3361,190
2026-06-09,CAM014,Paid Social,57676.46,295880,11660,730
2026-06-09,CAM015,Paid Search,52557.39,207481,12379,1012
2026-06-09,CAM016,Paid Search,62450.56,234415,11907,960
2026-06-09,CAM017,Paid Social,56075.36,264230,10482,595
2026-06-09,CAM018,Email,16490.44,110667,8312,790
2026-06-09,CAM019,Paid Search,61268.44,227300,12835,893
2026-06-09,CAM020,Paid Social,63143.24,306355,11701,726
2026-06-09,CAM021,Paid Search,46890.87,145114,8006,543
2026-06-09,CAM022,Display,33683.75,167180,4592,157
2026-06-09,CAM023,Email,18322.74,137677,10834,1151
2026-06-09,CAM024,Display,30005.65,171787,4171,148
2026-06-09,CAM025,Email,18326.53,126385,10453,1103
2026-06-09,CAM026,Paid Social,63707.65,310770,12329,667
2026-06-09,CAM027,Email,15800.49,117902,9268,906
2026-06-09,CAM028,Email,16280.8,130076,9386,970
2026-06-09,CAM029,Paid Social,58999.39,236950,9752,597
2026-06-09,CAM030,Email,19945.95,142721,10289,960
2026-06-09,CAM031,Paid Search,51514.99,203522,12096,936
2026-06-09,CAM032,Affiliate,23330.38,104028,3678,185
2026-06-09,CAM033,Paid Social,67645.39,266898,10645,679
2026-06-09,CAM034,Affiliate,23516.77,97768,3726,187
2026-06-09,CAM035,Paid Social,54495.78,216670,8855,523
2026-06-09,CAM036,Paid Social,69707.33,343722,14453,952
2026-06-09,CAM037,Display,32319.83,137732,3253,108
2026-06-09,CAM038,Display,32246.19,168212,4275,135
2026-06-09,CAM039,Email,18961.1,147720,11435,1130
2026-06-09,CAM040,Affiliate,23309.5,89045,3255,172
2026-06-09,CAM041,Paid Social,60925.98,260164,11139,613
2026-06-09,CAM042,Email,18870.46,129573,10407,1118
2026-06-09,CAM043,Paid Search,50016.7,169925,9085,644
2026-06-09,CAM044,Paid Social,57693.88,258420,9904,633
2026-06-10,CAM001,Affiliate,23355.25,84279,3112,159
2026-06-10,CAM002,Email,20001.9,141394,10878,1081
2026-06-10,CAM003,Paid Search,50619.37,174669,9797,704
2026-06-10,CAM004,Display,34879.24,166312,3776,125
2026-06-10,CAM005,Affiliate,29128.61,107126,4026,200
2026-06-10,CAM006,Paid Search,62676.4,219222,11708,961
2026-06-10,CAM007,Display,31693.32,177808,4197,157
2026-06-10,CAM008,Paid Search,46961.22,187970,10897,794
2026-06-10,CAM009,Affiliate,24861.13,100388,3391,183
2026-06-10,CAM010,Email,16627.88,104484,7568,729
2026-06-10,CAM011,Affiliate,26327.53,110508,3482,208
2026-06-10,CAM012,Email,16367.45,121929,10025,999
2026-06-10,CAM013,Affiliate,28619.11,105793,3462,193
2026-06-10,CAM014,Paid Social,82782.53,327920,15953,593
2026-06-10,CAM015,Paid Search,49171.58,149530,7521,594
2026-06-10,CAM016,Paid Search,52745.25,204824,11353,800
2026-06-10,CAM017,Paid Social,73003.67,292280,13949,478
2026-06-10,CAM018,Email,18564.7,142576,12531,1157
2026-06-10,CAM019,Paid Search,47323.17,166380,9566,666
2026-06-10,CAM020,Paid Social,72350.51,336191,14435,571
2026-06-10,CAM021,Paid Search,57962.33,230740,11734,920
2026-06-10,CAM022,Display,39343.91,182492,4432,156
2026-06-10,CAM023,Email,16891.67,126105,9109,843
2026-06-10,CAM024,Display,33738.56,145395,3308,117
2026-06-10,CAM025,Email,17680.63,108533,9540,930
2026-06-10,CAM026,Paid Social,83083.84,375655,16473,594
2026-06-10,CAM027,Email,17874.8,136355,10225,1083
2026-06-10,CAM028,Email,16948.54,120135,9391,883
2026-06-10,CAM029,Paid Social,87678.11,409131,19672,803
2026-06-10,CAM030,Email,18975.05,122246,8996,859
2026-06-10,CAM031,Paid Search,58236.3,225098,12662,976
2026-06-10,CAM032,Affiliate,22215.08,99358,3206,184
2026-06-10,CAM033,Paid Social,76227.08,264624,12358,528
2026-06-10,CAM034,Affiliate,25588.37,112430,4091,211
2026-06-10,CAM035,Paid Social,77631.71,351869,16461,572
2026-06-10,CAM036,Paid Social,84316.53,447190,18307,676
2026-06-10,CAM037,Display,35647.83,192822,5055,174
2026-06-10,CAM038,Display,36194.1,194653,4436,160
2026-06-10,CAM039,Email,17237.52,131166,10913,1167
2026-06-10,CAM040,Affiliate,26912.26,100975,3313,184
2026-06-10,CAM041,Paid Social,88209.04,350114,15528,590
2026-06-10,CAM042,Email,17994.87,134593,10472,1018
2026-06-10,CAM043,Paid Search,63483.36,232064,13638,992
2026-06-10,CAM044,Paid Social,77501.78,329432,16146,589
2026-06-11,CAM001,Affiliate,20675.77,71665,2560,132
2026-06-11,CAM002,Email,17720.03,127422,9257,981
2026-06-11,CAM003,Paid Search,49924.15,192700,9629,789
2026-06-11,CAM004,Display,25332.62,119404,3268,118
2026-06-11,CAM005,Affiliate,22902.49,97669,3443,178
2026-06-11,CAM006,Paid Search,65680.08,247429,13177,919
2026-06-11,CAM007,Display,36379.25,177383,4688,162
2026-06-11,CAM008,Paid Search,50859.74,192205,9580,667
2026-06-11,CAM009,Affiliate,26792.49,116623,4391,264
2026-06-11,CAM010,Email,10989.35,75152,6395,619
2026-06-11,CAM011,Affiliate,29080.76,131568,4179,233
2026-06-11,CAM012,Email,15162.14,91864,7579,750
2026-06-11,CAM013,Affiliate,27567.93,110416,4213,252
2026-06-11,CAM014,Paid Social,85576.94,327666,16603,629
2026-06-11,CAM015,Paid Search,45898.93,143263,7721,537
2026-06-11,CAM016,Paid Search,44462.99,165592,8684,647
2026-06-11,CAM017,Paid Social,80749.49,341863,14569,627
2026-06-11,CAM018,Email,16166.8,99268,8676,919
2026-06-11,CAM019,Paid Search,50452.3,182382,10250,818
2026-06-11,CAM020,Paid Social,80042.54,311187,13861,476
2026-06-11,CAM021,Paid Search,61599.16,212322,12028,907
2026-06-11,CAM022,Display,33685.85,148994,3771,132
2026-06-11,CAM023,Email,18953.72,148848,11978,1247
2026-06-11,CAM024,Display,41479.63,201394,5421,174
2026-06-11,CAM025,Email,18565.14,138239,10608,1081
2026-06-11,CAM026,Paid Social,92249.4,464106,20961,822
2026-06-11,CAM027,Email,17474.72,115074,9368,937
2026-06-11,CAM028,Email,17978.44,111433,8603,929
2026-06-11,CAM029,Paid Social,67710.42,302492,13570,463
2026-06-11,CAM030,Email,18872.27,114737,8719,893
2026-06-11,CAM031,Paid Search,44977.83,171355,9490,697
2026-06-11,CAM032,Affiliate,23917.84,81672,2898,155
2026-06-11,CAM033,Paid Social,107676.67,537373,25646,932
2026-06-11,CAM034,Affiliate,23621.28,100094,3616,183
2026-06-11,CAM035,Paid Social,84261.01,374354,15088,593
2026-06-11,CAM036,Paid Social,93182.28,469954,23357,940
2026-06-11,CAM037,Display,40554.54,174932,4205,148
2026-06-11,CAM038,Display,32891.37,149803,3524,129
2026-06-11,CAM039,Email,20040.98,120104,9648,975
2026-06-11,CAM040,Affiliate,25522.11,112001,4306,246
2026-06-11,CAM041,Paid Social,77012.12,276372,12079,477
2026-06-11,CAM042,Email,18126.53,134405,10157,945
2026-06-11,CAM043,Paid Search,54712.18,212609,10989,894
2026-06-11,CAM044,Paid Social,84074.43,329618,15026,572
2026-06-12,CAM001,Affiliate,22986.81,82002,2962,164
2026-06-12,CAM002,Email,17793.17,113906,9406,929
2026-06-12,CAM003,Paid Search,55108.12,199309,10933,894
2026-06-12,CAM004,Display,33670.78,186977,5006,161
2026-06-12,CAM005,Affiliate,26254.58,105766,3738,186
2026-06-12,CAM006,Paid Search,36497.55,118888,7023,575
2026-06-12,CAM007,Display,32004.34,136282,3264,109
2026-06-12,CAM008,Paid Search,59109.94,216377,10729,776
2026-06-12,CAM009,Affiliate,25336.02,102744,3757,217
2026-06-12,CAM010,Email,18032.16,135425,10651,963
2026-06-12,CAM011,Affiliate,26748.29,111522,3784,205
2026-06-12,CAM012,Email,18724.8,121784,9940,1059
2026-06-12,CAM013,Affiliate,25059.82,92921,3067,182
2026-06-12,CAM014,Paid Social,71469.84,327320,13682,517
2026-06-12,CAM015,Paid Search,55545.26,175661,9613,770
2026-06-12,CAM016,Paid Search,55058.56,195878,10342,713
2026-06-12,CAM017,Paid Social,82276.89,370919,17119,638
2026-06-12,CAM018,Email,18015.08,123081,9670,924
2026-06-12,CAM019,Paid Search,52868.17,211252,12406,1001
2026-06-12,CAM020,Paid Social,72415.41,284251,11139,391
2026-06-12,CAM021,Paid Search,37978.14,119752,6194,443
2026-06-12,CAM022,Display,35749.53,177226,4103,130
2026-06-12,CAM023,Email,19569.08,132004,10667,1134
2026-06-12,CAM024,Display,38438.98,169032,4429,166
2026-06-12,CAM025,Email,16936.25,119247,8917,977
2026-06-12,CAM026,Paid Social,93323.85,422813,18240,691
2026-06-12,CAM027,Email,18258.21,132076,10924,987
2026-06-12,CAM028,Email,17165.48,110681,8860,904
2026-06-12,CAM029,Paid Social,76363.13,348905,15684,605
2026-06-12,CAM030,Email,20005.06,141720,12293,1212
2026-06-12,CAM031,Paid Search,54845.47,217675,13014,1031
2026-06-12,CAM032,Affiliate,24613.33,99972,3244,176
2026-06-12,CAM033,Paid Social,89728.02,390679,16297,566
2026-06-12,CAM034,Affiliate,31460.51,143098,5507,323
2026-06-12,CAM035,Paid Social,74705.29,323904,15182,578
2026-06-12,CAM036,Paid Social,106144.07,468853,20717,786
2026-06-12,CAM037,Display,32537.59,183481,4880,168
2026-06-12,CAM038,Display,29665.76,166763,4536,167
2026-06-12,CAM039,Email,18660.11,125662,9957,979
2026-06-12,CAM040,Affiliate,24490.19,106759,4007,223
2026-06-12,CAM041,Paid Social,84366.22,368241,16285,634
2026-06-12,CAM042,Email,20803.78,164532,14175,1292
2026-06-12,CAM043,Paid Search,67762.15,263538,13748,966
2026-06-12,CAM044,Paid Social,88606.21,354269,14406,595
2026-06-13,CAM001,Affiliate,19892.07,71813,2575,151
2026-06-13,CAM002,Email,17271.02,116521,8824,869
2026-06-13,CAM003,Paid Search,58289.95,209022,10661,764
2026-06-13,CAM004,Display,35284.69,156986,3852,137
2026-06-13,CAM005,Affiliate,21532.97,92921,3068,162
2026-06-13,CAM006,Paid Search,68195.29,229574,12864,1049
2026-06-13,CAM007,Display,40332.18,185032,4202,142
2026-06-13,CAM008,Paid Search,50862.76,173769,10462,771
2026-06-13,CAM009,Affiliate,26870.9,103099,3718,200
2026-06-13,CAM010,Email,16433.75,109497,9099,847
2026-06-13,CAM011,Affiliate,22140.65,100450,3752,194
2026-06-13,CAM012,Email,23664.65,146642,12145,1281
2026-06-13,CAM013,Affiliate,24064.37,105878,3708,191
2026-06-13,CAM014,Paid Social,87437.66,437556,20585,853
2026-06-13,CAM015,Paid Search,61968.19,215799,11880,829
2026-06-13,CAM016,Paid Search,66144.11,210844,11794,951
2026-06-13,CAM017,Paid Social,105344.87,531410,23011,834
2026-06-13,CAM018,Email,19446.34,129741,10640,1054
2026-06-13,CAM019,Paid Search,55246.5,208012,10685,787
2026-06-13,CAM020,Paid Social,85538.02,318819,13725,553
2026-06-13,CAM021,Paid Search,52170.51,202877,10519,716
2026-06-13,CAM022,Display,37335.62,177991,4442,170
2026-06-13,CAM023,Email,17864.42,112793,8593,827
2026-06-13,CAM024,Display,37769.58,160558,3708,134
2026-06-13,CAM025,Email,18206.83,112291,9760,945
2026-06-13,CAM026,Paid Social,106411.54,497057,23918,930
2026-06-13,CAM027,Email,18425.56,115066,8555,786
2026-06-13,CAM028,Email,18273.31,120698,8970,919
2026-06-13,CAM029,Paid Social,101279.91,399711,18065,655
2026-06-13,CAM030,Email,17379.91,122407,9122,882
2026-06-13,CAM031,Paid Search,49191.68,191538,11307,930
2026-06-13,CAM032,Affiliate,23529.73,104302,3922,236
2026-06-13,CAM033,Paid Social,93385.85,401577,18160,709
2026-06-13,CAM034,Affiliate,29042.11,123663,4409,242
2026-06-13,CAM035,Paid Social,77526.75,304393,14659,483
2026-06-13,CAM036,Paid Social,78684.06,301444,12406,479
2026-06-13,CAM037,Display,35709.14,162691,3781,136
2026-06-13,CAM038,Display,26684.79,148375,3673,124
2026-06-13,CAM039,Email,17852.51,139141,11958,1300
2026-06-13,CAM040,Affiliate,26782.47,106425,3563,184
2026-06-13,CAM041,Paid Social,88428.72,380780,16058,592
2026-06-13,CAM042,Email,17240.64,122492,10733,1033
2026-06-13,CAM043,Paid Search,61495.31,244450,12464,942
2026-06-13,CAM044,Paid Social,78655.68,344258,15750,547
2026-06-14,CAM001,Affiliate,25152.45,90664,2947,168
2026-06-14,CAM002,Email,17150.42,118661,9475,967
2026-06-14,CAM003,Paid Search,45544.09,144787,8341,594
2026-06-14,CAM004,Display,31341.82,137987,3369,114
2026-06-14,CAM005,Affiliate,18040.67,64259,2139,116
2026-06-14,CAM006,Paid Search,63163.35,204640,11999,834
2026-06-14,CAM007,Display,34497.13,189277,4751,163
2026-06-14,CAM008,Paid Search,64996.74,251495,13085,904
2026-06-14,CAM009,Affiliate,20503.24,77756,2974,177
2026-06-14,CAM010,Email,19339.01,137355,10752,1002
2026-06-14,CAM011,Affiliate,22624.99,82285,2678,147
2026-06-14,CAM012,Email,14465.57,89717,7193,784
2026-06-14,CAM013,Affiliate,20260.93,73280,2670,141
2026-06-14,CAM014,Paid Social,95261.42,423613,19348,790
2026-06-14,CAM015,Paid Search,54991.5,186170,9484,644
2026-06-14,CAM016,Paid Search,50936.22,184580,9674,710
2026-06-14,CAM017,Paid Social,85519.68,360473,14805,608
2026-06-14,CAM018,Email,18020.71,121361,10009,1098
2026-06-14,CAM019,Paid Search,63395.27,253595,13780,985
2026-06-14,CAM020,Paid Social,89907.92,445288,19910,795
2026-06-14,CAM021,Paid Search,49304.63,170132,10062,796
2026-06-14,CAM022,Display,37497.84,205119,5224,180
2026-06-14,CAM023,Email,20614.67,132143,11088,1217
2026-06-14,CAM024,Display,28821.82,134141,3381,127
2026-06-14,CAM025,Email,16579.49,120771,10475,1010
2026-06-14,CAM026,Paid Social,94540.25,354777,14006,483
2026-06-14,CAM027,Email,16930.57,115760,8769,835
2026-06-14,CAM028,Email,14314.99,89870,6528,663
2026-06-14,CAM029,Paid Social,95384.6,457688,21683,785
2026-06-14,CAM030,Email,17719.78,137294,10050,929
2026-06-14,CAM031,Paid Search,68095.04,262948,13722,1042
2026-06-14,CAM032,Affiliate,21962.16,88857,3060,168
2026-06-14,CAM033,Paid Social,87394.41,364541,16089,665
2026-06-14,CAM034,Affiliate,29135.44,129479,4231,251
2026-06-14,CAM035,Paid Social,78875.06,356407,14777,530
2026-06-14,CAM036,Paid Social,82300.68,374269,16813,624
2026-06-14,CAM037,Display,39389.0,224289,5653,194
2026-06-14,CAM038,Display,38313.74,208434,5503,189
2026-06-14,CAM039,Email,20712.1,124791,10799,1018
2026-06-14,CAM040,Affiliate,26461.45,102484,3271,191
2026-06-14,CAM041,Paid Social,80223.67,369805,17455,724
2026-06-14,CAM042,Email,19829.9,139624,10669,1066
2026-06-14,CAM043,Paid Search,63017.35,231291,12482,987
2026-06-14,CAM044,Paid Social,86410.03,423739,18225,707
2026-06-15,CAM001,Affiliate,28185.01,123980,4145,225
2026-06-15,CAM002,Email,17561.44,130072,10541,1061
2026-06-15,CAM003,Paid Search,48584.93,165864,9479,759
2026-06-15,CAM004,Display,29539.54,143072,3325,115
2026-06-15,CAM005,Affiliate,21845.61,95790,3517,183
2026-06-15,CAM006,Paid Search,48640.16,171078,10091,819
2026-06-15,CAM007,Display,30973.26,164241,4144,144
2026-06-15,CAM008,Paid Search,45089.54,147026,7933,542
2026-06-15,CAM009,Affiliate,23341.02,87862,3193,185
2026-06-15,CAM010,Email,15746.03,117735,10328,970
2026-06-15,CAM011,Affiliate,33865.01,124337,4513,249
2026-06-15,CAM012,Email,14859.9,101942,8062,827
2026-06-15,CAM013,Affiliate,25484.72,107321,3442,186
2026-06-15,CAM014,Paid Social,88930.69,345117,14766,535
2026-06-15,CAM015,Paid Search,63549.84,243276,14686,1135
2026-06-15,CAM016,Paid Search,50083.44,172761,8584,703
2026-06-15,CAM017,Paid Social,78033.75,423669,18643,676
2026-06-15,CAM018,Email,17828.06,128020,9716,935
2026-06-15,CAM019,Paid Search,47832.99,172583,10278,721
2026-06-15,CAM020,Paid Social,72280.8,325542,15495,588
2026-06-15,CAM021,Paid Search,51559.83,195403,11356,931
2026-06-15,CAM022,Display,37774.89,200730,5095,187
2026-06-15,CAM023,Email,19181.67,132985,10760,1043
2026-06-15,CAM024,Display,40982.14,211343,5197,174
2026-06-15,CAM025,Email,20568.54,134235,11066,1135
2026-06-15,CAM026,Paid Social,79849.72,400012,16883,614
2026-06-15,CAM027,Email,17702.19,137640,10248,1008
2026-06-15,CAM028,Email,18250.37,126528,10258,1096
2026-06-15,CAM029,Paid Social,82962.84,426562,20214,714
2026-06-15,CAM030,Email,15495.08,93963,7692,696
2026-06-15,CAM031,Paid Search,48920.6,187865,9588,744
2026-06-15,CAM032,Affiliate,25680.64,108514,3520,190
2026-06-15,CAM033,Paid Social,96777.18,489538,20317,755
2026-06-15,CAM034,Affiliate,26667.94,108757,3763,223
2026-06-15,CAM035,Paid Social,88785.23,399508,16549,594
2026-06-15,CAM036,Paid Social,88235.32,342166,15130,567
2026-06-15,CAM037,Display,37398.35,199716,5485,175
2026-06-15,CAM038,Display,31340.13,135972,3067,117
2026-06-15,CAM039,Email,21262.03,139380,10915,1078
2026-06-15,CAM040,Affiliate,23146.38,91208,3397,180
2026-06-15,CAM041,Paid Social,89244.51,457647,18206,633
2026-06-15,CAM042,Email,18950.14,149632,12113,1268
2026-06-15,CAM043,Paid Search,61784.6,229333,13367,1031
2026-06-15,CAM044,Paid Social,99480.17,494449,19888,701
2026-06-16,CAM001,Affiliate,21858.78,77451,2654,146
2026-06-16,CAM002,Email,17550.23,110260,9344,864
2026-06-16,CAM003,Paid Search,58331.04,183142,10271,835
2026-06-16,CAM004,Display,36410.94,172450,4019,144
2026-06-16,CAM005,Affiliate,25518.94,103741,3796,194
2026-06-16,CAM006,Paid Search,62247.69,209375,12429,1003
2026-06-16,CAM007,Display,35313.97,187755,4304,152
2026-06-16,CAM008,Paid Search,51311.55,188929,10955,808
2026-06-16,CAM009,Affiliate,22584.24,87258,3341,165
2026-06-16,CAM010,Email,19988.54,141219,12141,1157
2026-06-16,CAM011,Affiliate,29562.1,102882,3833,208
2026-06-16,CAM012,Email,17744.81,125968,10410,1000
2026-06-16,CAM013,Affiliate,22170.99,91828,3253,179
2026-06-16,CAM014,Paid Social,91386.8,458739,19519,804
2026-06-16,CAM015,Paid Search,64363.66,234777,14189,1078
2026-06-16,CAM016,Paid Search,52852.33,204107,11171,871
2026-06-16,CAM017,Paid Social,83568.36,370338,15659,575
2026-06-16,CAM018,Email,14089.57,106241,8356,795
2026-06-16,CAM019,Paid Search,49911.05,181074,10341,733
2026-06-16,CAM020,Paid Social,80893.07,333290,16602,694
2026-06-16,CAM021,Paid Search,64906.14,221880,13415,1056
2026-06-16,CAM022,Display,32619.96,184855,4379,139
2026-06-16,CAM023,Email,20307.19,159944,12914,1312
2026-06-16,CAM024,Display,33986.68,192004,4612,176
2026-06-16,CAM025,Email,19565.82,143247,12484,1148
2026-06-16,CAM026,Paid Social,98546.04,455246,20658,844
2026-06-16,CAM027,Email,17113.19,121100,9571,934
2026-06-16,CAM028,Email,16643.43,129445,9887,977
2026-06-16,CAM029,Paid Social,82839.99,330015,14130,620
2026-06-16,CAM030,Email,22037.7,157280,12443,1121
2026-06-16,CAM031,Paid Search,64881.02,211674,12663,956
2026-06-16,CAM032,Affiliate,27514.95,96008,3284,173
2026-06-16,CAM033,Paid Social,109971.99,437931,18180,734
2026-06-16,CAM034,Affiliate,25864.88,93759,3428,196
2026-06-16,CAM035,Paid Social,102871.65,468656,21127,775
2026-06-16,CAM036,Paid Social,68668.53,289243,11858,439
2026-06-16,CAM037,Display,27703.8,138753,3326,109
2026-06-16,CAM038,Display,31074.38,144160,3921,145
2026-06-16,CAM039,Email,17537.82,117729,10337,1102
2026-06-16,CAM040,Affiliate,24829.62,112165,3548,193
2026-06-16,CAM041,Paid Social,88295.43,402219,19594,722
2026-06-16,CAM042,Email,17136.41,116934,9173,850
2026-06-16,CAM043,Paid Search,59738.66,219188,13138,1018
2026-06-16,CAM044,Paid Social,88196.05,379016,15535,655
2026-06-17,CAM001,Affiliate,27644.14,107096,3480,172
2026-06-17,CAM002,Email,20393.79,128160,11253,1174
2026-06-17,CAM003,Paid Search,44993.24,152048,8449,657
2026-06-17,CAM004,Display,36699.18,165333,3888,127
2026-06-17,CAM005,Affiliate,26761.1,99182,3558,189
2026-06-17,CAM006,Paid Search,55672.18,206119,12415,845
2026-06-17,CAM007,Display,37740.61,189947,4357,155
2026-06-17,CAM008,Paid Search,47481.08,141683,7205,574
2026-06-17,CAM009,Affiliate,29007.55,121039,4206,234
2026-06-17,CAM010,Email,17267.87,119051,10350,1098
2026-06-17,CAM011,Affiliate,25059.75,113514,3654,207
2026-06-17,CAM012,Email,20867.0,154826,11253,1207
2026-06-17,CAM013,Affiliate,27500.55,99628,3502,201
2026-06-17,CAM014,Paid Social,88941.87,400054,17933,732
2026-06-17,CAM015,Paid Search,54201.09,172296,9865,706
2026-06-17,CAM016,Paid Search,60881.07,234594,11660,929
2026-06-17,CAM017,Paid Social,95063.53,387446,15471,580
2026-06-17,CAM018,Email,15386.65,120255,9446,1016
2026-06-17,CAM019,Paid Search,58378.07,209096,11763,934
2026-06-17,CAM020,Paid Social,90782.48,445857,17770,710
2026-06-17,CAM021,Paid Search,52608.69,169401,8464,694
2026-06-17,CAM022,Display,38355.08,210593,5477,194
2026-06-17,CAM023,Email,20501.72,132474,10266,1105
2026-06-17,CAM024,Display,33182.12,171851,4508,154
2026-06-17,CAM025,Email,15985.18,126033,10843,1187
2026-06-17,CAM026,Paid Social,94082.51,450281,18161,743
2026-06-17,CAM027,Email,19024.7,129741,10544,1085
2026-06-17,CAM028,Email,16249.84,101388,8505,902
2026-06-17,CAM029,Paid Social,71714.43,352063,14353,472
2026-06-17,CAM030,Email,18626.13,130451,11151,1159
2026-06-17,CAM031,Paid Search,57250.58,222250,12524,900
2026-06-17,CAM032,Affiliate,20040.84,69463,2310,126
2026-06-17,CAM033,Paid Social,71254.87,360100,14914,501
2026-06-17,CAM034,Affiliate,29175.99,129084,4772,287
2026-06-17,CAM035,Paid Social,86114.45,351819,14686,574
2026-06-17,CAM036,Paid Social,96448.59,358728,15872,608
2026-06-17,CAM037,Display,33819.18,166230,4044,134
2026-06-17,CAM038,Display,27035.09,117007,2656,97
2026-06-17,CAM039,Email,19660.11,145402,11815,1076
2026-06-17,CAM040,Affiliate,24931.91,85020,3228,185
2026-06-17,CAM041,Paid Social,91926.51,438430,18999,739
2026-06-17,CAM042,Email,16777.78,109317,8531,909
2026-06-17,CAM043,Paid Search,55629.4,196899,11203,913
2026-06-17,CAM044,Paid Social,58141.52,226115,9116,347
2026-06-18,CAM001,Affiliate,23947.89,107110,3413,174
2026-06-18,CAM002,Email,19120.69,130250,10826,1025
2026-06-18,CAM003,Paid Search,52650.98,192216,10369,784
2026-06-18,CAM004,Display,28238.15,160072,4084,149
2026-06-18,CAM005,Affiliate,20217.84,74840,2411,137
2026-06-18,CAM006,Paid Search,71609.96,254855,13296,988
2026-06-18,CAM007,Display,38932.17,197818,4625,161
2026-06-18,CAM008,Paid Search,48748.2,189489,10816,823
2026-06-18,CAM009,Affiliate,22696.38,94969,3247,184
2026-06-18,CAM010,Email,12061.02,86477,6422,642
2026-06-18,CAM011,Affiliate,20444.89,71422,2292,120
2026-06-18,CAM012,Email,18591.77,111661,9667,946
2026-06-18,CAM013,Affiliate,24433.14,109971,3934,237
2026-06-18,CAM014,Paid Social,71142.47,366967,15593,599
2026-06-18,CAM015,Paid Search,44027.5,169702,9969,803
2026-06-18,CAM016,Paid Search,67606.21,270710,16329,1255
2026-06-18,CAM017,Paid Social,123001.66,562098,23206,860
2026-06-18,CAM018,Email,19464.49,123142,10744,1139
2026-06-18,CAM019,Paid Search,58833.22,200982,11960,874
2026-06-18,CAM020,Paid Social,83437.05,379794,16732,660
2026-06-18,CAM021,Paid Search,41993.05,161530,9605,691
2026-06-18,CAM022,Display,37635.82,187780,4827,184
2026-06-18,CAM023,Email,19884.92,123822,9037,875
2026-06-18,CAM024,Display,31638.88,153742,4179,146
2026-06-18,CAM025,Email,18990.87,126766,10905,1142
2026-06-18,CAM026,Paid Social,76726.92,300378,13126,504
2026-06-18,CAM027,Email,16526.46,122207,10399,937
2026-06-18,CAM028,Email,21598.25,172887,15061,1374
2026-06-18,CAM029,Paid Social,72780.83,351439,14921,543
2026-06-18,CAM030,Email,18114.32,108385,8619,876
2026-06-18,CAM031,Paid Search,52755.34,201989,11305,817
2026-06-18,CAM032,Affiliate,27753.98,106523,3594,214
2026-06-18,CAM033,Paid Social,82284.63,366032,16935,581
2026-06-18,CAM034,Affiliate,23849.16,102031,3446,190
2026-06-18,CAM035,Paid Social,85551.3,398384,16969,628
2026-06-18,CAM036,Paid Social,80524.76,345345,17119,589
2026-06-18,CAM037,Display,27273.19,129115,3531,115
2026-06-18,CAM038,Display,34867.57,149681,3969,142
2026-06-18,CAM039,Email,14537.7,95923,8046,859
2026-06-18,CAM040,Affiliate,25636.19,92119,3157,165
2026-06-18,CAM041,Paid Social,101693.95,408438,19666,702
2026-06-18,CAM042,Email,20928.16,133776,11066,1091
2026-06-18,CAM043,Paid Search,46757.07,156992,8213,674
2026-06-18,CAM044,Paid Social,90884.62,426954,19290,802
2026-06-19,CAM001,Affiliate,28677.46,128773,4311,239
2026-06-19,CAM002,Email,16767.87,110668,8630,829
2026-06-19,CAM003,Paid Search,57358.71,203665,10699,739
2026-06-19,CAM004,Display,28256.77,143749,3611,129
2026-06-19,CAM005,Affiliate,26739.96,104014,3906,205
2026-06-19,CAM006,Paid Search,59672.47,208030,11235,831
2026-06-19,CAM007,Display,29559.05,132892,3192,116
2026-06-19,CAM008,Paid Search,58792.14,203268,10343,768
2026-06-19,CAM009,Affiliate,29617.57,129261,4909,252
2026-06-19,CAM010,Email,15594.23,122475,10402,975
2026-06-19,CAM011,Affiliate,24567.11,103122,3815,202
2026-06-19,CAM012,Email,19483.45,118737,9950,1084
2026-06-19,CAM013,Affiliate,24863.81,105514,3658,194
2026-06-19,CAM014,Paid Social,92226.59,359235,15037,602
2026-06-19,CAM015,Paid Search,60551.6,222248,11043,861
2026-06-19,CAM016,Paid Search,45686.27,153027,8050,664
2026-06-19,CAM017,Paid Social,114750.06,526684,21894,939
2026-06-19,CAM018,Email,16768.74,120562,9592,1046
2026-06-19,CAM019,Paid Search,51038.74,198592,10910,870
2026-06-19,CAM020,Paid Social,84468.6,340868,15115,608
2026-06-19,CAM021,Paid Search,60054.87,227463,13105,887
2026-06-19,CAM022,Display,39824.32,176502,4623,176
2026-06-19,CAM023,Email,15276.3,103582,8201,828
2026-06-19,CAM024,Display,37219.58,186932,4223,140
2026-06-19,CAM025,Email,19285.54,122022,9860,899
2026-06-19,CAM026,Paid Social,99693.67,397291,17129,649
2026-06-19,CAM027,Email,14285.27,109113,9593,970
2026-06-19,CAM028,Email,16354.27,126439,10171,1052
2026-06-19,CAM029,Paid Social,76254.13,366283,16232,667
2026-06-19,CAM030,Email,18237.83,116159,8478,796
2026-06-19,CAM031,Paid Search,53683.09,187645,11350,899
2026-06-19,CAM032,Affiliate,24725.07,105554,3430,201
2026-06-19,CAM033,Paid Social,93453.74,392646,18611,627
2026-06-19,CAM034,Affiliate,26250.87,114955,4425,264
2026-06-19,CAM035,Paid Social,76799.38,375190,15984,605
2026-06-19,CAM036,Paid Social,95455.33,444167,20262,711
2026-06-19,CAM037,Display,38210.27,164871,4511,150
2026-06-19,CAM038,Display,36764.98,198495,4836,176
2026-06-19,CAM039,Email,21975.82,162034,13719,1287
2026-06-19,CAM040,Affiliate,27991.08,123389,4316,257
2026-06-19,CAM041,Paid Social,99475.62,491062,23342,942
2026-06-19,CAM042,Email,17179.54,108337,8303,877
2026-06-19,CAM043,Paid Search,52408.77,165019,8367,655
2026-06-19,CAM044,Paid Social,87889.21,387974,15302,652
2026-06-20,CAM001,Affiliate,26091.68,103655,3423,183
2026-06-20,CAM002,Email,16686.63,106342,8000,847
2026-06-20,CAM003,Paid Search,62566.56,250964,12790,905
2026-06-20,CAM004,Display,36389.58,207019,5122,195
2026-06-20,CAM005,Affiliate,31672.15,136519,4786,257
2026-06-20,CAM006,Paid Search,53816.51,199259,11039,793
2026-06-20,CAM007,Display,28417.45,125200,3111,99
2026-06-20,CAM008,Paid Search,49289.03,186007,9453,756
2026-06-20,CAM009,Affiliate,21215.24,85816,3050,159
2026-06-20,CAM010,Email,14984.1,92417,7847,815
2026-06-20,CAM011,Affiliate,26534.65,114329,4313,252
2026-06-20,CAM012,Email,15119.16,96639,7086,707
2026-06-20,CAM013,Affiliate,22186.56,99017,3435,179
2026-06-20,CAM014,Paid Social,93591.71,415039,18343,747
2026-06-20,CAM015,Paid Search,63239.11,224099,11964,912
2026-06-20,CAM016,Paid Search,50867.08,179856,10609,811
2026-06-20,CAM017,Paid Social,79166.12,347959,14860,570
2026-06-20,CAM018,Email,20626.17,162570,12666,1234
2026-06-20,CAM019,Paid Search,52041.92,200734,10158,739
2026-06-20,CAM020,Paid Social,84018.73,364858,17535,743
2026-06-20,CAM021,Paid Search,44702.06,165456,8762,632
2026-06-20,CAM022,Display,32530.99,167669,3944,147
2026-06-20,CAM023,Email,19184.56,135264,10706,1078
2026-06-20,CAM024,Display,35219.56,199346,5318,188
2026-06-20,CAM025,Email,17779.22,134006,10744,1044
2026-06-20,CAM026,Paid Social,83121.59,381816,17448,584
2026-06-20,CAM027,Email,17220.85,103276,8035,787
2026-06-20,CAM028,Email,16068.71,121533,9377,880
2026-06-20,CAM029,Paid Social,97949.9,396137,16379,566
2026-06-20,CAM030,Email,17084.47,105020,8636,814
2026-06-20,CAM031,Paid Search,50708.23,178537,9832,703
2026-06-20,CAM032,Affiliate,25616.99,95541,3347,167
2026-06-20,CAM033,Paid Social,77251.94,360047,15195,511
2026-06-20,CAM034,Affiliate,28255.37,100096,3683,184
2026-06-20,CAM035,Paid Social,79347.16,339136,15119,553
2026-06-20,CAM036,Paid Social,90658.6,356546,16469,607
2026-06-20,CAM037,Display,36074.86,168865,3822,144
2026-06-20,CAM038,Display,35190.94,160849,4357,164
2026-06-20,CAM039,Email,15922.67,121467,8826,803
2026-06-20,CAM040,Affiliate,27962.4,114400,4174,221
2026-06-20,CAM041,Paid Social,76437.21,339271,15906,585
2026-06-20,CAM042,Email,18301.63,129397,10443,1140
2026-06-20,CAM043,Paid Search,55574.02,208578,10872,785
2026-06-20,CAM044,Paid Social,73151.29,329032,14355,557
2026-06-21,CAM001,Affiliate,22584.09,91392,2967,167
2026-06-21,CAM002,Email,20275.19,153537,12236,1126
2026-06-21,CAM003,Paid Search,51704.13,195501,10567,756
2026-06-21,CAM004,Display,39619.02,177740,4285,139
2026-06-21,CAM005,Affiliate,19563.77,83467,3055,160
2026-06-21,CAM006,Paid Search,46048.51,157888,9022,714
2026-06-21,CAM007,Display,32052.79,145757,3562,114
2026-06-21,CAM008,Paid Search,58117.79,199822,11495,891
2026-06-21,CAM009,Affiliate,24718.2,102718,3763,200
2026-06-21,CAM010,Email,16919.52,125730,10067,961
2026-06-21,CAM011,Affiliate,19636.53,76939,2732,159
2026-06-21,CAM012,Email,16777.36,130258,10867,1190
2026-06-21,CAM013,Affiliate,23276.12,95757,3350,187
2026-06-21,CAM014,Paid Social,79424.11,335846,15143,609
2026-06-21,CAM015,Paid Search,64011.12,203140,11721,911
2026-06-21,CAM016,Paid Search,69376.47,248910,13200,978
2026-06-21,CAM017,Paid Social,66379.22,273034,12958,436
2026-06-21,CAM018,Email,15948.19,100769,8234,810
2026-06-21,CAM019,Paid Search,50161.08,177007,9975,745
2026-06-21,CAM020,Paid Social,88844.15,383320,16866,670
2026-06-21,CAM021,Paid Search,53266.06,188085,9399,661
2026-06-21,CAM022,Display,31791.68,156469,4011,150
2026-06-21,CAM023,Email,18271.74,131092,11332,1143
2026-06-21,CAM024,Display,38947.08,195531,5349,177
2026-06-21,CAM025,Email,20412.09,141010,10773,1098
2026-06-21,CAM026,Paid Social,75753.66,288867,14249,504
2026-06-21,CAM027,Email,15870.65,112079,8300,813
2026-06-21,CAM028,Email,20901.34,163361,13937,1386
2026-06-21,CAM029,Paid Social,80799.47,378261,17717,741
2026-06-21,CAM030,Email,23280.67,162505,13313,1453
2026-06-21,CAM031,Paid Search,61552.27,230923,12033,985
2026-06-21,CAM032,Affiliate,23313.65,83352,3177,159
2026-06-21,CAM033,Paid Social,58966.7,273538,10730,413
2026-06-21,CAM034,Affiliate,27462.85,105352,3471,178
2026-06-21,CAM035,Paid Social,80973.64,348484,15203,590
2026-06-21,CAM036,Paid Social,94353.62,455119,21339,892
2026-06-21,CAM037,Display,40303.85,199273,5380,183
2026-06-21,CAM038,Display,33173.2,176026,4426,156
2026-06-21,CAM039,Email,20282.53,122793,8908,823
2026-06-21,CAM040,Affiliate,22699.16,79491,2806,153
2026-06-21,CAM041,Paid Social,97833.38,471494,19019,672
2026-06-21,CAM042,Email,15858.99,123129,10689,1121
2026-06-21,CAM043,Paid Search,54416.7,193615,9795,733
2026-06-21,CAM044,Paid Social,98938.78,394606,18575,783
2026-06-22,CAM001,Affiliate,20769.73,88019,3321,174
2026-06-22,CAM002,Email,19077.67,133836,11632,1189
2026-06-22,CAM003,Paid Search,51315.53,178041,9679,712
2026-06-22,CAM004,Display,34862.19,194048,5263,178
2026-06-22,CAM005,Affiliate,27062.57,94219,3564,204
2026-06-22,CAM006,Paid Search,51204.36,194682,9912,735
2026-06-22,CAM007,Display,21155.91,114523,2814,89
2026-06-22,CAM008,Paid Search,55431.21,214788,11668,954
2026-06-22,CAM009,Affiliate,25758.61,98690,3502,202
2026-06-22,CAM010,Email,19110.26,113974,9041,944
2026-06-22,CAM011,Affiliate,22045.41,88949,3319,170
2026-06-22,CAM012,Email,19714.28,157409,12892,1217
2026-06-22,CAM013,Affiliate,23708.9,106674,4036,218
2026-06-22,CAM014,Paid Social,82662.97,364802,16798,567
2026-06-22,CAM015,Paid Search,51325.8,199519,10820,834
2026-06-22,CAM016,Paid Search,55887.81,179799,10501,852
2026-06-22,CAM017,Paid Social,72883.11,358313,15747,610
2026-06-22,CAM018,Email,17735.51,117310,8632,846
2026-06-22,CAM019,Paid Search,45776.96,168585,8767,670
2026-06-22,CAM020,Paid Social,81884.71,373420,15407,567
2026-06-22,CAM021,Paid Search,59232.85,195448,9939,807
2026-06-22,CAM022,Display,35628.22,199212,5448,202
2026-06-22,CAM023,Email,20751.66,135969,10425,951
2026-06-22,CAM024,Display,37326.59,166546,4507,149
2026-06-22,CAM025,Email,14368.31,99087,7846,820
2026-06-22,CAM026,Paid Social,94152.43,485943,19773,779
2026-06-22,CAM027,Email,18140.83,117305,9502,1036
2026-06-22,CAM028,Email,16940.91,132035,11549,1116
2026-06-22,CAM029,Paid Social,69101.28,291151,13933,582
2026-06-22,CAM030,Email,20863.98,147805,11233,1122
2026-06-22,CAM031,Paid Search,43202.12,161328,9634,689
2026-06-22,CAM032,Affiliate,27133.61,117790,4041,207
2026-06-22,CAM033,Paid Social,77569.25,365987,15209,659
2026-06-22,CAM034,Affiliate,20105.39,87031,3168,166
2026-06-22,CAM035,Paid Social,98965.53,465545,18287,624
2026-06-22,CAM036,Paid Social,88790.54,406750,16967,626
2026-06-22,CAM037,Display,37462.09,195056,5154,168
2026-06-22,CAM038,Display,32167.38,171032,4455,143
2026-06-22,CAM039,Email,17503.73,131067,11501,1187
2026-06-22,CAM040,Affiliate,24809.19,105082,3384,173
2026-06-22,CAM041,Paid Social,78272.63,354766,14741,601
2026-06-22,CAM042,Email,19873.2,125791,9581,892
2026-06-22,CAM043,Paid Search,55769.59,180506,9929,711
2026-06-22,CAM044,Paid Social,87999.54,366434,16502,676
2026-06-23,CAM001,Affiliate,26998.15,116785,4245,217
2026-06-23,CAM002,Email,17419.79,106203,8589,846
2026-06-23,CAM003,Paid Search,55563.92,199628,11104,889
2026-06-23,CAM004,Display,30784.87,168001,4297,145
2026-06-23,CAM005,Affiliate,22311.98,95877,3582,183
2026-06-23,CAM006,Paid Search,67152.04,235244,12407,978
2026-06-23,CAM007,Display,32888.15,162694,4118,142
2026-06-23,CAM008,Paid Search,48215.8,154043,8752,601
2026-06-23,CAM009,Affiliate,25647.54,93116,2987,178
2026-06-23,CAM010,Email,21090.51,131772,10976,988
2026-06-23,CAM011,Affiliate,25219.15,102483,3432,206
2026-06-23,CAM012,Email,18107.32,141451,11260,1121
2026-06-23,CAM013,Affiliate,23077.81,94710,3057,182
2026-06-23,CAM014,Paid Social,79973.74,321230,13035,523
2026-06-23,CAM015,Paid Search,60907.17,227894,11612,792
2026-06-23,CAM016,Paid Search,49674.05,161012,9700,670
2026-06-23,CAM017,Paid Social,102733.36,444202,17574,736
2026-06-23,CAM018,Email,19193.15,128098,10234,1041
2026-06-23,CAM019,Paid Search,59453.28,180782,9678,662
2026-06-23,CAM020,Paid Social,79005.46,331031,13316,465
2026-06-23,CAM021,Paid Search,56389.6,207381,11276,890
2026-06-23,CAM022,Display,29566.49,147121,3661,116
2026-06-23,CAM023,Email,17248.99,111225,8102,796
2026-06-23,CAM024,Display,30679.33,144147,3328,122
2026-06-23,CAM025,Email,18852.46,139416,11894,1164
2026-06-23,CAM026,Paid Social,107625.2,525671,23457,814
2026-06-23,CAM027,Email,16740.08,121355,10131,935
2026-06-23,CAM028,Email,19177.7,126817,9708,1041
2026-06-23,CAM029,Paid Social,70607.79,362522,16511,673
2026-06-23,CAM030,Email,16885.49,132352,11539,1144
2026-06-23,CAM031,Paid Search,56298.67,221595,11446,859
2026-06-23,CAM032,Affiliate,24406.07,85803,2935,148
2026-06-23,CAM033,Paid Social,93390.4,443745,18331,662
2026-06-23,CAM034,Affiliate,27852.86,124265,3990,236
2026-06-23,CAM035,Paid Social,74461.37,300082,12541,459
2026-06-23,CAM036,Paid Social,78616.9,387629,17926,626
2026-06-23,CAM037,Display,39564.3,173469,4668,178
2026-06-23,CAM038,Display,42387.39,201092,4823,155
2026-06-23,CAM039,Email,18071.34,136791,10024,992
2026-06-23,CAM040,Affiliate,23086.77,102328,3530,182
2026-06-23,CAM041,Paid Social,77443.29,344403,15178,568
2026-06-23,CAM042,Email,15936.37,126470,11092,1205
2026-06-23,CAM043,Paid Search,49713.72,155847,8042,581
2026-06-23,CAM044,Paid Social,65879.04,262106,11198,436
2026-06-24,CAM001,Affiliate,22474.45,90110,3424,201
2026-06-24,CAM002,Email,21613.69,147455,12370,1131
2026-06-24,CAM003,Paid Search,48556.77,154052,9134,694
2026-06-24,CAM004,Display,39198.47,186059,4458,157
2026-06-24,CAM005,Affiliate,21939.44,89076,3111,185
2026-06-24,CAM006,Paid Search,53745.87,175797,9729,779
2026-06-24,CAM007,Display,31962.16,172847,4384,147
2026-06-24,CAM008,Paid Search,51162.88,191564,11360,782
2026-06-24,CAM009,Affiliate,22131.3,76696,2869,152
2026-06-24,CAM010,Email,17339.6,136737,10353,1034
2026-06-24,CAM011,Affiliate,26686.38,93332,3313,179
2026-06-24,CAM012,Email,17685.17,124257,9328,931
2026-06-24,CAM013,Affiliate,23468.52,88488,3172,184
2026-06-24,CAM014,Paid Social,115479.23,539956,24901,933
2026-06-24,CAM015,Paid Search,65444.61,198737,10812,849
2026-06-24,CAM016,Paid Search,60113.57,236196,12191,929
2026-06-24,CAM017,Paid Social,93410.49,460907,19664,742
2026-06-24,CAM018,Email,20615.98,125994,9731,921
2026-06-24,CAM019,Paid Search,55626.39,171114,9508,734
2026-06-24,CAM020,Paid Social,91056.53,419458,17661,655
2026-06-24,CAM021,Paid Search,60793.63,222362,12718,964
2026-06-24,CAM022,Display,31153.2,142583,3217,116
2026-06-24,CAM023,Email,19356.83,122670,10662,1161
2026-06-24,CAM024,Display,38622.47,179206,4879,171
2026-06-24,CAM025,Email,16999.67,105613,8845,956
2026-06-24,CAM026,Paid Social,91227.4,406273,17924,732
2026-06-24,CAM027,Email,18985.24,142798,10377,1129
2026-06-24,CAM028,Email,19271.4,128459,9587,878
2026-06-24,CAM029,Paid Social,71101.11,349574,15935,640
2026-06-24,CAM030,Email,16392.15,103513,8050,882
2026-06-24,CAM031,Paid Search,55870.24,169964,9754,701
2026-06-24,CAM032,Affiliate,27485.63,103551,3312,166
2026-06-24,CAM033,Paid Social,68200.44,302556,11880,421
2026-06-24,CAM034,Affiliate,26232.97,93775,3227,181
2026-06-24,CAM035,Paid Social,81180.66,295915,12334,490
2026-06-24,CAM036,Paid Social,75593.85,355554,16750,656
2026-06-24,CAM037,Display,41098.85,202344,5399,207
2026-06-24,CAM038,Display,33242.61,180771,4789,179
2026-06-24,CAM039,Email,17230.82,133093,11645,1268
2026-06-24,CAM040,Affiliate,26749.91,91978,3065,180
2026-06-24,CAM041,Paid Social,80458.48,370148,14382,604
2026-06-24,CAM042,Email,17037.86,133739,11064,1098
2026-06-24,CAM043,Paid Search,52666.01,204848,10786,837
2026-06-24,CAM044,Paid Social,108800.07,416106,16579,604
2026-06-25,CAM001,Affiliate,20342.36,79878,2929,146
2026-06-25,CAM002,Email,18605.61,140902,10770,1046
2026-06-25,CAM003,Paid Search,56737.63,199389,10334,841
2026-06-25,CAM004,Display,37387.42,163398,4298,157
2026-06-25,CAM005,Affiliate,29973.38,133056,4676,255
2026-06-25,CAM006,Paid Search,51176.59,192344,11192,771
2026-06-25,CAM007,Display,35984.38,190530,4568,157
2026-06-25,CAM008,Paid Search,45690.14,177597,9480,697
2026-06-25,CAM009,Affiliate,21869.21,75601,2462,131
2026-06-25,CAM010,Email,15877.74,122565,9508,962
2026-06-25,CAM011,Affiliate,25195.54,85819,2869,145
2026-06-25,CAM012,Email,20675.89,132932,11281,1101
2026-06-25,CAM013,Affiliate,24482.42,102636,3483,199
2026-06-25,CAM014,Paid Social,68400.89,312504,11971,720
2026-06-25,CAM015,Paid Search,56797.19,189590,9528,652
2026-06-25,CAM016,Paid Search,60896.95,235955,13764,999
2026-06-25,CAM017,Paid Social,62407.33,315852,13348,747
2026-06-25,CAM018,Email,18467.89,111042,8347,863
2026-06-25,CAM019,Paid Search,51309.62,178431,10185,738
2026-06-25,CAM020,Paid Social,65501.56,261266,10950,689
2026-06-25,CAM021,Paid Search,49337.95,160580,8526,624
2026-06-25,CAM022,Display,38929.44,207424,4865,180
2026-06-25,CAM023,Email,18980.6,135840,10890,1171
2026-06-25,CAM024,Display,35025.54,175589,4674,175
2026-06-25,CAM025,Email,14982.14,98924,8255,773
2026-06-25,CAM026,Paid Social,63889.12,248787,10862,599
2026-06-25,CAM027,Email,16852.56,123579,10500,1118
2026-06-25,CAM028,Email,18459.65,148503,11937,1207
2026-06-25,CAM029,Paid Social,55285.71,223888,8537,475
2026-06-25,CAM030,Email,14939.08,115624,9525,903
2026-06-25,CAM031,Paid Search,63160.27,249010,12886,1045
2026-06-25,CAM032,Affiliate,25967.43,113723,3889,221
2026-06-25,CAM033,Paid Social,73744.0,356581,16234,945
2026-06-25,CAM034,Affiliate,25244.66,102076,3341,170
2026-06-25,CAM035,Paid Social,79111.42,363472,14688,818
2026-06-25,CAM036,Paid Social,65977.45,315447,14016,814
2026-06-25,CAM037,Display,42148.13,217781,5243,195
2026-06-25,CAM038,Display,28701.81,157079,3787,125
2026-06-25,CAM039,Email,18818.29,115023,10083,997
2026-06-25,CAM040,Affiliate,25550.34,97049,3176,163
2026-06-25,CAM041,Paid Social,57264.84,234958,10629,590
2026-06-25,CAM042,Email,16927.52,103118,8181,744
2026-06-25,CAM043,Paid Search,59062.97,196766,11827,921
2026-06-25,CAM044,Paid Social,83003.84,361388,14871,910
2026-06-26,CAM001,Affiliate,24145.04,85447,2896,160
2026-06-26,CAM002,Email,18840.25,149810,12981,1183
2026-06-26,CAM003,Paid Search,48450.29,173410,8934,645
2026-06-26,CAM004,Display,36987.72,208240,4899,182
2026-06-26,CAM005,Affiliate,28318.99,108473,3781,214
2026-06-26,CAM006,Paid Search,50178.62,175860,9694,692
2026-06-26,CAM007,Display,27804.95,146502,3835,136
2026-06-26,CAM008,Paid Search,50853.41,190066,9954,795
2026-06-26,CAM009,Affiliate,25062.73,87910,3248,173
2026-06-26,CAM010,Email,18681.03,139526,10096,1095
2026-06-26,CAM011,Affiliate,21320.25,79533,2508,137
2026-06-26,CAM012,Email,16796.63,105895,9317,962
2026-06-26,CAM013,Affiliate,28428.53,125608,4361,222
2026-06-26,CAM014,Paid Social,58077.55,298596,13294,796
2026-06-26,CAM015,Paid Search,46984.59,172292,10255,730
2026-06-26,CAM016,Paid Search,58465.93,195114,10805,751
2026-06-26,CAM017,Paid Social,61648.29,276892,12071,745
2026-06-26,CAM018,Email,16266.4,97748,7071,644
2026-06-26,CAM019,Paid Search,58739.91,206451,11137,765
2026-06-26,CAM020,Paid Social,78007.15,329977,15028,912
2026-06-26,CAM021,Paid Search,51682.17,179632,10349,788
2026-06-26,CAM022,Display,36854.89,167847,4593,163
2026-06-26,CAM023,Email,15779.24,124143,9760,888
2026-06-26,CAM024,Display,40995.73,208678,5441,193
2026-06-26,CAM025,Email,18772.0,112049,9316,973
2026-06-26,CAM026,Paid Social,53227.37,249824,11268,721
2026-06-26,CAM027,Email,18900.46,127156,9280,880
2026-06-26,CAM028,Email,19757.27,150993,12554,1316
2026-06-26,CAM029,Paid Social,70300.82,293011,11885,653
2026-06-26,CAM030,Email,18005.81,126111,10401,947
2026-06-26,CAM031,Paid Search,48334.26,146647,7827,610
2026-06-26,CAM032,Affiliate,24822.95,110824,3935,219
2026-06-26,CAM033,Paid Social,63215.04,244540,11024,632
2026-06-26,CAM034,Affiliate,19180.9,87945,3193,180
2026-06-26,CAM035,Paid Social,68242.03,336639,13192,749
2026-06-26,CAM036,Paid Social,71021.23,296352,11618,646
2026-06-26,CAM037,Display,33794.63,164041,3718,126
2026-06-26,CAM038,Display,28543.16,137551,3601,114
2026-06-26,CAM039,Email,21678.18,149552,12633,1336
2026-06-26,CAM040,Affiliate,27294.47,95853,3191,191
2026-06-26,CAM041,Paid Social,70452.3,351404,15020,821
2026-06-26,CAM042,Email,21746.97,164797,13157,1309
2026-06-26,CAM043,Paid Search,45012.51,174148,9277,741
2026-06-26,CAM044,Paid Social,59414.91,290400,11231,670
2026-06-27,CAM001,Affiliate,32198.71,110888,3547,210
2026-06-27,CAM002,Email,19803.0,155180,12999,1200
2026-06-27,CAM003,Paid Search,52961.13,193347,10111,741
2026-06-27,CAM004,Display,31875.79,138641,3700,122
2026-06-27,CAM005,Affiliate,23985.68,104414,3386,197
2026-06-27,CAM006,Paid Search,62076.7,194044,11523,864
2026-06-27,CAM007,Display,41437.55,185163,4565,158
2026-06-27,CAM008,Paid Search,58781.51,227318,11828,973
2026-06-27,CAM009,Affiliate,29848.09,121761,4382,217
2026-06-27,CAM010,Email,16830.74,105330,8947,956
2026-06-27,CAM011,Affiliate,25272.33,113057,4195,226
2026-06-27,CAM012,Email,18366.33,136428,10436,1079
2026-06-27,CAM013,Affiliate,25944.86,98656,3747,187
2026-06-27,CAM014,Paid Social,56460.14,233491,8898,485
2026-06-27,CAM015,Paid Search,53914.16,193337,11589,914
2026-06-27,CAM016,Paid Search,66786.2,201106,11565,896
2026-06-27,CAM017,Paid Social,69774.7,287199,11267,618
2026-06-27,CAM018,Email,15852.54,120115,10438,1143
2026-06-27,CAM019,Paid Search,63354.07,252862,12869,1004
2026-06-27,CAM020,Paid Social,61200.21,238726,9711,543
2026-06-27,CAM021,Paid Search,55542.03,171239,8537,666
2026-06-27,CAM022,Display,37525.41,212434,5562,198
2026-06-27,CAM023,Email,20650.18,146382,11707,1108
2026-06-27,CAM024,Display,36039.11,153791,4161,158
2026-06-27,CAM025,Email,19609.56,142137,11648,1263
2026-06-27,CAM026,Paid Social,82610.83,350778,14713,942
2026-06-27,CAM027,Email,16345.62,126433,10901,1185
2026-06-27,CAM028,Email,19271.18,145975,11754,1109
2026-06-27,CAM029,Paid Social,63814.67,300733,11849,776
2026-06-27,CAM030,Email,20085.71,123571,9819,1056
2026-06-27,CAM031,Paid Search,66800.75,230098,12347,889
2026-06-27,CAM032,Affiliate,22555.95,78063,2750,163
2026-06-27,CAM033,Paid Social,62645.37,308482,13028,831
2026-06-27,CAM034,Affiliate,28815.66,123509,4282,245
2026-06-27,CAM035,Paid Social,67746.3,305694,11660,669
2026-06-27,CAM036,Paid Social,75773.93,366300,13958,854
2026-06-27,CAM037,Display,40101.49,175759,4251,152
2026-06-27,CAM038,Display,29088.89,133765,3255,110
2026-06-27,CAM039,Email,20215.44,157848,13122,1268
2026-06-27,CAM040,Affiliate,23084.1,87229,3159,164
2026-06-27,CAM041,Paid Social,64861.13,327300,13834,847
2026-06-27,CAM042,Email,17720.43,116679,8773,849
2026-06-27,CAM043,Paid Search,45044.55,172332,9792,743
2026-06-27,CAM044,Paid Social,73669.28,309235,12843,724
2026-06-28,CAM001,Affiliate,27957.14,101059,3801,197
2026-06-28,CAM002,Email,16525.79,99825,7869,810
2026-06-28,CAM003,Paid Search,44385.55,169574,10257,740
2026-06-28,CAM004,Display,31907.68,164021,3891,124
2026-06-28,CAM005,Affiliate,18843.99,66223,2148,115
2026-06-28,CAM006,Paid Search,51862.7,163498,9214,631
2026-06-28,CAM007,Display,41192.17,231376,5878,188
2026-06-28,CAM008,Paid Search,49889.32,195427,10824,838
2026-06-28,CAM009,Affiliate,29738.61,108856,4144,219
2026-06-28,CAM010,Email,17765.68,113914,9103,830
2026-06-28,CAM011,Affiliate,23819.19,92748,3155,160
2026-06-28,CAM012,Email,17501.31,108737,9410,865
2026-06-28,CAM013,Affiliate,24047.32,107581,3680,187
2026-06-28,CAM014,Paid Social,56542.2,257720,11897,683
2026-06-28,CAM015,Paid Search,54800.7,196527,10871,833
2026-06-28,CAM016,Paid Search,56487.04,170076,10266,780
2026-06-28,CAM017,Paid Social,68329.16,318205,14218,769
2026-06-28,CAM018,Email,18186.0,119911,10310,1015
2026-06-28,CAM019,Paid Search,70022.01,220054,11671,813
2026-06-28,CAM020,Paid Social,60938.14,248252,10419,646
2026-06-28,CAM021,Paid Search,60364.06,222405,13329,1083
2026-06-28,CAM022,Display,29479.75,138385,3335,127
2026-06-28,CAM023,Email,15562.34,122454,10669,1053
2026-06-28,CAM024,Display,35079.29,176528,4285,158
2026-06-28,CAM025,Email,17335.69,134999,10183,1084
2026-06-28,CAM026,Paid Social,70756.89,284120,11151,720
2026-06-28,CAM027,Email,17549.67,117296,9544,983
2026-06-28,CAM028,Email,22328.96,140945,11807,1143
2026-06-28,CAM029,Paid Social,57107.98,288725,12888,701
2026-06-28,CAM030,Email,15724.24,99084,8157,750
2026-06-28,CAM031,Paid Search,45578.35,168300,8957,634
2026-06-28,CAM032,Affiliate,24373.07,83383,3191,179
2026-06-28,CAM033,Paid Social,44676.67,204590,9321,539
2026-06-28,CAM034,Affiliate,27803.51,115221,3735,190
2026-06-28,CAM035,Paid Social,63086.43,292224,12618,771
2026-06-28,CAM036,Paid Social,68743.98,347773,13610,878
2026-06-28,CAM037,Display,38570.58,192537,5112,162
2026-06-28,CAM038,Display,31368.13,133775,3017,101
2026-06-28,CAM039,Email,16773.42,105935,9225,931
2026-06-28,CAM040,Affiliate,26744.39,99817,3466,192
2026-06-28,CAM041,Paid Social,61844.45,306837,12249,786
2026-06-28,CAM042,Email,16046.39,102798,8978,826
2026-06-28,CAM043,Paid Search,55414.4,204823,11934,887
2026-06-28,CAM044,Paid Social,63884.59,249721,9981,650
2026-06-29,CAM001,Affiliate,25784.9,95522,3247,188
2026-06-29,CAM002,Email,18513.17,137189,10149,1002
2026-06-29,CAM003,Paid Search,54852.38,191448,10176,772
2026-06-29,CAM004,Display,39625.98,182313,4944,185
2026-06-29,CAM005,Affiliate,24384.57,102286,3818,207
2026-06-29,CAM006,Paid Search,61785.79,189093,9810,754
2026-06-29,CAM007,Display,39328.14,167150,4451,169
2026-06-29,CAM008,Paid Search,55459.86,219826,12149,853
2026-06-29,CAM009,Affiliate,27433.67,112273,4079,216
2026-06-29,CAM010,Email,19901.22,140836,11846,1204
2026-06-29,CAM011,Affiliate,23852.42,97885,3399,170
2026-06-29,CAM012,Email,18276.16,108775,9441,934
2026-06-29,CAM013,Affiliate,25941.39,109673,3779,227
2026-06-29,CAM014,Paid Social,60943.96,283322,10942,652
2026-06-29,CAM015,Paid Search,50729.18,174848,10156,811
2026-06-29,CAM016,Paid Search,65767.87,197283,10325,832
2026-06-29,CAM017,Paid Social,65916.6,309370,12933,699
2026-06-29,CAM018,Email,17142.78,133154,11703,1239
2026-06-29,CAM019,Paid Search,44079.55,136240,7670,556
2026-06-29,CAM020,Paid Social,74306.06,290365,12908,740
2026-06-29,CAM021,Paid Search,59894.36,186415,10437,707
2026-06-29,CAM022,Display,39779.16,180419,4573,167
2026-06-29,CAM023,Email,20011.76,129516,9501,1011
2026-06-29,CAM024,Display,36850.34,179317,4448,166
2026-06-29,CAM025,Email,20749.82,153739,12875,1253
2026-06-29,CAM026,Paid Social,79919.28,351208,14093,790
2026-06-29,CAM027,Email,16489.12,117721,9531,1045
2026-06-29,CAM028,Email,13643.8,98893,8458,900
2026-06-29,CAM029,Paid Social,56888.4,291526,11812,751
2026-06-29,CAM030,Email,17313.0,134160,10277,984
2026-06-29,CAM031,Paid Search,63726.5,253855,14000,1022
2026-06-29,CAM032,Affiliate,21615.94,88380,3119,172
2026-06-29,CAM033,Paid Social,67423.8,312523,12957,804
2026-06-29,CAM034,Affiliate,23679.38,94087,3450,186
2026-06-29,CAM035,Paid Social,68471.7,342806,15152,925
2026-06-29,CAM036,Paid Social,59786.53,258846,10252,640
2026-06-29,CAM037,Display,37361.83,189924,4772,154
2026-06-29,CAM038,Display,38735.55,209198,5311,201
2026-06-29,CAM039,Email,18942.42,145443,11283,1062
2026-06-29,CAM040,Affiliate,24190.15,107344,3623,200
2026-06-29,CAM041,Paid Social,65429.7,334259,14649,898
2026-06-29,CAM042,Email,17221.95,127764,11134,1134
2026-06-29,CAM043,Paid Search,50346.49,182406,10990,900
2026-06-29,CAM044,Paid Social,65093.3,299553,12769,823
2026-06-30,CAM001,Affiliate,25608.57,113559,4193,236
2026-06-30,CAM002,Email,19911.01,140286,10365,1117
2026-06-30,CAM003,Paid Search,59828.84,193898,10098,725
2026-06-30,CAM004,Display,32178.32,159548,4254,160
2026-06-30,CAM005,Affiliate,21438.51,92315,3417,169
2026-06-30,CAM006,Paid Search,58526.7,188864,10439,719
2026-06-30,CAM007,Display,40660.14,187059,4467,142
2026-06-30,CAM008,Paid Search,49197.67,150017,8139,586
2026-06-30,CAM009,Affiliate,26652.44,107894,3412,171
2026-06-30,CAM010,Email,15558.04,99247,7568,711
2026-06-30,CAM011,Affiliate,28841.26,99190,3717,209
2026-06-30,CAM012,Email,14249.12,97781,7608,834
2026-06-30,CAM013,Affiliate,27555.06,106483,3824,231
2026-06-30,CAM014,Paid Social,63337.73,246443,10112,562
2026-06-30,CAM015,Paid Search,58452.95,185854,10778,851
2026-06-30,CAM016,Paid Search,44390.11,142891,7469,510
2026-06-30,CAM017,Paid Social,60787.4,271864,11020,700
2026-06-30,CAM018,Email,15221.56,113815,9560,973
2026-06-30,CAM019,Paid Search,58843.19,233848,12108,889
2026-06-30,CAM020,Paid Social,72309.76,354744,14100,825
2026-06-30,CAM021,Paid Search,46322.75,181730,9069,745
2026-06-30,CAM022,Display,35150.09,161974,4133,146
2026-06-30,CAM023,Email,19755.94,147680,12984,1284
2026-06-30,CAM024,Display,32651.54,185939,4374,158
2026-06-30,CAM025,Email,19204.37,145500,11134,1180
2026-06-30,CAM026,Paid Social,71474.72,338929,13995,805
2026-06-30,CAM027,Email,22556.55,144107,12621,1265
2026-06-30,CAM028,Email,15198.37,107540,8639,946
2026-06-30,CAM029,Paid Social,70216.94,279567,11572,692
2026-06-30,CAM030,Email,13307.72,103071,7897,765
2026-06-30,CAM031,Paid Search,55781.86,176944,9779,737
2026-06-30,CAM032,Affiliate,27225.9,97545,3665,213
2026-06-30,CAM033,Paid Social,69385.88,335888,13550,753
2026-06-30,CAM034,Affiliate,29657.6,117765,3814,229
2026-06-30,CAM035,Paid Social,66419.34,317013,13102,712
2026-06-30,CAM036,Paid Social,59789.59,239983,10511,598
2026-06-30,CAM037,Display,33204.0,173756,4217,159
2026-06-30,CAM038,Display,35924.98,185853,4477,157
2026-06-30,CAM039,Email,16590.61,112066,8335,867
2026-06-30,CAM040,Affiliate,20905.53,81962,2788,163
2026-06-30,CAM041,Paid Social,65134.58,281404,12079,667
2026-06-30,CAM042,Email,21363.26,145655,12105,1197
2026-06-30,CAM043,Paid Search,46916.01,148093,8878,705
2026-06-30,CAM044,Paid Social,69206.35,279709,10797,701
2026-07-01,CAM001,Affiliate,23734.59,86458,3302,187
2026-07-01,CAM002,Email,14586.21,105078,9017,963
2026-07-01,CAM003,Paid Search,39606.6,134494,6996,533
2026-07-01,CAM004,Display,37296.09,164553,4472,165
2026-07-01,CAM005,Affiliate,31431.17,133132,4218,236
2026-07-01,CAM006,Paid Search,59211.04,191567,10953,777
2026-07-01,CAM007,Display,37671.02,203321,4729,174
2026-07-01,CAM008,Paid Search,49313.34,197119,11244,837
2026-07-01,CAM009,Affiliate,24073.26,96251,3351,196
2026-07-01,CAM010,Email,17265.45,121195,9560,885
2026-07-01,CAM011,Affiliate,21231.9,75104,2604,131
2026-07-01,CAM012,Email,15922.07,117035,9987,1075
2026-07-01,CAM013,Affiliate,21692.32,74982,2845,141
2026-07-01,CAM014,Paid Social,56605.84,255071,10173,612
2026-07-01,CAM015,Paid Search,58153.67,198831,11636,789
2026-07-01,CAM016,Paid Search,64589.57,196686,10408,725
2026-07-01,CAM017,Paid Social,68592.09,336837,13911,914
2026-07-01,CAM018,Email,19189.35,140886,11216,1229
2026-07-01,CAM019,Paid Search,42461.26,136180,7054,567
2026-07-01,CAM020,Paid Social,54014.93,275784,12292,737
2026-07-01,CAM021,Paid Search,51487.29,180937,9548,720
2026-07-01,CAM022,Display,39164.4,216366,5805,199
2026-07-01,CAM023,Email,16715.05,112713,8172,829
2026-07-01,CAM024,Display,33112.14,167330,3770,142
2026-07-01,CAM025,Email,17327.35,114066,9218,878
2026-07-01,CAM026,Paid Social,70868.58,361951,13729,773
2026-07-01,CAM027,Email,20863.26,167510,12630,1337
2026-07-01,CAM028,Email,16164.97,118943,9359,943
2026-07-01,CAM029,Paid Social,81307.95,373387,14670,808
2026-07-01,CAM030,Email,18911.53,131691,10156,1017
2026-07-01,CAM031,Paid Search,66611.96,208041,11041,770
2026-07-01,CAM032,Affiliate,29782.79,102499,3866,232
2026-07-01,CAM033,Paid Social,70108.88,302896,11772,741
2026-07-01,CAM034,Affiliate,25753.22,109331,3468,180
2026-07-01,CAM035,Paid Social,52852.72,263780,10075,554
2026-07-01,CAM036,Paid Social,69262.27,329109,12586,697
2026-07-01,CAM037,Display,33423.59,191146,4628,155
2026-07-01,CAM038,Display,40878.75,199126,4770,165
2026-07-01,CAM039,Email,18974.68,128272,11184,1108
2026-07-01,CAM040,Affiliate,25194.58,110233,4129,212
2026-07-01,CAM041,Paid Social,69376.78,337047,15427,917
2026-07-01,CAM042,Email,18286.4,111536,8048,809
2026-07-01,CAM043,Paid Search,59018.99,236347,12546,970
2026-07-01,CAM044,Paid Social,72833.24,314853,12305,675
2026-07-02,CAM001,Affiliate,26156.5,116719,3753,198
2026-07-02,CAM002,Email,19411.08,138077,12079,1238
2026-07-02,CAM003,Paid Search,45414.82,180607,10879,896
2026-07-02,CAM004,Display,42004.05,232972,5894,216
2026-07-02,CAM005,Affiliate,33174.65,123737,4416,229
2026-07-02,CAM006,Paid Search,68637.37,263541,13912,988
2026-07-02,CAM007,Display,40282.59,210740,5405,207
2026-07-02,CAM008,Paid Search,60251.96,203883,10458,816
2026-07-02,CAM009,Affiliate,30448.24,128910,4332,252
2026-07-02,CAM010,Email,12561.82,88660,6684,643
2026-07-02,CAM011,Affiliate,25118.23,102067,3818,204
2026-07-02,CAM012,Email,17568.1,111847,9413,901
2026-07-02,CAM013,Affiliate,28983.16,123621,3947,199
2026-07-02,CAM014,Paid Social,68370.41,292248,12596,767
2026-07-02,CAM015,Paid Search,48261.59,181887,9763,715
2026-07-02,CAM016,Paid Search,50238.61,179444,9649,780
2026-07-02,CAM017,Paid Social,55014.45,282047,12577,771
2026-07-02,CAM018,Email,16035.81,119567,9448,934
2026-07-02,CAM019,Paid Search,64203.17,218223,13043,959
2026-07-02,CAM020,Paid Social,72894.82,293547,13330,819
2026-07-02,CAM021,Paid Search,43537.73,139166,7751,572
2026-07-02,CAM022,Display,35135.92,163716,4137,131
2026-07-02,CAM023,Email,14623.67,98926,8035,772
2026-07-02,CAM024,Display,33781.78,183089,4442,144
2026-07-02,CAM025,Email,15909.94,101217,7567,783
2026-07-02,CAM026,Paid Social,65122.91,315461,13842,754
2026-07-02,CAM027,Email,20569.07,157297,11702,1136
2026-07-02,CAM028,Email,16402.96,101695,7988,830
2026-07-02,CAM029,Paid Social,67535.94,259574,10901,626
2026-07-02,CAM030,Email,16039.5,109955,9316,1015
2026-07-02,CAM031,Paid Search,53130.82,175096,10404,709
2026-07-02,CAM032,Affiliate,19233.96,67844,2282,117
2026-07-02,CAM033,Paid Social,61613.85,244489,9496,605
2026-07-02,CAM034,Affiliate,26056.73,115107,3629,181
2026-07-02,CAM035,Paid Social,62460.58,253609,11652,752
2026-07-02,CAM036,Paid Social,67109.37,341433,13183,716
2026-07-02,CAM037,Display,40785.24,212480,5044,159
2026-07-02,CAM038,Display,37234.85,174801,4629,155
2026-07-02,CAM039,Email,22265.78,166422,12915,1366
2026-07-02,CAM040,Affiliate,23289.9,97113,3564,205
2026-07-02,CAM041,Paid Social,71636.01,344248,15868,995
2026-07-02,CAM042,Email,20149.75,150965,11381,1083
2026-07-02,CAM043,Paid Search,52192.81,161619,9025,685
2026-07-02,CAM044,Paid Social,62501.64,302133,12835,792
2026-07-03,CAM001,Affiliate,26047.65,93397,3360,185
2026-07-03,CAM002,Email,19709.21,147361,11727,1266
2026-07-03,CAM003,Paid Search,55606.42,171093,8665,635
2026-07-03,CAM004,Display,38178.93,199820,5146,182
2026-07-03,CAM005,Affiliate,31118.67,128920,4611,264
2026-07-03,CAM006,Paid Search,58420.96,232535,11633,904
2026-07-03,CAM007,Display,34056.9,178757,4069,131
2026-07-03,CAM008,Paid Search,63224.0,245388,13104,912
2026-07-03,CAM009,Affiliate,26199.07,111850,4141,237
2026-07-03,CAM010,Email,20233.43,139160,10312,1125
2026-07-03,CAM011,Affiliate,24404.56,101971,3611,202
2026-07-03,CAM012,Email,18167.06,110207,9411,1011
2026-07-03,CAM013,Affiliate,26052.83,105335,3442,189
2026-07-03,CAM014,Paid Social,70337.85,301207,12402,782
2026-07-03,CAM015,Paid Search,56177.29,203208,10614,779
2026-07-03,CAM016,Paid Search,58542.79,183441,10033,790
2026-07-03,CAM017,Paid Social,50546.09,208294,9420,538
2026-07-03,CAM018,Email,19865.21,127648,10598,1094
2026-07-03,CAM019,Paid Search,53716.57,201799,10397,720
2026-07-03,CAM020,Paid Social,59682.9,278682,11647,646
2026-07-03,CAM021,Paid Search,44437.69,140566,7762,606
2026-07-03,CAM022,Display,38652.93,206229,4804,169
2026-07-03,CAM023,Email,18413.74,128334,9664,955
2026-07-03,CAM024,Display,43200.5,184664,4850,182
2026-07-03,CAM025,Email,21049.35,146213,12009,1134
2026-07-03,CAM026,Paid Social,46579.2,238699,10214,659
2026-07-03,CAM027,Email,19110.82,151196,11950,1228
2026-07-03,CAM028,Email,19524.04,140358,10868,1061
2026-07-03,CAM029,Paid Social,65015.22,268670,10667,630
2026-07-03,CAM030,Email,18320.59,124794,10436,1092
2026-07-03,CAM031,Paid Search,58985.83,211936,12495,902
2026-07-03,CAM032,Affiliate,23820.35,97488,3220,190
2026-07-03,CAM033,Paid Social,59040.62,278576,12739,834
2026-07-03,CAM034,Affiliate,18643.58,74684,2538,150
2026-07-03,CAM035,Paid Social,69460.45,328536,14317,872
2026-07-03,CAM036,Paid Social,64908.66,289183,11487,729
2026-07-03,CAM037,Display,35328.94,151660,3712,137
2026-07-03,CAM038,Display,33059.65,171510,3902,149
2026-07-03,CAM039,Email,16491.31,99497,8113,746
2026-07-03,CAM040,Affiliate,26899.41,111399,3799,196
2026-07-03,CAM041,Paid Social,75074.72,326091,13806,907
2026-07-03,CAM042,Email,17036.3,135503,10115,914
2026-07-03,CAM043,Paid Search,57403.66,182648,10163,760
2026-07-03,CAM044,Paid Social,53451.48,249626,10197,628
2026-07-04,CAM001,Affiliate,24791.22,96693,3605,182
2026-07-04,CAM002,Email,16027.89,98384,7098,706
2026-07-04,CAM003,Paid Search,56064.37,198731,10649,839
2026-07-04,CAM004,Display,32081.84,168915,4120,135
2026-07-04,CAM005,Affiliate,27941.61,121679,4067,209
2026-07-04,CAM006,Paid Search,65663.33,258451,15345,1040
2026-07-04,CAM007,Display,39702.03,214049,5124,196
2026-07-04,CAM008,Paid Search,68982.63,234050,11730,854
2026-07-04,CAM009,Affiliate,24334.04,84821,2747,153
2026-07-04,CAM010,Email,19259.11,150047,10854,978
2026-07-04,CAM011,Affiliate,22516.11,81085,3019,177
2026-07-04,CAM012,Email,19923.5,149068,11054,1063
2026-07-04,CAM013,Affiliate,31886.14,121408,4529,261
2026-07-04,CAM014,Paid Social,72399.01,279052,12685,804
2026-07-04,CAM015,Paid Search,57287.32,218278,12800,1000
2026-07-04,CAM016,Paid Search,60361.76,185903,9627,664
2026-07-04,CAM017,Paid Social,63974.27,285890,12550,739
2026-07-04,CAM018,Email,18202.64,133702,10244,1026
2026-07-04,CAM019,Paid Search,59273.71,187878,9674,771
2026-07-04,CAM020,Paid Social,61660.21,299414,11690,766
2026-07-04,CAM021,Paid Search,57043.2,180649,9319,688
2026-07-04,CAM022,Display,30863.76,160516,4386,141
2026-07-04,CAM023,Email,15911.08,98867,8384,857
2026-07-04,CAM024,Display,39075.08,218974,5880,224
2026-07-04,CAM025,Email,18262.76,142581,11827,1164
2026-07-04,CAM026,Paid Social,67069.42,329394,12835,740
2026-07-04,CAM027,Email,15573.72,113189,8386,886
2026-07-04,CAM028,Email,20233.94,130318,11130,1199
2026-07-04,CAM029,Paid Social,72338.76,318960,13281,870
2026-07-04,CAM030,Email,16566.33,106778,8022,851
2026-07-04,CAM031,Paid Search,57022.32,189616,10198,717
2026-07-04,CAM032,Affiliate,26453.66,118472,4483,238
2026-07-04,CAM033,Paid Social,47228.77,222622,8806,572
2026-07-04,CAM034,Affiliate,23208.18,84307,3103,185
2026-07-04,CAM035,Paid Social,68568.72,313225,14035,907
2026-07-04,CAM036,Paid Social,76418.11,326614,13000,714
2026-07-04,CAM037,Display,35399.23,177876,4473,168
2026-07-04,CAM038,Display,35209.13,150409,3598,129
2026-07-04,CAM039,Email,17458.12,120555,9427,893
2026-07-04,CAM040,Affiliate,25118.37,110768,4107,225
2026-07-04,CAM041,Paid Social,63108.32,295505,13158,799
2026-07-04,CAM042,Email,19054.73,137880,10725,984
2026-07-04,CAM043,Paid Search,54110.29,191451,10258,757
2026-07-04,CAM044,Paid Social,74514.93,318484,12285,701
2026-07-05,CAM001,Affiliate,21856.49,92297,2956,178
2026-07-05,CAM002,Email,15465.38,104783,8811,853
2026-07-05,CAM003,Paid Search,57473.07,186352,9264,746
2026-07-05,CAM004,Display,41281.38,197336,4993,164
2026-07-05,CAM005,Affiliate,21328.23,80703,2710,155
2026-07-05,CAM006,Paid Search,46758.0,182250,10640,784
2026-07-05,CAM007,Display,28546.17,135675,3207,102
2026-07-05,CAM008,Paid Search,61984.0,211598,10951,805
2026-07-05,CAM009,Affiliate,24603.02,105656,3696,204
2026-07-05,CAM010,Email,19563.28,135333,11668,1280
2026-07-05,CAM011,Affiliate,26723.08,100222,3537,203
2026-07-05,CAM012,Email,15757.94,99019,8354,863
2026-07-05,CAM013,Affiliate,19647.08,82331,2764,139
2026-07-05,CAM014,Paid Social,59220.32,238476,10736,583
2026-07-05,CAM015,Paid Search,55474.22,221790,12068,855
2026-07-05,CAM016,Paid Search,62503.95,238214,13490,1091
2026-07-05,CAM017,Paid Social,52885.29,205605,9396,615
2026-07-05,CAM018,Email,13779.29,98192,8411,887
2026-07-05,CAM019,Paid Search,50864.42,182054,9797,744
2026-07-05,CAM020,Paid Social,57979.0,269413,10750,660
2026-07-05,CAM021,Paid Search,65521.5,237272,12267,906
2026-07-05,CAM022,Display,37254.63,212958,5806,199
2026-07-05,CAM023,Email,17171.2,124075,8980,876
2026-07-05,CAM024,Display,29036.19,147592,3497,113
2026-07-05,CAM025,Email,18672.29,121424,9402,854
2026-07-05,CAM026,Paid Social,76570.59,368405,16949,1000
2026-07-05,CAM027,Email,19205.97,141788,10910,1131
2026-07-05,CAM028,Email,17931.68,125715,10884,1166
2026-07-05,CAM029,Paid Social,63862.38,311492,13527,885
2026-07-05,CAM030,Email,18612.52,127548,10651,1073
2026-07-05,CAM031,Paid Search,64920.97,259614,15501,1183
2026-07-05,CAM032,Affiliate,16948.4,61458,1940,96
2026-07-05,CAM033,Paid Social,65801.24,277102,11925,713
2026-07-05,CAM034,Affiliate,24561.32,112337,3598,202
2026-07-05,CAM035,Paid Social,56317.2,274583,12323,788
2026-07-05,CAM036,Paid Social,66605.84,282149,11220,733
2026-07-05,CAM037,Display,37340.15,191626,5155,179
2026-07-05,CAM038,Display,31626.63,176379,4797,171
2026-07-05,CAM039,Email,18271.49,126996,10643,961
2026-07-05,CAM040,Affiliate,22940.89,82143,2861,163
2026-07-05,CAM041,Paid Social,55194.49,226304,9580,597
2026-07-05,CAM042,Email,19614.07,155762,13302,1421
2026-07-05,CAM043,Paid Search,44839.25,174806,9664,727
2026-07-05,CAM044,Paid Social,72606.71,345684,14642,863
2026-07-06,CAM001,Affiliate,30012.15,117755,3996,201
2026-07-06,CAM002,Email,19873.71,157451,13278,1326
2026-07-06,CAM003,Paid Search,43814.99,174054,9698,779
2026-07-06,CAM004,Display,34616.66,148000,3961,133
2026-07-06,CAM005,Affiliate,25427.63,91542,3385,200
2026-07-06,CAM006,Paid Search,67466.66,226744,11661,840
2026-07-06,CAM007,Display,28964.52,144953,3533,130
2026-07-06,CAM008,Paid Search,51539.43,172569,8699,630
2026-07-06,CAM009,Affiliate,28802.78,118713,4166,207
2026-07-06,CAM010,Email,17280.77,120570,9865,927
2026-07-06,CAM011,Affiliate,22371.39,78964,2532,126
2026-07-06,CAM012,Email,16166.43,113594,9365,950
2026-07-06,CAM013,Affiliate,22160.69,100233,3792,228
2026-07-06,CAM014,Paid Social,65479.28,299868,11631,761
2026-07-06,CAM015,Paid Search,43898.97,174586,8986,627
2026-07-06,CAM016,Paid Search,57476.03,204079,10550,862
2026-07-06,CAM017,Paid Social,81468.81,323774,13695,876
2026-07-06,CAM018,Email,16578.96,99027,8193,848
2026-07-06,CAM019,Paid Search,49670.22,174917,9316,646
2026-07-06,CAM020,Paid Social,77130.39,386840,15564,1005
2026-07-06,CAM021,Paid Search,57017.65,205970,12408,861
2026-07-06,CAM022,Display,38127.07,202011,5460,197
2026-07-06,CAM023,Email,20262.48,158911,13857,1334
2026-07-06,CAM024,Display,34741.01,159633,4153,146
2026-07-06,CAM025,Email,19521.69,142422,11833,1090
2026-07-06,CAM026,Paid Social,62692.05,275019,11683,653
2026-07-06,CAM027,Email,17088.15,128823,10552,1079
2026-07-06,CAM028,Email,17836.79,129080,11017,1104
2026-07-06,CAM029,Paid Social,56820.95,276612,12237,673
2026-07-06,CAM030,Email,20251.54,156578,11586,1222
2026-07-06,CAM031,Paid Search,60527.95,205348,11561,874
2026-07-06,CAM032,Affiliate,25858.3,89219,3028,171
2026-07-06,CAM033,Paid Social,71512.75,323117,13479,738
2026-07-06,CAM034,Affiliate,25610.36,105257,3990,204
2026-07-06,CAM035,Paid Social,56354.95,256594,10095,619
2026-07-06,CAM036,Paid Social,58703.21,296902,12812,811
2026-07-06,CAM037,Display,33116.79,188927,4918,169
2026-07-06,CAM038,Display,35621.57,197276,5292,199
2026-07-06,CAM039,Email,18123.08,144282,12136,1319
2026-07-06,CAM040,Affiliate,23591.78,88247,2800,165
2026-07-06,CAM041,Paid Social,51632.16,244708,9649,577
2026-07-06,CAM042,Email,13504.69,87104,6682,607
2026-07-06,CAM043,Paid Search,43121.13,158296,8100,576
2026-07-06,CAM044,Paid Social,63115.32,241941,10225,575
2026-07-07,CAM001,Affiliate,21673.25,76009,2450,139
2026-07-07,CAM002,Email,18355.14,122249,10636,1101
2026-07-07,CAM003,Paid Search,58884.95,216471,13091,891
2026-07-07,CAM004,Display,36343.4,208451,4999,185
2026-07-07,CAM005,Affiliate,25895.47,102407,3827,222
2026-07-07,CAM006,Paid Search,50369.94,156399,9180,715
2026-07-07,CAM007,Display,38389.82,177973,4154,155
2026-07-07,CAM008,Paid Search,46849.27,151671,8780,706
2026-07-07,CAM009,Affiliate,21940.12,99603,3728,191
2026-07-07,CAM010,Email,16225.01,109762,8497,866
2026-07-07,CAM011,Affiliate,25608.19,114004,4237,256
2026-07-07,CAM012,Email,18321.86,121912,8787,898
2026-07-07,CAM013,Affiliate,20776.4,93761,3584,193
2026-07-07,CAM014,Paid Social,59557.33,289939,11368,723
2026-07-07,CAM015,Paid Search,54899.31,172153,8955,617
2026-07-07,CAM016,Paid Search,57597.42,184010,9980,727
2026-07-07,CAM017,Paid Social,55744.04,239273,9849,625
2026-07-07,CAM018,Email,17594.21,131783,10601,965
2026-07-07,CAM019,Paid Search,60033.76,216788,12453,1023
2026-07-07,CAM020,Paid Social,43308.23,192256,8296,501
2026-07-07,CAM021,Paid Search,45563.89,172205,9150,624
2026-07-07,CAM022,Display,34927.08,197519,5063,194
2026-07-07,CAM023,Email,18648.88,114195,8531,888
2026-07-07,CAM024,Display,36835.45,177026,4305,153
2026-07-07,CAM025,Email,14442.71,105577,7851,764
2026-07-07,CAM026,Paid Social,67193.22,335606,14764,915
2026-07-07,CAM027,Email,14839.64,109838,8733,846
2026-07-07,CAM028,Email,17082.59,106835,9374,999
2026-07-07,CAM029,Paid Social,53169.2,205696,8018,514
2026-07-07,CAM030,Email,20392.24,150845,11220,1217
2026-07-07,CAM031,Paid Search,57921.54,182038,10682,761
2026-07-07,CAM032,Affiliate,27580.53,102876,3862,205
2026-07-07,CAM033,Paid Social,60419.06,270842,11206,710
2026-07-07,CAM034,Affiliate,21919.67,89297,3340,176
2026-07-07,CAM035,Paid Social,52382.6,223588,8986,491
2026-07-07,CAM036,Paid Social,60292.46,245967,11174,684
2026-07-07,CAM037,Display,31000.22,171002,4294,137
2026-07-07,CAM038,Display,38533.22,187122,5069,165
2026-07-07,CAM039,Email,18333.22,120917,9027,977
2026-07-07,CAM040,Affiliate,26067.68,102492,3417,175
2026-07-07,CAM041,Paid Social,67627.03,296566,12068,670
2026-07-07,CAM042,Email,14215.96,99807,7204,710
2026-07-07,CAM043,Paid Search,47917.83,154036,8656,585
2026-07-07,CAM044,Paid Social,45432.23,185596,7928,435
2026-07-08,CAM001,Affiliate,28468.31,107740,3453,180
2026-07-08,CAM002,Email,18437.9,144258,12132,1242
2026-07-08,CAM003,Paid Search,49837.1,180172,9617,733
2026-07-08,CAM004,Display,29887.3,145367,3950,139
2026-07-08,CAM005,Affiliate,22543.18,95045,3332,193
2026-07-08,CAM006,Paid Search,56137.04,219877,11599,862
2026-07-08,CAM007,Display,31316.62,169886,4226,145
2026-07-08,CAM008,Paid Search,48728.84,178427,9722,690
2026-07-08,CAM009,Affiliate,25380.44,105748,3738,219
2026-07-08,CAM010,Email,17948.11,126212,9518,946
2026-07-08,CAM011,Affiliate,25274.34,89651,3115,168
2026-07-08,CAM012,Email,14443.47,103189,8163,779
2026-07-08,CAM013,Affiliate,25457.04,90053,2860,167
2026-07-08,CAM014,Paid Social,72634.01,343798,14015,804
2026-07-08,CAM015,Paid Search,57281.31,196066,10756,797
2026-07-08,CAM016,Paid Search,51777.13,206263,11620,870
2026-07-08,CAM017,Paid Social,69912.42,293591,11876,659
2026-07-08,CAM018,Email,17111.6,109616,8308,889
2026-07-08,CAM019,Paid Search,50427.32,162175,8705,651
2026-07-08,CAM020,Paid Social,66386.08,317266,12389,702
2026-07-08,CAM021,Paid Search,50686.49,151350,9139,662
2026-07-08,CAM022,Display,33618.22,168024,4184,146
2026-07-08,CAM023,Email,14846.36,112917,9848,976
2026-07-08,CAM024,Display,34274.36,176171,4356,163
2026-07-08,CAM025,Email,21596.47,165087,12517,1232
2026-07-08,CAM026,Paid Social,70719.12,315277,13377,787
2026-07-08,CAM027,Email,16981.84,122178,9258,843
2026-07-08,CAM028,Email,19055.48,146940,10924,1090
2026-07-08,CAM029,Paid Social,61740.5,255451,9989,653
2026-07-08,CAM030,Email,16434.83,118060,8613,854
2026-07-08,CAM031,Paid Search,56935.14,217890,11405,870
2026-07-08,CAM032,Affiliate,21539.12,94337,3095,159
2026-07-08,CAM033,Paid Social,70126.43,308510,13879,892
2026-07-08,CAM034,Affiliate,20629.95,89565,3180,170
2026-07-08,CAM035,Paid Social,63336.45,268446,11526,639
2026-07-08,CAM036,Paid Social,57918.8,291603,12193,665
2026-07-08,CAM037,Display,37411.2,176755,3998,131
2026-07-08,CAM038,Display,26723.03,127274,2932,97
2026-07-08,CAM039,Email,14509.85,98244,7475,802
2026-07-08,CAM040,Affiliate,28410.24,108789,4128,238
2026-07-08,CAM041,Paid Social,51200.04,196783,8771,536
2026-07-08,CAM042,Email,20641.35,160171,12135,1103
2026-07-08,CAM043,Paid Search,61016.23,219753,12187,858
2026-07-08,CAM044,Paid Social,56920.67,223338,9100,557
2026-07-09,CAM001,Affiliate,25508.42,105242,3957,237
2026-07-09,CAM002,Email,19492.46,133377,11397,1250
2026-07-09,CAM003,Paid Search,56079.0,200821,11882,908
2026-07-09,CAM004,Display,28068.07,123613,2867,106
2026-07-09,CAM005,Affiliate,33129.32,138578,5236,289
2026-07-09,CAM006,Paid Search,59735.59,205892,12183,902
2026-07-09,CAM007,Display,29701.76,136562,3624,126
2026-07-09,CAM008,Paid Search,54413.12,185920,9678,708
2026-07-09,CAM009,Affiliate,25928.89,112959,3716,217
2026-07-09,CAM010,Email,20079.02,160443,12999,1410
2026-07-09,CAM011,Affiliate,22376.05,99989,3198,164
2026-07-09,CAM012,Email,18844.2,129092,9656,895
2026-07-09,CAM013,Affiliate,21825.28,80192,2687,139
2026-07-09,CAM014,Paid Social,61694.55,246859,10537,673
2026-07-09,CAM015,Paid Search,51540.95,202341,11838,892
2026-07-09,CAM016,Paid Search,54814.81,203679,12276,916
2026-07-09,CAM017,Paid Social,64310.32,291080,11680,688
2026-07-09,CAM018,Email,19827.56,134049,10170,961
2026-07-09,CAM019,Paid Search,45147.93,152053,9134,681
2026-07-09,CAM020,Paid Social,76227.51,331721,12706,702
2026-07-09,CAM021,Paid Search,54739.91,190974,9518,733
2026-07-09,CAM022,Display,41763.69,239471,6021,215
2026-07-09,CAM023,Email,16314.64,122583,9347,905
2026-07-09,CAM024,Display,36793.97,192944,5166,179
2026-07-09,CAM025,Email,16949.32,108030,7921,834
2026-07-09,CAM026,Paid Social,58079.68,264155,11373,655
2026-07-09,CAM027,Email,20538.25,123045,9198,986
2026-07-09,CAM028,Email,16218.06,110746,8354,811
2026-07-09,CAM029,Paid Social,63067.26,270802,11453,740
2026-07-09,CAM030,Email,16467.97,125805,9506,986
2026-07-09,CAM031,Paid Search,56518.22,204692,10768,788
2026-07-09,CAM032,Affiliate,27535.72,115657,4058,204
2026-07-09,CAM033,Paid Social,55678.1,236160,9043,579
2026-07-09,CAM034,Affiliate,23661.96,86061,2850,167
2026-07-09,CAM035,Paid Social,63975.8,283119,10974,631
2026-07-09,CAM036,Paid Social,61670.22,238553,9393,535
2026-07-09,CAM037,Display,31682.52,147383,3771,123
2026-07-09,CAM038,Display,32981.84,189572,4924,162
2026-07-09,CAM039,Email,20308.74,139209,11176,1041
2026-07-09,CAM040,Affiliate,25455.11,105257,3393,188
2026-07-09,CAM041,Paid Social,73067.29,334881,13443,871
2026-07-09,CAM042,Email,18662.43,120648,10042,1102
2026-07-09,CAM043,Paid Search,54302.08,189973,11094,767
2026-07-09,CAM044,Paid Social,60649.15,308899,14060,773
2026-07-10,CAM001,Affiliate,24570.8,103830,3973,203
2026-07-10,CAM002,Email,20332.67,135128,9957,940
2026-07-10,CAM003,Paid Search,55114.54,168544,9529,740
2026-07-10,CAM004,Display,33260.92,190980,4848,153
2026-07-10,CAM005,Affiliate,20185.28,80891,2982,167
2026-07-10,CAM006,Paid Search,48478.55,167715,9427,687
2026-07-10,CAM007,Display,30954.47,175621,4757,150
2026-07-10,CAM008,Paid Search,48313.11,169456,9308,748
2026-07-10,CAM009,Affiliate,27533.07,119355,4319,253
2026-07-10,CAM010,Email,16433.84,125842,10687,1073
2026-07-10,CAM011,Affiliate,25551.84,98789,3253,175
2026-07-10,CAM012,Email,17853.28,114013,9155,880
2026-07-10,CAM013,Affiliate,26779.63,118913,3958,218
2026-07-10,CAM014,Paid Social,67017.17,308692,13486,746
2026-07-10,CAM015,Paid Search,53679.15,189894,11046,772
2026-07-10,CAM016,Paid Search,51069.75,163780,9529,694
2026-07-10,CAM017,Paid Social,57835.2,225885,8625,494
2026-07-10,CAM018,Email,17457.29,134365,9871,1079
2026-07-10,CAM019,Paid Search,58684.08,205107,10671,746
2026-07-10,CAM020,Paid Social,54124.13,271919,11525,622
2026-07-10,CAM021,Paid Search,59224.66,196731,9820,671
2026-07-10,CAM022,Display,41562.38,184264,4432,147
2026-07-10,CAM023,Email,15957.78,104279,8446,888
2026-07-10,CAM024,Display,30189.36,138899,3154,115
2026-07-10,CAM025,Email,21058.22,128898,10525,1139
2026-07-10,CAM026,Paid Social,48478.86,188017,8600,528
2026-07-10,CAM027,Email,17377.41,113807,8209,860
2026-07-10,CAM028,Email,16693.53,103197,8941,950
2026-07-10,CAM029,Paid Social,60181.65,270049,11112,618
2026-07-10,CAM030,Email,21414.1,150763,10864,1102
2026-07-10,CAM031,Paid Search,48270.91,147016,7451,505
2026-07-10,CAM032,Affiliate,22346.31,88287,3393,178
2026-07-10,CAM033,Paid Social,59302.14,258705,9809,610
2026-07-10,CAM034,Affiliate,27555.59,121920,4155,213
2026-07-10,CAM035,Paid Social,75528.24,329686,13235,825
2026-07-10,CAM036,Paid Social,67673.19,305297,13564,824
2026-07-10,CAM037,Display,41117.1,218447,5394,205
2026-07-10,CAM038,Display,35826.85,183078,4269,135
2026-07-10,CAM039,Email,16481.63,113342,9164,953
2026-07-10,CAM040,Affiliate,23594.19,108044,3423,186
2026-07-10,CAM041,Paid Social,71143.57,320620,14267,850
2026-07-10,CAM042,Email,12585.08,99707,7602,807
2026-07-10,CAM043,Paid Search,50974.89,196965,10299,720
2026-07-10,CAM044,Paid Social,70598.62,327740,14452,788
2026-07-11,CAM001,Affiliate,21814.92,79697,2793,157
2026-07-11,CAM002,Email,22620.27,135948,10528,1027
2026-07-11,CAM003,Paid Search,62132.13,225024,11516,824
2026-07-11,CAM004,Display,39120.48,204515,4746,154
2026-07-11,CAM005,Affiliate,30348.66,128881,4329,229
2026-07-11,CAM006,Paid Search,56603.76,203509,11707,935
2026-07-11,CAM007,Display,37522.47,160892,3819,134
2026-07-11,CAM008,Paid Search,53422.82,189406,10294,831
2026-07-11,CAM009,Affiliate,28930.24,111563,3924,196
2026-07-11,CAM010,Email,20048.03,157587,11594,1191
2026-07-11,CAM011,Affiliate,25712.64,105599,3993,235
2026-07-11,CAM012,Email,16700.82,107583,8666,897
2026-07-11,CAM013,Affiliate,26362.95,91194,3032,160
2026-07-11,CAM014,Paid Social,69141.5,349969,15882,869
2026-07-11,CAM015,Paid Search,56433.84,221451,12031,847
2026-07-11,CAM016,Paid Search,48363.47,177756,9289,752
2026-07-11,CAM017,Paid Social,64460.77,276634,10552,591
2026-07-11,CAM018,Email,18625.75,137408,11535,1193
2026-07-11,CAM019,Paid Search,47647.0,143700,8224,675
2026-07-11,CAM020,Paid Social,68503.15,281330,11665,682
2026-07-11,CAM021,Paid Search,55629.51,167747,9053,671
2026-07-11,CAM022,Display,34304.07,195814,4536,144
2026-07-11,CAM023,Email,19786.85,142624,12516,1143
2026-07-11,CAM024,Display,34557.9,176612,4848,161
2026-07-11,CAM025,Email,20279.52,153261,12657,1200
2026-07-11,CAM026,Paid Social,56376.12,291239,13133,860
2026-07-11,CAM027,Email,18820.57,112878,8447,836
2026-07-11,CAM028,Email,16628.69,102079,7619,715
2026-07-11,CAM029,Paid Social,61689.62,314972,13417,829
2026-07-11,CAM030,Email,15593.53,102254,8750,861
2026-07-11,CAM031,Paid Search,60365.64,217274,11182,858
2026-07-11,CAM032,Affiliate,22703.91,86945,3155,184
2026-07-11,CAM033,Paid Social,48995.95,194211,8594,539
2026-07-11,CAM034,Affiliate,30660.32,114683,3975,212
2026-07-11,CAM035,Paid Social,68096.17,306755,14128,921
2026-07-11,CAM036,Paid Social,61994.56,306783,12203,701
2026-07-11,CAM037,Display,34705.77,172070,3901,123
2026-07-11,CAM038,Display,34426.47,185268,5072,164
2026-07-11,CAM039,Email,15661.28,119102,10447,1065
2026-07-11,CAM040,Affiliate,25674.21,109747,3728,218
2026-07-11,CAM041,Paid Social,62107.73,310543,11894,765
2026-07-11,CAM042,Email,13818.93,107645,8498,916
2026-07-11,CAM043,Paid Search,48132.37,158208,9480,703
2026-07-11,CAM044,Paid Social,64163.33,302199,13668,784
2026-07-12,CAM001,Affiliate,25689.46,107125,3718,221
2026-07-12,CAM002,Email,20533.55,134997,10850,1081
2026-07-12,CAM003,Paid Search,71946.55,266943,14693,1196
2026-07-12,CAM004,Display,38004.0,201471,5288,194
2026-07-12,CAM005,Affiliate,24923.72,91658,3504,202
2026-07-12,CAM006,Paid Search,54926.9,170494,9139,668
2026-07-12,CAM007,Display,35644.53,166990,4253,148
2026-07-12,CAM008,Paid Search,44183.4,161190,9594,690
2026-07-12,CAM009,Affiliate,18939.55,69616,2232,116
2026-07-12,CAM010,Email,18279.46,121523,10025,1045
2026-07-12,CAM011,Affiliate,24243.2,102895,3340,192
2026-07-12,CAM012,Email,18111.96,114414,9956,930
2026-07-12,CAM013,Affiliate,24572.29,85794,2992,168
2026-07-12,CAM014,Paid Social,64532.98,247254,9526,542
2026-07-12,CAM015,Paid Search,56447.59,185288,9723,683
2026-07-12,CAM016,Paid Search,57686.47,209965,11592,867
2026-07-12,CAM017,Paid Social,58815.05,266691,11569,685
2026-07-12,CAM018,Email,19794.33,142148,10420,1022
2026-07-12,CAM019,Paid Search,63257.53,227036,12827,939
2026-07-12,CAM020,Paid Social,63336.1,317248,12335,704
2026-07-12,CAM021,Paid Search,71804.23,231792,12590,905
2026-07-12,CAM022,Display,29565.97,149459,3394,128
2026-07-12,CAM023,Email,17337.8,115024,10095,941
2026-07-12,CAM024,Display,38130.1,182733,4163,139
2026-07-12,CAM025,Email,18106.54,127653,10500,1118
2026-07-12,CAM026,Paid Social,70875.11,321099,13086,785
2026-07-12,CAM027,Email,17668.83,112900,8595,930
2026-07-12,CAM028,Email,14909.96,106226,8025,775
2026-07-12,CAM029,Paid Social,66502.68,289344,11198,623
2026-07-12,CAM030,Email,17888.34,140427,11032,1207
2026-07-12,CAM031,Paid Search,51110.51,187610,11345,912
2026-07-12,CAM032,Affiliate,20830.65,73244,2776,141
2026-07-12,CAM033,Paid Social,65592.6,291995,12682,700
2026-07-12,CAM034,Affiliate,23513.44,91179,2920,175
2026-07-12,CAM035,Paid Social,78437.32,333294,13844,772
2026-07-12,CAM036,Paid Social,53248.88,206623,8555,475
2026-07-12,CAM037,Display,40453.75,228432,5662,181
2026-07-12,CAM038,Display,30986.94,161116,4145,135
2026-07-12,CAM039,Email,15897.14,110057,8787,934
2026-07-12,CAM040,Affiliate,27322.59,100736,3199,188
2026-07-12,CAM041,Paid Social,66353.18,256165,9893,648
2026-07-12,CAM042,Email,20412.62,122454,10076,1071
2026-07-12,CAM043,Paid Search,51037.52,204516,10662,733
2026-07-12,CAM044,Paid Social,58264.16,298851,13746,799
2026-07-13,CAM001,Affiliate,30814.82,120830,4143,214
2026-07-13,CAM002,Email,15378.35,122135,10249,988
2026-07-13,CAM003,Paid Search,52414.87,176824,10256,840
2026-07-13,CAM004,Display,36843.21,199764,5202,199
2026-07-13,CAM005,Affiliate,33732.09,139353,4738,262
2026-07-13,CAM006,Paid Search,58420.6,187970,9895,748
2026-07-13,CAM007,Display,41169.77,229004,5754,195
2026-07-13,CAM008,Paid Search,55364.36,169836,9058,643
2026-07-13,CAM009,Affiliate,25039.02,112631,3791,212
2026-07-13,CAM010,Email,16182.33,98412,7576,784
2026-07-13,CAM011,Affiliate,22714.45,84421,2676,143
2026-07-13,CAM012,Email,14332.86,98781,8249,757
2026-07-13,CAM013,Affiliate,23339.31,96355,3622,206
2026-07-13,CAM014,Paid Social,56659.07,292562,11416,631
2026-07-13,CAM015,Paid Search,57104.39,196137,10012,800
2026-07-13,CAM016,Paid Search,63642.96,213898,10987,844
2026-07-13,CAM017,Paid Social,62978.4,262907,10381,565
2026-07-13,CAM018,Email,19252.38,154503,12106,1308
2026-07-13,CAM019,Paid Search,66147.18,261243,15795,1126
2026-07-13,CAM020,Paid Social,75704.71,324693,12710,735
2026-07-13,CAM021,Paid Search,68064.66,263139,15514,1242
2026-07-13,CAM022,Display,45555.39,236055,5766,196
2026-07-13,CAM023,Email,17282.91,110520,8120,744
2026-07-13,CAM024,Display,31617.91,145138,3531,129
2026-07-13,CAM025,Email,20803.81,133157,9802,904
2026-07-13,CAM026,Paid Social,59318.72,259778,11787,683
2026-07-13,CAM027,Email,17345.11,107790,8878,949
2026-07-13,CAM028,Email,17632.35,141536,11304,1239
2026-07-13,CAM029,Paid Social,66487.57,308777,11678,694
2026-07-13,CAM030,Email,14261.37,109432,9314,868
2026-07-13,CAM031,Paid Search,51502.56,194425,11416,872
2026-07-13,CAM032,Affiliate,22525.83,98557,3224,181
2026-07-13,CAM033,Paid Social,81869.94,327200,13387,770
2026-07-13,CAM034,Affiliate,22317.03,98304,3293,172
2026-07-13,CAM035,Paid Social,63508.35,287396,11166,710
2026-07-13,CAM036,Paid Social,72129.74,348869,14427,913
2026-07-13,CAM037,Display,34141.16,176114,4291,157
2026-07-13,CAM038,Display,32151.06,142909,3632,136
2026-07-13,CAM039,Email,21900.1,141219,12393,1257
2026-07-13,CAM040,Affiliate,24239.74,102246,3451,180
2026-07-13,CAM041,Paid Social,52140.78,213913,9663,533
2026-07-13,CAM042,Email,17995.71,136506,10752,1137
2026-07-13,CAM043,Paid Search,56942.18,209080,11669,929
2026-07-13,CAM044,Paid Social,74170.34,296931,12565,762
2026-07-14,CAM001,Affiliate,26849.39,95322,3158,182
2026-07-14,CAM002,Email,19288.2,118375,9566,867
2026-07-14,CAM003,Paid Search,51387.32,193180,9564,756
2026-07-14,CAM004,Display,35970.6,164401,4200,145
2026-07-14,CAM005,Affiliate,29174.02,105590,3800,204
2026-07-14,CAM006,Paid Search,59335.96,184512,10931,894
2026-07-14,CAM007,Display,36339.34,168657,4194,133
2026-07-14,CAM008,Paid Search,59796.73,200239,11335,910
2026-07-14,CAM009,Affiliate,24798.99,108722,3941,218
2026-07-14,CAM010,Email,20037.28,137531,11338,1032
2026-07-14,CAM011,Affiliate,23578.46,84261,3134,159
2026-07-14,CAM012,Email,16688.18,113028,9047,814
2026-07-14,CAM013,Affiliate,30602.31,116163,4246,233
2026-07-14,CAM014,Paid Social,72630.32,354831,14759,945
2026-07-14,CAM015,Paid Search,39675.67,124669,6694,496
2026-07-14,CAM016,Paid Search,65814.4,256059,14963,1106
2026-07-14,CAM017,Paid Social,63506.83,280408,10698,624
2026-07-14,CAM018,Email,17844.02,111669,9291,983
2026-07-14,CAM019,Paid Search,63150.97,209862,11925,870
2026-07-14,CAM020,Paid Social,75027.7,310514,13344,725
2026-07-14,CAM021,Paid Search,66475.52,250236,13854,1074
2026-07-14,CAM022,Display,34479.76,170262,4009,133
2026-07-14,CAM023,Email,19661.44,148011,12234,1155
2026-07-14,CAM024,Display,31937.44,153197,3787,127
2026-07-14,CAM025,Email,16653.17,118646,9713,932
2026-07-14,CAM026,Paid Social,72790.17,311474,13901,872
2026-07-14,CAM027,Email,15156.02,91492,6981,744
2026-07-14,CAM028,Email,20386.29,151342,12459,1320
2026-07-14,CAM029,Paid Social,55210.89,261349,10829,689
2026-07-14,CAM030,Email,16383.04,128948,10654,1067
2026-07-14,CAM031,Paid Search,50765.6,202371,11312,857
2026-07-14,CAM032,Affiliate,22551.23,102874,3416,173
2026-07-14,CAM033,Paid Social,63042.86,310039,11943,723
2026-07-14,CAM034,Affiliate,28217.73,98248,3651,185
2026-07-14,CAM035,Paid Social,63380.82,258501,11597,712
2026-07-14,CAM036,Paid Social,69018.29,342736,13142,751
2026-07-14,CAM037,Display,35269.09,197844,4961,170
2026-07-14,CAM038,Display,33423.33,188316,5149,183
2026-07-14,CAM039,Email,17142.7,110048,8078,853
2026-07-14,CAM040,Affiliate,25007.42,90038,3033,158
2026-07-14,CAM041,Paid Social,65520.07,321770,12805,769
2026-07-14,CAM042,Email,21291.81,155299,11254,1150
2026-07-14,CAM043,Paid Search,64206.88,257024,13300,975
2026-07-14,CAM044,Paid Social,76165.27,343950,15381,923
2026-07-15,CAM001,Affiliate,27773.36,100491,3396,177
2026-07-15,CAM002,Email,17201.26,103865,7639,809
2026-07-15,CAM003,Paid Search,59336.53,209697,11782,966
2026-07-15,CAM004,Display,40139.26,208415,5361,199
2026-07-15,CAM005,Affiliate,23239.29,85647,3139,166
2026-07-15,CAM006,Paid Search,65629.87,251943,13424,1014
2026-07-15,CAM007,Display,36698.3,170767,4512,144
2026-07-15,CAM008,Paid Search,47464.46,160069,8973,718
2026-07-15,CAM009,Affiliate,28456.74,118604,3786,197
2026-07-15,CAM010,Email,15678.72,115323,9011,946
2026-07-15,CAM011,Affiliate,27985.08,123349,4102,242
2026-07-15,CAM012,Email,18754.13,132529,10027,1026
2026-07-15,CAM013,Affiliate,21437.57,80329,2860,168
2026-07-15,CAM014,Paid Social,62136.18,268879,11125,720
2026-07-15,CAM015,Paid Search,57953.08,208005,11171,887
2026-07-15,CAM016,Paid Search,40946.13,154212,7716,529
2026-07-15,CAM017,Paid Social,75301.59,367564,15911,913
2026-07-15,CAM018,Email,16185.06,110246,9199,859
2026-07-15,CAM019,Paid Search,54079.78,175274,8790,710
2026-07-15,CAM020,Paid Social,53884.83,267694,10609,667
2026-07-15,CAM021,Paid Search,60477.34,194544,10150,800
2026-07-15,CAM022,Display,42586.75,232060,5387,178
2026-07-15,CAM023,Email,16889.61,109978,8914,843
2026-07-15,CAM024,Display,32286.26,153407,3697,133
2026-07-15,CAM025,Email,19981.74,151370,11171,1168
2026-07-15,CAM026,Paid Social,73118.08,331338,13898,908
2026-07-15,CAM027,Email,18808.8,122587,9819,907
2026-07-15,CAM028,Email,13253.91,83546,6871,664
2026-07-15,CAM029,Paid Social,59108.91,248182,10052,592
2026-07-15,CAM030,Email,18784.06,139896,11741,1165
2026-07-15,CAM031,Paid Search,45884.26,146495,7757,620
2026-07-15,CAM032,Affiliate,26187.69,111143,3977,224
2026-07-15,CAM033,Paid Social,70899.85,330801,15236,980
2026-07-15,CAM034,Affiliate,25945.85,91663,2958,150
2026-07-15,CAM035,Paid Social,67359.9,307042,12787,783
2026-07-15,CAM036,Paid Social,63118.69,270293,12350,752
2026-07-15,CAM037,Display,35820.98,189001,4331,147
2026-07-15,CAM038,Display,35158.09,176839,4143,137
2026-07-15,CAM039,Email,16955.5,124593,9104,838
2026-07-15,CAM040,Affiliate,24375.27,102704,3300,178
2026-07-15,CAM041,Paid Social,60313.43,301525,11701,701
2026-07-15,CAM042,Email,15597.1,120752,10123,1064
2026-07-15,CAM043,Paid Search,44575.08,140260,7138,546
2026-07-15,CAM044,Paid Social,51100.34,213325,8572,485
2026-07-16,CAM001,Affiliate,23537.73,90936,3450,176
2026-07-16,CAM002,Email,15391.89,107514,7876,830
2026-07-16,CAM003,Paid Search,53708.95,163741,8735,685
2026-07-16,CAM004,Display,29739.28,152858,4109,153
2026-07-16,CAM005,Affiliate,28096.18,105914,3378,194
2026-07-16,CAM006,Paid Search,56976.37,199390,11802,841
2026-07-16,CAM007,Display,35020.69,185530,5030,164
2026-07-16,CAM008,Paid Search,53125.81,185254,11117,772
2026-07-16,CAM009,Affiliate,24786.91,97079,3527,188
2026-07-16,CAM010,Email,18390.38,129838,11229,1048
2026-07-16,CAM011,Affiliate,19308.53,82388,2982,160
2026-07-16,CAM012,Email,17442.97,120599,10021,924
2026-07-16,CAM013,Affiliate,27405.51,112667,3945,223
2026-07-16,CAM014,Paid Social,71137.96,315610,13442,876
2026-07-16,CAM015,Paid Search,55254.66,201631,12182,869
2026-07-16,CAM016,Paid Search,54355.12,183899,10459,768
2026-07-16,CAM017,Paid Social,71759.35,337829,14887,952
2026-07-16,CAM018,Email,12661.57,79888,6696,715
2026-07-16,CAM019,Paid Search,60067.47,225192,12582,920
2026-07-16,CAM020,Paid Social,57942.8,290774,11643,698
2026-07-16,CAM021,Paid Search,53503.35,167134,9048,699
2026-07-16,CAM022,Display,37715.52,167301,4353,165
2026-07-16,CAM023,Email,15284.21,100527,7996,852
2026-07-16,CAM024,Display,24421.35,139677,3483,121
2026-07-16,CAM025,Email,14918.35,99059,8348,884
2026-07-16,CAM026,Paid Social,63724.96,264392,11369,646
2026-07-16,CAM027,Email,15369.73,104254,8629,822
2026-07-16,CAM028,Email,20276.45,130151,11338,1058
2026-07-16,CAM029,Paid Social,56171.91,265768,10746,687
2026-07-16,CAM030,Email,21409.29,168066,12804,1325
2026-07-16,CAM031,Paid Search,67014.4,214273,12210,946
2026-07-16,CAM032,Affiliate,16966.08,58894,2098,113
2026-07-16,CAM033,Paid Social,71832.62,282659,11552,728
2026-07-16,CAM034,Affiliate,27390.22,105312,3726,203
2026-07-16,CAM035,Paid Social,68042.46,316655,13549,848
2026-07-16,CAM036,Paid Social,63338.77,272190,11504,745
2026-07-16,CAM037,Display,37012.34,166432,3993,135
2026-07-16,CAM038,Display,37897.7,213489,5021,193
2026-07-16,CAM039,Email,19921.33,142604,11142,1020
2026-07-16,CAM040,Affiliate,26431.71,117810,4182,231
2026-07-16,CAM041,Paid Social,71867.42,364482,16033,1037
2026-07-16,CAM042,Email,16933.07,133485,10850,1066
2026-07-16,CAM043,Paid Search,56110.36,204682,10395,757
2026-07-16,CAM044,Paid Social,65444.45,252347,11309,696
2026-07-17,CAM001,Affiliate,22429.43,80258,2949,162
2026-07-17,CAM002,Email,18952.5,131656,11343,1142
2026-07-17,CAM003,Paid Search,58116.31,221237,12050,842
2026-07-17,CAM004,Display,37196.66,207175,5280,195
2026-07-17,CAM005,Affiliate,27247.49,95799,3365,178
2026-07-17,CAM006,Paid Search,52571.13,208064,11704,922
2026-07-17,CAM007,Display,43421.71,206431,5112,182
2026-07-17,CAM008,Paid Search,56836.45,171144,9823,689
2026-07-17,CAM009,Affiliate,21040.34,79660,2717,156
2026-07-17,CAM010,Email,21244.95,141547,12425,1241
2026-07-17,CAM011,Affiliate,19753.4,87866,3164,183
2026-07-17,CAM012,Email,19159.39,143839,12493,1170
2026-07-17,CAM013,Affiliate,30566.8,133892,4480,222
2026-07-17,CAM014,Paid Social,86227.04,377462,14550,844
2026-07-17,CAM015,Paid Search,55286.46,193300,11162,894
2026-07-17,CAM016,Paid Search,47849.97,181925,10842,845
2026-07-17,CAM017,Paid Social,58464.39,273962,11817,675
2026-07-17,CAM018,Email,16526.92,103674,8486,839
2026-07-17,CAM019,Paid Search,66928.4,229916,13132,937
2026-07-17,CAM020,Paid Social,61115.9,293115,12019,668
2026-07-17,CAM021,Paid Search,60809.43,184545,11115,869
2026-07-17,CAM022,Display,38105.75,205147,5372,193
2026-07-17,CAM023,Email,21271.28,169849,13857,1415
2026-07-17,CAM024,Display,34969.54,186604,4253,140
2026-07-17,CAM025,Email,14962.5,118223,9077,961
2026-07-17,CAM026,Paid Social,52669.41,228008,9817,578
2026-07-17,CAM027,Email,17489.21,128124,10948,1097
2026-07-17,CAM028,Email,18614.23,141437,11888,1156
2026-07-17,CAM029,Paid Social,71403.35,340540,14833,838
2026-07-17,CAM030,Email,20224.01,153427,11667,1249
2026-07-17,CAM031,Paid Search,51519.23,195223,9720,670
2026-07-17,CAM032,Affiliate,27145.59,114976,4267,248
2026-07-17,CAM033,Paid Social,67104.28,340733,14290,907
2026-07-17,CAM034,Affiliate,26518.98,117645,3993,206
2026-07-17,CAM035,Paid Social,62126.21,319214,12244,666
2026-07-17,CAM036,Paid Social,80105.78,350584,14844,891
2026-07-17,CAM037,Display,33550.76,182786,4491,165
2026-07-17,CAM038,Display,29421.92,152935,3897,124
2026-07-17,CAM039,Email,18349.13,133831,11714,1258
2026-07-17,CAM040,Affiliate,20441.41,70033,2375,125
2026-07-17,CAM041,Paid Social,59956.82,245753,9823,583
2026-07-17,CAM042,Email,16295.64,113122,8424,825
2026-07-17,CAM043,Paid Search,53314.61,166750,9622,764
2026-07-17,CAM044,Paid Social,73523.71,303136,13743,803
2026-07-18,CAM001,Affiliate,28240.98,113619,4029,203
2026-07-18,CAM002,Email,21479.73,137835,10523,1072
2026-07-18,CAM003,Paid Search,57820.18,216128,12344,848
2026-07-18,CAM004,Display,32453.11,172096,4597,174
2026-07-18,CAM005,Affiliate,25069.0,93318,3058,153
2026-07-18,CAM006,Paid Search,59707.47,200653,10060,817
2026-07-18,CAM007,Display,35980.39,198358,4503,163
2026-07-18,CAM008,Paid Search,39445.11,143145,7934,576
2026-07-18,CAM009,Affiliate,26977.48,113590,4349,226
2026-07-18,CAM010,Email,20268.3,152268,11314,1181
2026-07-18,CAM011,Affiliate,24293.35,82948,3051,166
2026-07-18,CAM012,Email,17966.34,115375,9845,895
2026-07-18,CAM013,Affiliate,21974.3,98659,3667,217
2026-07-18,CAM014,Paid Social,66468.43,286822,12307,733
2026-07-18,CAM015,Paid Search,67968.37,251860,13516,951
2026-07-18,CAM016,Paid Search,50885.4,189427,10179,703
2026-07-18,CAM017,Paid Social,65562.06,267961,12239,665
2026-07-18,CAM018,Email,18361.89,110632,8097,824
2026-07-18,CAM019,Paid Search,52985.46,177813,9307,741
2026-07-18,CAM020,Paid Social,76951.88,320938,14788,900
2026-07-18,CAM021,Paid Search,60136.17,190189,10953,864
2026-07-18,CAM022,Display,35638.85,152081,4024,143
2026-07-18,CAM023,Email,20457.77,122531,9306,842
2026-07-18,CAM024,Display,33851.77,155800,3713,136
2026-07-18,CAM025,Email,17353.08,106660,9123,859
2026-07-18,CAM026,Paid Social,59128.64,297188,13440,795
2026-07-18,CAM027,Email,15972.08,113609,8466,860
2026-07-18,CAM028,Email,21866.74,167213,14266,1551
2026-07-18,CAM029,Paid Social,54934.28,218357,9479,623
2026-07-18,CAM030,Email,16181.03,96495,7644,757
2026-07-18,CAM031,Paid Search,58429.06,181090,9109,653
2026-07-18,CAM032,Affiliate,25245.93,98061,3683,216
2026-07-18,CAM033,Paid Social,72987.46,302282,13425,849
2026-07-18,CAM034,Affiliate,28226.33,116079,3746,195
2026-07-18,CAM035,Paid Social,74031.88,377559,16787,1031
2026-07-18,CAM036,Paid Social,57416.01,256220,10336,583
2026-07-18,CAM037,Display,33844.0,188559,4972,165
2026-07-18,CAM038,Display,35053.21,156708,4067,153
2026-07-18,CAM039,Email,15425.56,95577,7379,796
2026-07-18,CAM040,Affiliate,23013.75,89028,3275,181
2026-07-18,CAM041,Paid Social,51360.76,223372,8492,500
2026-07-18,CAM042,Email,19297.76,134326,9775,951
2026-07-18,CAM043,Paid Search,45969.13,164871,8272,618
2026-07-18,CAM044,Paid Social,73121.77,333733,15005,876
2026-07-19,CAM001,Affiliate,27573.61,104069,3729,212
2026-07-19,CAM002,Email,16075.11,98201,7101,700
2026-07-19,CAM003,Paid Search,60595.61,195572,11609,952
2026-07-19,CAM004,Display,37067.37,189329,4774,174
2026-07-19,CAM005,Affiliate,27957.73,124786,4052,207
2026-07-19,CAM006,Paid Search,51736.29,167409,8319,602
2026-07-19,CAM007,Display,35073.53,150470,3566,122
2026-07-19,CAM008,Paid Search,43542.97,129653,7244,520
2026-07-19,CAM009,Affiliate,20298.9,88237,2880,143
2026-07-19,CAM010,Email,18105.57,139279,10222,1056
2026-07-19,CAM011,Affiliate,27653.46,119582,3999,200
2026-07-19,CAM012,Email,18671.38,130807,10293,1054
2026-07-19,CAM013,Affiliate,19576.79,67738,2384,130
2026-07-19,CAM014,Paid Social,68795.37,348606,14589,796
2026-07-19,CAM015,Paid Search,54541.75,207233,11438,785
2026-07-19,CAM016,Paid Search,48024.93,185963,10935,739
2026-07-19,CAM017,Paid Social,51885.06,218145,9171,570
2026-07-19,CAM018,Email,22950.68,143218,11148,1058
2026-07-19,CAM019,Paid Search,48838.84,147867,7801,537
2026-07-19,CAM020,Paid Social,58296.27,300834,13198,751
2026-07-19,CAM021,Paid Search,60597.97,237012,11868,868
2026-07-19,CAM022,Display,30968.13,136860,3301,120
2026-07-19,CAM023,Email,17620.44,141519,11480,1082
2026-07-19,CAM024,Display,34139.12,170659,4171,150
2026-07-19,CAM025,Email,18404.11,137006,10169,1019
2026-07-19,CAM026,Paid Social,68084.96,339718,13459,841
2026-07-19,CAM027,Email,18011.39,144743,12153,1122
2026-07-19,CAM028,Email,18658.66,114096,8480,928
2026-07-19,CAM029,Paid Social,52842.51,217008,8405,494
2026-07-19,CAM030,Email,21170.77,159292,13232,1191
2026-07-19,CAM031,Paid Search,68166.73,224218,13521,1003
2026-07-19,CAM032,Affiliate,25429.57,90172,3392,187
2026-07-19,CAM033,Paid Social,74958.95,337116,15552,962
2026-07-19,CAM034,Affiliate,25678.62,95663,3140,185
2026-07-19,CAM035,Paid Social,74005.16,329486,13076,820
2026-07-19,CAM036,Paid Social,63970.84,251669,10990,654
2026-07-19,CAM037,Display,36595.62,204413,4724,157
2026-07-19,CAM038,Display,35005.94,157633,3865,145
2026-07-19,CAM039,Email,18081.33,128715,11216,1210
2026-07-19,CAM040,Affiliate,25020.04,86652,2788,152
2026-07-19,CAM041,Paid Social,57825.72,251308,10202,644
2026-07-19,CAM042,Email,19202.04,132881,11527,1082
2026-07-19,CAM043,Paid Search,53564.94,191765,11486,911
2026-07-19,CAM044,Paid Social,48875.79,246627,11114,634
2026-07-20,CAM001,Affiliate,23878.57,92324,3478,205
2026-07-20,CAM002,Email,14177.25,112864,8201,739
2026-07-20,CAM003,Paid Search,60658.47,209978,10482,824
2026-07-20,CAM004,Display,33330.83,147747,3427,122
2026-07-20,CAM005,Affiliate,24605.66,103922,3716,199
2026-07-20,CAM006,Paid Search,44707.11,142825,8369,580
2026-07-20,CAM007,Display,35841.17,181236,4589,155
2026-07-20,CAM008,Paid Search,48780.38,173967,8832,609
2026-07-20,CAM009,Affiliate,22505.8,86521,2901,149
2026-07-20,CAM010,Email,16231.68,112765,9546,953
2026-07-20,CAM011,Affiliate,24753.61,91911,3386,171
2026-07-20,CAM012,Email,14366.67,85818,7465,722
2026-07-20,CAM013,Affiliate,24567.58,109483,3776,206
2026-07-20,CAM014,Paid Social,51075.23,256712,11162,627
2026-07-20,CAM015,Paid Search,55044.52,184055,10606,834
2026-07-20,CAM016,Paid Search,53501.43,198463,11591,790
2026-07-20,CAM017,Paid Social,88362.81,379787,14391,936
2026-07-20,CAM018,Email,15570.58,106934,7850,801
2026-07-20,CAM019,Paid Search,48436.77,146513,8483,572
2026-07-20,CAM020,Paid Social,64962.47,327201,12855,817
2026-07-20,CAM021,Paid Search,59074.79,204567,11894,803
2026-07-20,CAM022,Display,35273.48,174991,4789,180
2026-07-20,CAM023,Email,18485.14,143144,11623,1059
2026-07-20,CAM024,Display,37476.65,181841,4851,178
2026-07-20,CAM025,Email,14836.47,97062,8243,862
2026-07-20,CAM026,Paid Social,80842.15,354944,14896,912
2026-07-20,CAM027,Email,20186.89,162208,11765,1269
2026-07-20,CAM028,Email,18879.52,141211,12371,1297
2026-07-20,CAM029,Paid Social,67575.82,333351,12644,688
2026-07-20,CAM030,Email,16714.4,122911,9972,989
2026-07-20,CAM031,Paid Search,60655.04,192877,11070,821
2026-07-20,CAM032,Affiliate,29018.86,128749,4858,290
2026-07-20,CAM033,Paid Social,58169.1,242879,11178,724
2026-07-20,CAM034,Affiliate,27509.06,110801,3925,221
2026-07-20,CAM035,Paid Social,62932.95,251705,10065,573
2026-07-20,CAM036,Paid Social,64518.11,316529,14413,905
2026-07-20,CAM037,Display,40209.52,211603,4895,162
2026-07-20,CAM038,Display,39240.15,188452,4432,166
2026-07-20,CAM039,Email,21059.9,141533,12370,1202
2026-07-20,CAM040,Affiliate,26050.89,102623,3660,195
2026-07-20,CAM041,Paid Social,62536.69,260052,11986,760
2026-07-20,CAM042,Email,16903.05,106650,7877,865
2026-07-20,CAM043,Paid Search,51613.7,155948,7999,624
2026-07-20,CAM044,Paid Social,66580.48,324617,14809,836
2026-07-21,CAM001,Affiliate,21645.84,90998,3079,161
2026-07-21,CAM002,Email,17222.44,134637,10330,947
2026-07-21,CAM003,Paid Search,74300.33,249538,12726,978
2026-07-21,CAM004,Display,37370.95,182710,4437,170
2026-07-21,CAM005,Affiliate,30429.71,128220,4121,222
2026-07-21,CAM006,Paid Search,69415.43,240310,13083,902
2026-07-21,CAM007,Display,31650.56,172035,4028,127
2026-07-21,CAM008,Paid Search,52759.98,162120,9611,659
2026-07-21,CAM009,Affiliate,25723.53,114628,3942,226
2026-07-21,CAM010,Email,13375.77,92394,7680,744
2026-07-21,CAM011,Affiliate,17379.1,60463,2292,135
2026-07-21,CAM012,Email,17440.07,126719,9534,934
2026-07-21,CAM013,Affiliate,24421.37,102937,3694,213
2026-07-21,CAM014,Paid Social,54102.42,229679,10264,571
2026-07-21,CAM015,Paid Search,62236.43,241742,12710,890
2026-07-21,CAM016,Paid Search,58570.22,198019,11493,917
2026-07-21,CAM017,Paid Social,50384.19,222412,9125,534
2026-07-21,CAM018,Email,15221.83,91785,7439,736
2026-07-21,CAM019,Paid Search,64355.92,230962,11581,826
2026-07-21,CAM020,Paid Social,65155.05,307299,11729,650
2026-07-21,CAM021,Paid Search,55073.1,197393,10627,837
2026-07-21,CAM022,Display,33389.32,148917,3642,130
2026-07-21,CAM023,Email,19360.88,131788,10263,941
2026-07-21,CAM024,Display,31738.69,181166,4953,158
2026-07-21,CAM025,Email,18361.75,136257,11494,1113
2026-07-21,CAM026,Paid Social,63738.19,290434,11777,767
2026-07-21,CAM027,Email,17401.77,136977,11076,1025
2026-07-21,CAM028,Email,18303.38,110463,9408,1025
2026-07-21,CAM029,Paid Social,48471.87,200773,8767,536
2026-07-21,CAM030,Email,16810.92,114765,8653,890
2026-07-21,CAM031,Paid Search,55284.97,212159,10897,840
2026-07-21,CAM032,Affiliate,24098.27,90131,2924,155
2026-07-21,CAM033,Paid Social,74192.63,298800,11350,724
2026-07-21,CAM034,Affiliate,22334.13,78163,3004,172
2026-07-21,CAM035,Paid Social,69957.99,338250,14561,818
2026-07-21,CAM036,Paid Social,54141.77,221682,9417,536
2026-07-21,CAM037,Display,28150.79,128291,2915,111
2026-07-21,CAM038,Display,33371.67,151858,3519,128
2026-07-21,CAM039,Email,20230.34,120739,10418,1028
2026-07-21,CAM040,Affiliate,21773.24,90862,3406,170
2026-07-21,CAM041,Paid Social,75474.21,389128,17879,1074
2026-07-21,CAM042,Email,18051.65,139660,12061,1319
2026-07-21,CAM043,Paid Search,47879.53,157307,7817,537
2026-07-21,CAM044,Paid Social,54263.96,237463,10536,624
2026-07-22,CAM001,Affiliate,21859.34,81552,3053,174
2026-07-22,CAM002,Email,18019.87,118268,9337,864
2026-07-22,CAM003,Paid Search,51113.08,177611,10072,689
2026-07-22,CAM004,Display,37189.96,176829,4229,144
2026-07-22,CAM005,Affiliate,22547.0,84526,2867,151
2026-07-22,CAM006,Paid Search,61630.22,238248,12663,1043
2026-07-22,CAM007,Display,36240.89,175757,4263,140
2026-07-22,CAM008,Paid Search,52914.62,191475,9508,734
2026-07-22,CAM009,Affiliate,19693.28,87491,3151,174
2026-07-22,CAM010,Email,18415.17,117004,8808,861
2026-07-22,CAM011,Affiliate,25949.6,105034,3639,217
2026-07-22,CAM012,Email,16367.77,108366,8145,757
2026-07-22,CAM013,Affiliate,27576.12,111889,4042,200
2026-07-22,CAM014,Paid Social,80046.28,319666,14317,782
2026-07-22,CAM015,Paid Search,49963.21,177003,10676,791
2026-07-22,CAM016,Paid Search,46853.86,169257,10198,728
2026-07-22,CAM017,Paid Social,66209.63,315245,14381,800
2026-07-22,CAM018,Email,18411.02,121018,10466,980
2026-07-22,CAM019,Paid Search,43427.64,151735,8314,581
2026-07-22,CAM020,Paid Social,70793.22,301403,12864,712
2026-07-22,CAM021,Paid Search,53900.76,160562,8195,621
2026-07-22,CAM022,Display,38225.72,210036,5536,205
2026-07-22,CAM023,Email,21618.24,134124,11208,1158
2026-07-22,CAM024,Display,31742.7,152611,3882,142
2026-07-22,CAM025,Email,12510.07,97594,8578,809
2026-07-22,CAM026,Paid Social,71867.18,338875,14638,863
2026-07-22,CAM027,Email,20119.8,132866,10151,1003
2026-07-22,CAM028,Email,17539.04,110536,8749,797
2026-07-22,CAM029,Paid Social,75511.24,302014,11486,735
2026-07-22,CAM030,Email,18586.21,113899,9937,1078
2026-07-22,CAM031,Paid Search,45121.36,175712,9870,727
2026-07-22,CAM032,Affiliate,24982.42,91850,3479,189
2026-07-22,CAM033,Paid Social,50185.68,244882,11296,673
2026-07-22,CAM034,Affiliate,22112.9,95877,3465,172
2026-07-22,CAM035,Paid Social,67751.45,329854,13326,723
2026-07-22,CAM036,Paid Social,59480.85,236479,10812,607
2026-07-22,CAM037,Display,37303.14,206522,4885,172
2026-07-22,CAM038,Display,35537.83,192696,4457,152
2026-07-22,CAM039,Email,15803.45,118968,10017,1071
2026-07-22,CAM040,Affiliate,27658.65,112241,4260,246
2026-07-22,CAM041,Paid Social,75710.22,316937,13916,910
2026-07-22,CAM042,Email,20503.53,158067,11893,1200
2026-07-22,CAM043,Paid Search,56004.31,167973,10034,784
2026-07-22,CAM044,Paid Social,65550.92,276557,10903,681
2026-07-23,CAM001,Affiliate,28320.04,102449,3936,215
2026-07-23,CAM002,Email,20699.06,144192,10820,1129
2026-07-23,CAM003,Paid Search,54600.69,213836,11525,831
2026-07-23,CAM004,Display,32266.11,151922,3649,134
2026-07-23,CAM005,Affiliate,23762.58,82709,2880,152
2026-07-23,CAM006,Paid Search,55089.94,167877,9819,710
2026-07-23,CAM007,Display,38209.01,174506,4532,147
2026-07-23,CAM008,Paid Search,56992.42,216757,11050,766
2026-07-23,CAM009,Affiliate,21729.2,78897,2668,158
2026-07-23,CAM010,Email,17989.43,142548,11796,1294
2026-07-23,CAM011,Affiliate,31389.19,143222,4882,294
2026-07-23,CAM012,Email,17589.47,115752,10106,956
2026-07-23,CAM013,Affiliate,22905.02,91109,2896,163
2026-07-23,CAM014,Paid Social,61465.26,291124,11773,683
2026-07-23,CAM015,Paid Search,55858.89,168674,9243,667
2026-07-23,CAM016,Paid Search,57586.97,224448,11214,898
2026-07-23,CAM017,Paid Social,70725.77,291294,13381,782
2026-07-23,CAM018,Email,19567.18,145128,11992,1297
2026-07-23,CAM019,Paid Search,54805.71,195487,10887,788
2026-07-23,CAM020,Paid Social,73920.3,378670,15444,851
2026-07-23,CAM021,Paid Search,55963.36,166942,9840,739
2026-07-23,CAM022,Display,40763.81,224495,5299,201
2026-07-23,CAM023,Email,21405.59,160840,12917,1301
2026-07-23,CAM024,Display,39635.79,175946,4718,176
2026-07-23,CAM025,Email,19064.93,123426,10574,978
2026-07-23,CAM026,Paid Social,62718.61,293625,12439,777
2026-07-23,CAM027,Email,16475.01,100068,8431,887
2026-07-23,CAM028,Email,21309.51,130151,9565,1036
2026-07-23,CAM029,Paid Social,62406.53,239353,9293,590
2026-07-23,CAM030,Email,21723.66,173386,12996,1362
2026-07-23,CAM031,Paid Search,51954.95,162827,8856,600
2026-07-23,CAM032,Affiliate,24811.21,87241,2963,163
2026-07-23,CAM033,Paid Social,59576.98,269558,11950,703
2026-07-23,CAM034,Affiliate,25518.86,106686,4031,209
2026-07-23,CAM035,Paid Social,56187.21,247892,9397,557
2026-07-23,CAM036,Paid Social,53245.16,270407,11835,747
2026-07-23,CAM037,Display,32964.61,141775,3528,122
2026-07-23,CAM038,Display,32377.9,158430,4278,151
2026-07-23,CAM039,Email,19575.9,130512,9458,857
2026-07-23,CAM040,Affiliate,27109.99,118535,3809,209
2026-07-23,CAM041,Paid Social,76888.41,328560,14814,803
2026-07-23,CAM042,Email,13917.21,87483,7285,792
2026-07-23,CAM043,Paid Search,60106.26,200206,11555,781
2026-07-23,CAM044,Paid Social,73061.3,325785,13712,831
2026-07-24,CAM001,Affiliate,24568.66,89627,3333,171
2026-07-24,CAM002,Email,19113.42,120021,9399,978
2026-07-24,CAM003,Paid Search,60642.32,186802,10195,828
2026-07-24,CAM004,Display,37086.78,199369,4684,151
2026-07-24,CAM005,Affiliate,26907.22,100585,3834,206
2026-07-24,CAM006,Paid Search,59218.7,188450,11258,898
2026-07-24,CAM007,Display,40914.77,228442,5804,202
2026-07-24,CAM008,Paid Search,61406.99,215666,10943,855
2026-07-24,CAM009,Affiliate,24539.04,110835,4092,234
2026-07-24,CAM010,Email,18322.31,119005,10203,926
2026-07-24,CAM011,Affiliate,25015.38,89007,3176,180
2026-07-24,CAM012,Email,16515.56,100241,7809,831
2026-07-24,CAM013,Affiliate,22284.34,77257,2716,137
2026-07-24,CAM014,Paid Social,51188.4,205530,8870,579
2026-07-24,CAM015,Paid Search,64233.66,207018,12428,962
2026-07-24,CAM016,Paid Search,57914.79,187823,10151,706
2026-07-24,CAM017,Paid Social,55839.43,221411,9011,585
2026-07-24,CAM018,Email,16579.76,132854,10993,1021
2026-07-24,CAM019,Paid Search,54376.01,175433,9423,672
2026-07-24,CAM020,Paid Social,58846.73,236501,10760,667
2026-07-24,CAM021,Paid Search,71952.47,225388,11282,808
2026-07-24,CAM022,Display,42105.34,217991,5067,170
2026-07-24,CAM023,Email,18276.66,117411,8501,867
2026-07-24,CAM024,Display,29817.53,132214,3569,124
2026-07-24,CAM025,Email,20232.36,150951,11799,1157
2026-07-24,CAM026,Paid Social,74898.1,362906,16415,941
2026-07-24,CAM027,Email,19067.81,139989,10380,1125
2026-07-24,CAM028,Email,19592.94,143940,11643,1071
2026-07-24,CAM029,Paid Social,69958.83,340008,15594,876
2026-07-24,CAM030,Email,16114.2,108823,8546,797
2026-07-24,CAM031,Paid Search,60359.93,237571,12642,957
2026-07-24,CAM032,Affiliate,23033.53,91572,2980,167
2026-07-24,CAM033,Paid Social,66674.9,293586,11324,632
2026-07-24,CAM034,Affiliate,25263.17,92736,3227,177
2026-07-24,CAM035,Paid Social,69758.98,274600,11165,689
2026-07-24,CAM036,Paid Social,68609.39,303868,13261,754
2026-07-24,CAM037,Display,30160.84,134609,3270,124
2026-07-24,CAM038,Display,34033.11,187808,4313,155
2026-07-24,CAM039,Email,12848.22,90174,7109,702
2026-07-24,CAM040,Affiliate,26087.6,96661,3168,170
2026-07-24,CAM041,Paid Social,55848.12,271537,12448,676
2026-07-24,CAM042,Email,17589.03,107941,9313,843
2026-07-24,CAM043,Paid Search,63960.84,223980,12818,867
2026-07-24,CAM044,Paid Social,69635.56,332287,15192,828
2026-07-25,CAM001,Affiliate,26590.95,120503,4495,271
2026-07-25,CAM002,Email,19035.58,152635,12333,1113
2026-07-25,CAM003,Paid Search,53759.0,155163,8019,509
2026-07-25,CAM004,Display,40153.12,229886,5625,199
2026-07-25,CAM005,Affiliate,23140.59,90106,3315,181
2026-07-25,CAM006,Paid Search,73425.3,243074,14715,896
2026-07-25,CAM007,Display,34273.75,171107,4578,145
2026-07-25,CAM008,Paid Search,46843.2,144332,8337,521
2026-07-25,CAM009,Affiliate,21759.25,76495,2516,128
2026-07-25,CAM010,Email,20899.85,132253,11746,1075
2026-07-25,CAM011,Affiliate,30376.96,107590,4026,221
2026-07-25,CAM012,Email,21534.45,168721,14867,1300
2026-07-25,CAM013,Affiliate,22046.84,92539,3133,172
2026-07-25,CAM014,Paid Social,63008.96,319927,12238,676
2026-07-25,CAM015,Paid Search,52982.25,205040,10807,787
2026-07-25,CAM016,Paid Search,67097.21,211337,12337,780
2026-07-25,CAM017,Paid Social,56857.12,240711,10305,585
2026-07-25,CAM018,Email,20564.55,130713,9709,830
2026-07-25,CAM019,Paid Search,65098.23,219028,12725,907
2026-07-25,CAM020,Paid Social,67690.19,332706,15113,874
2026-07-25,CAM021,Paid Search,71901.81,249029,12774,805
2026-07-25,CAM022,Display,37878.73,170231,3969,140
2026-07-25,CAM023,Email,19489.52,137020,10737,1043
2026-07-25,CAM024,Display,33231.34,185641,4415,153
2026-07-25,CAM025,Email,18283.72,112505,8945,754
2026-07-25,CAM026,Paid Social,65540.9,292253,11394,701
2026-07-25,CAM027,Email,16330.76,122707,10138,929
2026-07-25,CAM028,Email,18861.17,112521,8750,824
2026-07-25,CAM029,Paid Social,67745.96,294306,12797,736
2026-07-25,CAM030,Email,15986.18,104184,7789,653
2026-07-25,CAM031,Paid Search,63106.45,203602,10794,739
2026-07-25,CAM032,Affiliate,28507.7,97126,3524,206
2026-07-25,CAM033,Paid Social,63815.36,291122,13011,767
2026-07-25,CAM034,Affiliate,24597.28,83852,3162,178
2026-07-25,CAM035,Paid Social,58181.52,276719,11208,697
2026-07-25,CAM036,Paid Social,53539.66,253311,11558,706
2026-07-25,CAM037,Display,34409.59,188656,4265,139
2026-07-25,CAM038,Display,47349.03,243044,5863,188
2026-07-25,CAM039,Email,22660.2,182046,16016,1435
2026-07-25,CAM040,Affiliate,22457.36,95296,3025,173
2026-07-25,CAM041,Paid Social,60828.27,241352,9529,520
2026-07-25,CAM042,Email,22107.8,155548,13354,1319
2026-07-25,CAM043,Paid Search,62179.01,206410,11816,809
2026-07-25,CAM044,Paid Social,80217.96,409567,16910,1051
2026-07-26,CAM001,Affiliate,24336.94,100805,3819,200
2026-07-26,CAM002,Email,16755.92,138024,11381,1054
2026-07-26,CAM003,Paid Search,62799.35,210267,10595,797
2026-07-26,CAM004,Display,33785.09,163450,4284,150
2026-07-26,CAM005,Affiliate,31320.96,141768,5307,273
2026-07-26,CAM006,Paid Search,73787.0,268357,15067,1055
2026-07-26,CAM007,Display,38615.69,213769,5122,167
2026-07-26,CAM008,Paid Search,47062.96,162018,8036,585
2026-07-26,CAM009,Affiliate,28479.37,110953,3800,218
2026-07-26,CAM010,Email,17876.28,136469,12234,1029
2026-07-26,CAM011,Affiliate,22137.83,81522,2999,168
2026-07-26,CAM012,Email,19800.7,125111,10968,984
2026-07-26,CAM013,Affiliate,21450.01,96979,3383,194
2026-07-26,CAM014,Paid Social,58641.8,246876,9571,578
2026-07-26,CAM015,Paid Search,60775.39,208013,10827,669
2026-07-26,CAM016,Paid Search,63365.05,209604,12741,864
2026-07-26,CAM017,Paid Social,59699.93,249387,11077,652
2026-07-26,CAM018,Email,18973.86,150666,12135,1206
2026-07-26,CAM019,Paid Search,55060.75,197950,11341,824
2026-07-26,CAM020,Paid Social,57303.59,255488,11744,706
2026-07-26,CAM021,Paid Search,68045.44,192152,10020,684
2026-07-26,CAM022,Display,34727.44,172823,4620,170
2026-07-26,CAM023,Email,16525.47,108891,7856,753
2026-07-26,CAM024,Display,35249.84,196003,5276,168
2026-07-26,CAM025,Email,21528.89,157935,13265,1324
2026-07-26,CAM026,Paid Social,58252.73,246577,10247,576
2026-07-26,CAM027,Email,22836.47,144973,11262,982
2026-07-26,CAM028,Email,17439.95,108253,9602,898
2026-07-26,CAM029,Paid Social,67849.33,287097,10954,597
2026-07-26,CAM030,Email,21977.44,163865,13018,1086
2026-07-26,CAM031,Paid Search,49152.24,186779,11103,745
2026-07-26,CAM032,Affiliate,28783.88,118900,3858,202
2026-07-26,CAM033,Paid Social,88605.06,369636,15867,953
2026-07-26,CAM034,Affiliate,21123.64,73507,2598,135
2026-07-26,CAM035,Paid Social,57944.31,266389,10438,567
2026-07-26,CAM036,Paid Social,68716.04,352692,15089,909
2026-07-26,CAM037,Display,32600.66,167748,3930,131
2026-07-26,CAM038,Display,42165.09,238812,6384,234
2026-07-26,CAM039,Email,15749.55,100098,8432,738
2026-07-26,CAM040,Affiliate,24839.79,97725,3326,179
2026-07-26,CAM041,Paid Social,57959.03,270611,10594,676
2026-07-26,CAM042,Email,17075.7,97947,8503,817
2026-07-26,CAM043,Paid Search,60666.03,225760,13634,975
2026-07-26,CAM044,Paid Social,63920.43,303372,12797,722
2026-07-27,CAM001,Affiliate,20379.98,78466,2953,170
2026-07-27,CAM002,Email,19599.43,132559,10848,914
2026-07-27,CAM003,Paid Search,69346.58,214196,11659,887
2026-07-27,CAM004,Display,29197.99,127773,3359,122
2026-07-27,CAM005,Affiliate,21676.91,99533,3406,186
2026-07-27,CAM006,Paid Search,50227.69,197404,11360,862
2026-07-27,CAM007,Display,36841.6,193130,4714,159
2026-07-27,CAM008,Paid Search,65284.95,232028,12749,858
2026-07-27,CAM009,Affiliate,23208.83,80307,2949,159
2026-07-27,CAM010,Email,18405.66,143192,11574,979
2026-07-27,CAM011,Affiliate,27229.61,124144,4570,244
2026-07-27,CAM012,Email,12253.46,91246,7277,696
2026-07-27,CAM013,Affiliate,23267.2,102567,3313,177
2026-07-27,CAM014,Paid Social,60309.31,276152,11149,682
2026-07-27,CAM015,Paid Search,63459.46,215618,12966,919
2026-07-27,CAM016,Paid Search,63847.57,228519,11492,726
2026-07-27,CAM017,Paid Social,44458.35,185625,7377,421
2026-07-27,CAM018,Email,21162.78,120986,10192,834
2026-07-27,CAM019,Paid Search,66589.42,196490,10452,753
2026-07-27,CAM020,Paid Social,67864.78,299794,13707,843
2026-07-27,CAM021,Paid Search,61561.1,220987,12268,887
2026-07-27,CAM022,Display,34061.1,182131,4342,156
2026-07-27,CAM023,Email,19533.53,146385,11745,1184
2026-07-27,CAM024,Display,42294.66,186943,4990,169
2026-07-27,CAM025,Email,20797.26,154755,13261,1297
2026-07-27,CAM026,Paid Social,79851.35,377377,14687,854
2026-07-27,CAM027,Email,20384.85,150356,12939,1242
2026-07-27,CAM028,Email,16396.73,121008,9031,794
2026-07-27,CAM029,Paid Social,86047.55,421260,16619,905
2026-07-27,CAM030,Email,19521.9,151370,11265,1125
2026-07-27,CAM031,Paid Search,47466.41,164564,10028,655
2026-07-27,CAM032,Affiliate,22447.4,99768,3261,188
2026-07-27,CAM033,Paid Social,60883.33,306042,13539,811
2026-07-27,CAM034,Affiliate,29772.3,122402,4523,230
2026-07-27,CAM035,Paid Social,55765.95,243233,10117,625
2026-07-27,CAM036,Paid Social,66037.51,272290,10525,692
2026-07-27,CAM037,Display,31425.32,155490,3716,127
2026-07-27,CAM038,Display,35517.31,200715,4673,156
2026-07-27,CAM039,Email,21635.37,150750,12997,1075
2026-07-27,CAM040,Affiliate,23189.95,79041,2819,143
2026-07-27,CAM041,Paid Social,66882.85,341499,13448,742
2026-07-27,CAM042,Email,21944.59,137486,10568,989
2026-07-27,CAM043,Paid Search,64508.83,230127,11595,800
2026-07-27,CAM044,Paid Social,58153.16,258531,11821,640
2026-07-28,CAM001,Affiliate,20299.41,71111,2719,159
2026-07-28,CAM002,Email,17873.49,138231,11329,968
2026-07-28,CAM003,Paid Search,60231.95,217339,12417,897
2026-07-28,CAM004,Display,32735.99,161491,3845,124
2026-07-28,CAM005,Affiliate,20564.89,79372,2801,151
2026-07-28,CAM006,Paid Search,55137.45,196896,10890,809
2026-07-28,CAM007,Display,42428.15,182467,4418,149
2026-07-28,CAM008,Paid Search,72721.55,275916,15217,947
2026-07-28,CAM009,Affiliate,25658.37,90368,3416,203
2026-07-28,CAM010,Email,20175.54,152423,13851,1129
2026-07-28,CAM011,Affiliate,23346.0,104825,3644,218
2026-07-28,CAM012,Email,19442.45,131571,10349,896
2026-07-28,CAM013,Affiliate,27632.61,104127,3513,206
2026-07-28,CAM014,Paid Social,68358.37,326793,13620,749
2026-07-28,CAM015,Paid Search,61466.81,205517,10680,717
2026-07-28,CAM016,Paid Search,54774.67,199963,11698,816
2026-07-28,CAM017,Paid Social,69660.01,305264,13959,755
2026-07-28,CAM018,Email,19992.16,114212,9254,838
2026-07-28,CAM019,Paid Search,60403.67,191697,10188,618
2026-07-28,CAM020,Paid Social,64532.56,317954,13818,795
2026-07-28,CAM021,Paid Search,54385.37,183837,10647,735
2026-07-28,CAM022,Display,27799.57,118616,2875,95
2026-07-28,CAM023,Email,14628.98,92927,7886,740
2026-07-28,CAM024,Display,34863.41,166591,4571,169
2026-07-28,CAM025,Email,20698.18,129420,10029,853
2026-07-28,CAM026,Paid Social,66606.34,298565,11623,664
2026-07-28,CAM027,Email,17178.51,110117,8959,827
2026-07-28,CAM028,Email,17481.38,126641,10114,895
2026-07-28,CAM029,Paid Social,57105.49,252237,10637,589
2026-07-28,CAM030,Email,19695.18,147625,12449,1104
2026-07-28,CAM031,Paid Search,54647.84,168207,9147,642
2026-07-28,CAM032,Affiliate,28113.06,100250,3389,180
2026-07-28,CAM033,Paid Social,63473.24,266127,11313,644
2026-07-28,CAM034,Affiliate,23771.18,89796,3013,161
2026-07-28,CAM035,Paid Social,65748.9,286340,12048,740
2026-07-28,CAM036,Paid Social,83176.33,396085,18035,1148
2026-07-28,CAM037,Display,32647.75,140442,3328,111
2026-07-28,CAM038,Display,38304.4,182801,4894,177
2026-07-28,CAM039,Email,18963.06,121790,10768,1043
2026-07-28,CAM040,Affiliate,23363.13,101894,3861,206
2026-07-28,CAM041,Paid Social,61155.59,295603,13175,740
2026-07-28,CAM042,Email,16799.52,121719,9651,911
2026-07-28,CAM043,Paid Search,58488.52,219038,12833,986
2026-07-28,CAM044,Paid Social,75299.29,322434,14350,881
2026-07-29,CAM001,Affiliate,28641.85,101393,3677,203
2026-07-29,CAM002,Email,21053.7,149064,12987,1255
2026-07-29,CAM003,Paid Search,46901.25,170993,10179,748
2026-07-29,CAM004,Display,33540.47,191488,4740,174
2026-07-29,CAM005,Affiliate,27871.48,116990,3707,190
2026-07-29,CAM006,Paid Search,57109.69,182954,9498,671
2026-07-29,CAM007,Display,37098.26,198402,5397,198
2026-07-29,CAM008,Paid Search,60004.79,200533,12178,896
2026-07-29,CAM009,Affiliate,21414.8,85070,3274,182
2026-07-29,CAM010,Email,15364.75,110371,9621,817
2026-07-29,CAM011,Affiliate,27012.7,98387,3766,195
2026-07-29,CAM012,Email,20436.79,138527,12063,1167
2026-07-29,CAM013,Affiliate,23826.57,81805,2933,164
2026-07-29,CAM014,Paid Social,68628.13,343774,14366,922
2026-07-29,CAM015,Paid Search,63921.45,235087,11843,831
2026-07-29,CAM016,Paid Search,54552.72,224618,12152,872
2026-07-29,CAM017,Paid Social,45923.52,186056,7906,475
2026-07-29,CAM018,Email,17020.82,101696,8651,816
2026-07-29,CAM019,Paid Search,62219.99,192919,11577,884
2026-07-29,CAM020,Paid Social,55086.51,278191,10954,685
2026-07-29,CAM021,Paid Search,53594.91,199732,10618,680
2026-07-29,CAM022,Display,45162.87,246469,6636,228
2026-07-29,CAM023,Email,26609.95,152887,11630,996
2026-07-29,CAM024,Display,42520.25,206341,5026,187
2026-07-29,CAM025,Email,20098.89,151679,11623,963
2026-07-29,CAM026,Paid Social,60976.82,277547,12674,687
2026-07-29,CAM027,Email,18602.07,136298,10126,1006
2026-07-29,CAM028,Email,19933.99,149893,13404,1113
2026-07-29,CAM029,Paid Social,73399.94,335456,13719,827
2026-07-29,CAM030,Email,20833.05,137692,11207,1076
2026-07-29,CAM031,Paid Search,63905.4,235730,14275,1053
2026-07-29,CAM032,Affiliate,31117.63,122767,4571,265
2026-07-29,CAM033,Paid Social,70808.52,329137,13334,802
2026-07-29,CAM034,Affiliate,24972.46,101421,3563,189
2026-07-29,CAM035,Paid Social,59494.59,271657,11827,680
2026-07-29,CAM036,Paid Social,59735.88,277311,10988,719
2026-07-29,CAM037,Display,31677.55,170810,4173,146
2026-07-29,CAM038,Display,26803.56,118821,3020,116
2026-07-29,CAM039,Email,16103.11,100637,8482,813
2026-07-29,CAM040,Affiliate,25563.72,88458,2822,166
2026-07-29,CAM041,Paid Social,66394.42,280442,10778,633
2026-07-29,CAM042,Email,19337.53,150578,10872,1045
2026-07-29,CAM043,Paid Search,63043.74,193444,10965,684
2026-07-29,CAM044,Paid Social,57961.12,295620,12410,764
2026-07-30,CAM001,Affiliate,29935.33,124901,4465,249
2026-07-30,CAM002,Email,17740.64,130400,9597,891
2026-07-30,CAM003,Paid Search,54582.11,213453,11255,793
2026-07-30,CAM004,Display,34971.27,153973,3615,131
2026-07-30,CAM005,Affiliate,20330.47,72708,2312,128
2026-07-30,CAM006,Paid Search,60721.51,192676,11453,772
2026-07-30,CAM007,Display,31595.41,181183,4364,165
2026-07-30,CAM008,Paid Search,49008.68,175747,10073,649
2026-07-30,CAM009,Affiliate,26872.72,99036,3131,170
2026-07-30,CAM010,Email,16891.27,97440,8159,787
2026-07-30,CAM011,Affiliate,21853.77,94892,3394,200
2026-07-30,CAM012,Email,23340.14,176396,13831,1136
2026-07-30,CAM013,Affiliate,28072.7,108022,3857,198
2026-07-30,CAM014,Paid Social,58888.69,246279,10675,665
2026-07-30,CAM015,Paid Search,65266.49,194690,10441,769
2026-07-30,CAM016,Paid Search,64733.38,229659,11662,779
2026-07-30,CAM017,Paid Social,72849.35,327627,14718,822
2026-07-30,CAM018,Email,17727.82,123971,9811,917
2026-07-30,CAM019,Paid Search,59436.19,221592,11822,886
2026-07-30,CAM020,Paid Social,65075.58,277599,11170,632
2026-07-30,CAM021,Paid Search,68129.96,249756,13118,857
2026-07-30,CAM022,Display,38532.08,176929,4486,155
2026-07-30,CAM023,Email,19793.18,126769,10958,1016
2026-07-30,CAM024,Display,30156.68,164696,4347,158
2026-07-30,CAM025,Email,18626.03,133023,10349,984
2026-07-30,CAM026,Paid Social,48596.38,245990,9854,642
2026-07-30,CAM027,Email,14228.92,100528,8163,675
2026-07-30,CAM028,Email,18698.7,134254,11168,1019
2026-07-30,CAM029,Paid Social,60420.83,263957,10621,574
2026-07-30,CAM030,Email,19478.52,119936,9073,758
2026-07-30,CAM031,Paid Search,67808.21,233927,12748,767
2026-07-30,CAM032,Affiliate,21279.61,76941,2728,162
2026-07-30,CAM033,Paid Social,78848.02,302577,13771,780
2026-07-30,CAM034,Affiliate,26367.03,102777,3423,183
2026-07-30,CAM035,Paid Social,57051.13,237854,10676,668
2026-07-30,CAM036,Paid Social,67552.02,345329,15360,1004
2026-07-30,CAM037,Display,36634.62,209328,5123,168
2026-07-30,CAM038,Display,31256.54,163077,3940,140
2026-07-30,CAM039,Email,19628.04,134262,10683,1055
2026-07-30,CAM040,Affiliate,22631.99,82466,2911,146
2026-07-30,CAM041,Paid Social,43284.51,214392,9900,626
2026-07-30,CAM042,Email,19903.58,121945,9984,957
2026-07-30,CAM043,Paid Search,60556.75,240226,12592,926
2026-07-30,CAM044,Paid Social,72506.34,346275,13852,830
2026-07-31,CAM001,Affiliate,22431.47,90105,3339,172
2026-07-31,CAM002,Email,22160.28,160162,13405,1233
2026-07-31,CAM003,Paid Search,56136.06,203785,11196,771
2026-07-31,CAM004,Display,30394.48,142719,3675,132
2026-07-31,CAM005,Affiliate,24733.18,86414,3077,163
2026-07-31,CAM006,Paid Search,60895.98,220207,12908,807
2026-07-31,CAM007,Display,41569.59,204194,5317,192
2026-07-31,CAM008,Paid Search,58899.32,196227,9761,614
2026-07-31,CAM009,Affiliate,26978.51,95111,3232,176
2026-07-31,CAM010,Email,19897.7,133844,10796,954
2026-07-31,CAM011,Affiliate,30187.35,106229,3851,205
2026-07-31,CAM012,Email,18069.35,105188,8076,728
2026-07-31,CAM013,Affiliate,23572.52,106787,4000,204
2026-07-31,CAM014,Paid Social,69562.41,282331,12821,787
2026-07-31,CAM015,Paid Search,53701.5,166712,10276,702
2026-07-31,CAM016,Paid Search,52897.0,194197,11569,793
2026-07-31,CAM017,Paid Social,62364.55,285950,11001,694
2026-07-31,CAM018,Email,16240.43,107316,8660,814
2026-07-31,CAM019,Paid Search,58923.33,204866,11437,753
2026-07-31,CAM020,Paid Social,53054.09,267557,10199,629
2026-07-31,CAM021,Paid Search,50251.77,186620,10216,618
2026-07-31,CAM022,Display,35930.56,201941,4597,161
2026-07-31,CAM023,Email,21956.9,131106,10635,973
2026-07-31,CAM024,Display,34083.38,189371,4609,151
2026-07-31,CAM025,Email,17522.02,102588,7811,696
2026-07-31,CAM026,Paid Social,64406.12,322183,14359,827
2026-07-31,CAM027,Email,16853.18,131671,11026,991
2026-07-31,CAM028,Email,21605.26,143620,11913,1111
2026-07-31,CAM029,Paid Social,69330.72,355595,13943,814
2026-07-31,CAM030,Email,18069.2,128757,11122,981
2026-07-31,CAM031,Paid Search,72400.11,244234,14484,887
2026-07-31,CAM032,Affiliate,25914.01,105539,3445,179
2026-07-31,CAM033,Paid Social,68993.89,285564,11652,767
2026-07-31,CAM034,Affiliate,26282.86,112151,3819,218
2026-07-31,CAM035,Paid Social,64833.6,268366,11905,762
2026-07-31,CAM036,Paid Social,50431.95,221185,8523,530
2026-07-31,CAM037,Display,37655.16,202609,4596,146
2026-07-31,CAM038,Display,30422.86,163660,4037,145
2026-07-31,CAM039,Email,19040.87,118591,10049,969
2026-07-31,CAM040,Affiliate,20802.06,89154,3215,182
2026-07-31,CAM041,Paid Social,56124.97,260200,10072,640
2026-07-31,CAM042,Email,18953.46,130022,10135,1015
2026-07-31,CAM043,Paid Search,59026.9,219844,13491,1018
2026-07-31,CAM044,Paid Social,66314.63,317620,12598,704
2026-08-01,CAM001,Affiliate,21764.87,99693,3450,188
2026-08-01,CAM002,Email,18742.38,125647,10101,1018
2026-08-01,CAM003,Paid Search,49080.05,153619,9058,629
2026-08-01,CAM004,Display,30043.3,152504,4027,153
2026-08-01,CAM005,Affiliate,21039.47,76036,2903,172
2026-08-01,CAM006,Paid Search,56441.91,222924,13068,938
2026-08-01,CAM007,Display,27742.9,148352,3995,137
2026-08-01,CAM008,Paid Search,48229.67,145813,7809,536
2026-08-01,CAM009,Affiliate,26248.52,91627,3411,178
2026-08-01,CAM010,Email,18348.04,146501,11409,1126
2026-08-01,CAM011,Affiliate,17032.77,73682,2610,149
2026-08-01,CAM012,Email,11925.47,93442,8033,794
2026-08-01,CAM013,Affiliate,29529.68,129204,4436,223
2026-08-01,CAM014,Paid Social,57543.72,257887,10177,584
2026-08-01,CAM015,Paid Search,54411.75,214562,10681,827
2026-08-01,CAM016,Paid Search,51667.47,202391,10506,726
2026-08-01,CAM017,Paid Social,62333.09,238575,9218,510
2026-08-01,CAM018,Email,17812.78,110950,9244,891
2026-08-01,CAM019,Paid Search,59141.21,223813,12208,882
2026-08-01,CAM020,Paid Social,70141.45,289442,11254,687
2026-08-01,CAM021,Paid Search,63862.6,220301,10934,802
2026-08-01,CAM022,Display,34626.99,147272,4007,152
2026-08-01,CAM023,Email,17753.93,130482,9949,1017
2026-08-01,CAM024,Display,38818.6,217773,5130,164
2026-08-01,CAM025,Email,18210.12,133258,10551,969
2026-08-01,CAM026,Paid Social,61651.77,289755,12222,725
2026-08-01,CAM027,Email,19612.01,144549,10542,1130
2026-08-01,CAM028,Email,16366.23,107678,9313,961
2026-08-01,CAM029,Paid Social,71098.66,362228,14333,944
2026-08-01,CAM030,Email,17013.84,127066,10849,1112
2026-08-01,CAM031,Paid Search,45417.2,156028,8052,620
2026-08-01,CAM032,Affiliate,22069.6,82176,2759,157
2026-08-01,CAM033,Paid Social,61166.91,282035,12518,807
2026-08-01,CAM034,Affiliate,18205.73,81644,2635,131
2026-08-01,CAM035,Paid Social,72057.84,275704,12497,691
2026-08-01,CAM036,Paid Social,74652.87,331624,14574,958
2026-08-01,CAM037,Display,40840.05,192492,4475,158
2026-08-01,CAM038,Display,37276.43,158984,4141,154
2026-08-01,CAM039,Email,15800.53,118138,8808,875
2026-08-01,CAM040,Affiliate,30301.14,124448,4228,243
2026-08-01,CAM041,Paid Social,57172.29,228201,8808,485
2026-08-01,CAM042,Email,16549.68,101658,7911,790
2026-08-01,CAM043,Paid Search,63441.43,190223,9700,661
2026-08-01,CAM044,Paid Social,70133.59,296857,13547,893
2026-08-02,CAM001,Affiliate,28021.88,106307,3472,209
2026-08-02,CAM002,Email,15806.35,118957,8689,785
2026-08-02,CAM003,Paid Search,50869.3,157903,7898,637
2026-08-02,CAM004,Display,34529.17,185733,5065,186
2026-08-02,CAM005,Affiliate,24075.74,107410,3631,182
2026-08-02,CAM006,Paid Search,54693.94,163629,8702,595
2026-08-02,CAM007,Display,31585.82,179406,4317,164
2026-08-02,CAM008,Paid Search,55390.36,181015,9936,749
2026-08-02,CAM009,Affiliate,26370.11,94481,3492,174
2026-08-02,CAM010,Email,17103.7,126791,10429,1078
2026-08-02,CAM011,Affiliate,24310.09,87695,2904,168
2026-08-02,CAM012,Email,14162.69,108100,8608,896
2026-08-02,CAM013,Affiliate,26581.22,119294,4061,214
2026-08-02,CAM014,Paid Social,61698.84,310020,12970,738
2026-08-02,CAM015,Paid Search,51454.33,171103,9193,742
2026-08-02,CAM016,Paid Search,55020.3,216088,12912,988
2026-08-02,CAM017,Paid Social,61348.15,293146,11786,737
2026-08-02,CAM018,Email,18251.28,114174,8294,795
2026-08-02,CAM019,Paid Search,61010.11,240282,13787,1096
2026-08-02,CAM020,Paid Social,69277.56,321411,14599,959
2026-08-02,CAM021,Paid Search,64701.4,222366,12723,912
2026-08-02,CAM022,Display,38601.96,172225,4057,155
2026-08-02,CAM023,Email,19790.23,124878,9336,941
2026-08-02,CAM024,Display,37845.18,197903,5015,171
2026-08-02,CAM025,Email,15528.43,117858,9346,911
2026-08-02,CAM026,Paid Social,66225.62,327999,14482,818
2026-08-02,CAM027,Email,17566.6,127387,9241,905
2026-08-02,CAM028,Email,22232.6,139750,10111,1053
2026-08-02,CAM029,Paid Social,53699.96,241557,10000,607
2026-08-02,CAM030,Email,17247.86,114176,8704,920
2026-08-02,CAM031,Paid Search,54673.42,216784,12931,1065
2026-08-02,CAM032,Affiliate,16702.27,59257,2203,120
2026-08-02,CAM033,Paid Social,73251.68,307994,13374,848
2026-08-02,CAM034,Affiliate,20414.09,89793,3425,179
2026-08-02,CAM035,Paid Social,52187.89,258580,11350,633
2026-08-02,CAM036,Paid Social,64917.78,268773,11579,666
2026-08-02,CAM037,Display,37790.56,209733,4940,174
2026-08-02,CAM038,Display,30782.97,142789,3919,142
2026-08-02,CAM039,Email,18322.61,124987,9579,885
2026-08-02,CAM040,Affiliate,26746.84,113739,3749,206
2026-08-02,CAM041,Paid Social,69447.48,311501,12758,830
2026-08-02,CAM042,Email,18953.98,123769,8914,802
2026-08-02,CAM043,Paid Search,48138.96,145912,7766,592
2026-08-02,CAM044,Paid Social,62582.13,272191,12472,781
2026-08-03,CAM001,Affiliate,29466.62,116278,4040,209
2026-08-03,CAM002,Email,22145.29,133190,10270,939
2026-08-03,CAM003,Paid Search,66287.44,224313,11285,798
2026-08-03,CAM004,Display,36757.15,170954,4625,173
2026-08-03,CAM005,Affiliate,19510.54,77245,2913,158
2026-08-03,CAM006,Paid Search,53856.34,198750,11407,805
2026-08-03,CAM007,Display,25015.1,107522,2647,92
2026-08-03,CAM008,Paid Search,56883.24,203978,12213,998
2026-08-03,CAM009,Affiliate,27025.97,94224,3440,183
2026-08-03,CAM010,Email,17514.02,109579,9450,997
2026-08-03,CAM011,Affiliate,24930.38,99478,3373,183
2026-08-03,CAM012,Email,19339.96,137094,11060,1147
2026-08-03,CAM013,Affiliate,25821.47,108483,3652,217
2026-08-03,CAM014,Paid Social,61597.87,247727,9958,592
2026-08-03,CAM015,Paid Search,56251.23,225681,12876,896
2026-08-03,CAM016,Paid Search,70387.38,238857,12259,925
2026-08-03,CAM017,Paid Social,67379.64,324293,13786,794
2026-08-03,CAM018,Email,22540.4,135698,11881,1228
2026-08-03,CAM019,Paid Search,46932.39,172854,9680,745
2026-08-03,CAM020,Paid Social,69894.39,314389,12570,700
2026-08-03,CAM021,Paid Search,60920.13,206366,10861,810
2026-08-03,CAM022,Display,39357.54,178294,4864,183
2026-08-03,CAM023,Email,20289.92,159591,13310,1326
2026-08-03,CAM024,Display,39847.78,187478,5130,183
2026-08-03,CAM025,Email,17785.52,122906,10043,1005
2026-08-03,CAM026,Paid Social,65238.96,301689,13560,830
2026-08-03,CAM027,Email,18490.38,115643,9621,1015
2026-08-03,CAM028,Email,15231.17,109870,9484,952
2026-08-03,CAM029,Paid Social,62615.53,240531,9844,617
2026-08-03,CAM030,Email,17136.53,136441,10239,1066
2026-08-03,CAM031,Paid Search,58209.71,194991,10726,762
2026-08-03,CAM032,Affiliate,22429.99,87935,3232,189
2026-08-03,CAM033,Paid Social,71955.05,338507,14105,898
2026-08-03,CAM034,Affiliate,22056.03,80462,2582,128
2026-08-03,CAM035,Paid Social,57653.06,290461,13335,739
2026-08-03,CAM036,Paid Social,72397.98,336843,13781,858
2026-08-03,CAM037,Display,29198.53,157413,4260,146
2026-08-03,CAM038,Display,36542.55,159031,4280,141
2026-08-03,CAM039,Email,18457.24,125236,10067,1013
2026-08-03,CAM040,Affiliate,23460.54,97332,3662,209
2026-08-03,CAM041,Paid Social,62549.33,286127,12755,797
2026-08-03,CAM042,Email,19603.08,127607,9490,1034
2026-08-03,CAM043,Paid Search,57684.44,187338,9506,771
2026-08-03,CAM044,Paid Social,62986.17,287581,11527,643
2026-08-04,CAM001,Affiliate,21618.85,95232,3016,174
2026-08-04,CAM002,Email,13581.18,109256,8509,900
2026-08-04,CAM003,Paid Search,56355.11,215752,12486,898
2026-08-04,CAM004,Display,33273.64,147780,3973,145
2026-08-04,CAM005,Affiliate,24450.74,107496,3978,230
2026-08-04,CAM006,Paid Search,58075.36,185661,10236,835
2026-08-04,CAM007,Display,40532.54,197955,5019,188
2026-08-04,CAM008,Paid Search,48462.46,170079,8712,666
2026-08-04,CAM009,Affiliate,25360.24,104554,3468,172
2026-08-04,CAM010,Email,10906.94,70134,5584,521
2026-08-04,CAM011,Affiliate,22520.07,90512,3336,167
2026-08-04,CAM012,Email,19777.27,150368,11103,1138
2026-08-04,CAM013,Affiliate,22917.56,86915,3143,158
2026-08-04,CAM014,Paid Social,58919.14,292508,11222,660
2026-08-04,CAM015,Paid Search,50575.29,174709,10214,694
2026-08-04,CAM016,Paid Search,60986.19,192040,10953,842
2026-08-04,CAM017,Paid Social,78280.16,317728,13811,866
2026-08-04,CAM018,Email,17086.66,115678,9784,1051
2026-08-04,CAM019,Paid Search,51551.81,203249,11818,913
2026-08-04,CAM020,Paid Social,76940.56,328749,15156,994
2026-08-04,CAM021,Paid Search,52765.68,171864,10131,727
2026-08-04,CAM022,Display,33902.96,176927,4373,154
2026-08-04,CAM023,Email,16303.7,106525,8488,882
2026-08-04,CAM024,Display,31307.75,167439,4480,153
2026-08-04,CAM025,Email,18218.05,117818,10227,986
2026-08-04,CAM026,Paid Social,70503.8,331189,14455,834
2026-08-04,CAM027,Email,17043.04,129668,9515,1024
2026-08-04,CAM028,Email,20022.6,130769,9777,1069
2026-08-04,CAM029,Paid Social,61969.17,268328,10859,657
2026-08-04,CAM030,Email,19408.58,141157,12227,1288
2026-08-04,CAM031,Paid Search,63581.51,195130,11327,887
2026-08-04,CAM032,Affiliate,24016.7,84191,3069,167
2026-08-04,CAM033,Paid Social,50665.31,246923,11318,648
2026-08-04,CAM034,Affiliate,22702.33,89512,3154,178
2026-08-04,CAM035,Paid Social,68529.82,298567,12456,753
2026-08-04,CAM036,Paid Social,83438.56,350632,15860,927
2026-08-04,CAM037,Display,28497.47,126390,2861,96
2026-08-04,CAM038,Display,35487.76,167604,4517,144
2026-08-04,CAM039,Email,18659.9,122661,9306,990
2026-08-04,CAM040,Affiliate,25391.08,99821,3208,161
2026-08-04,CAM041,Paid Social,75854.55,359214,14563,887
2026-08-04,CAM042,Email,17124.0,122278,10217,1069
2026-08-04,CAM043,Paid Search,49596.05,158371,8071,594
2026-08-04,CAM044,Paid Social,58444.02,244057,9827,540
2026-08-05,CAM001,Affiliate,22283.45,96443,3191,191
2026-08-05,CAM002,Email,18851.17,132055,11501,1192
2026-08-05,CAM003,Paid Search,58250.59,220326,11708,908
2026-08-05,CAM004,Display,33304.9,184841,4366,158
2026-08-05,CAM005,Affiliate,21481.37,86875,3171,185
2026-08-05,CAM006,Paid Search,48326.56,173034,9815,757
2026-08-05,CAM007,Display,35553.09,175238,4362,161
2026-08-05,CAM008,Paid Search,50999.11,177225,9972,679
2026-08-05,CAM009,Affiliate,25774.7,106754,3690,200
2026-08-05,CAM010,Email,18322.94,113506,8460,785
2026-08-05,CAM011,Affiliate,24807.74,94377,3175,170
2026-08-05,CAM012,Email,17720.51,141231,11404,1145
2026-08-05,CAM013,Affiliate,27243.17,111384,3738,203
2026-08-05,CAM014,Paid Social,69365.6,311980,12401,693
2026-08-05,CAM015,Paid Search,64306.15,235934,12350,920
2026-08-05,CAM016,Paid Search,64250.53,216734,11899,887
2026-08-05,CAM017,Paid Social,58110.42,228430,10277,632
2026-08-05,CAM018,Email,18239.51,109130,8054,880
2026-08-05,CAM019,Paid Search,58179.85,226677,12763,989
2026-08-05,CAM020,Paid Social,58521.53,230242,9148,514
2026-08-05,CAM021,Paid Search,53277.04,195041,10777,864
2026-08-05,CAM022,Display,34527.99,162823,3972,146
2026-08-05,CAM023,Email,16120.98,108737,7977,864
2026-08-05,CAM024,Display,29610.59,137791,3576,121
2026-08-05,CAM025,Email,15786.02,111424,8824,878
2026-08-05,CAM026,Paid Social,48810.05,227112,8692,529
2026-08-05,CAM027,Email,20324.55,123609,8964,953
2026-08-05,CAM028,Email,16365.11,112079,8199,741
2026-08-05,CAM029,Paid Social,58356.38,274896,10815,587
2026-08-05,CAM030,Email,15679.59,102596,7538,687
2026-08-05,CAM031,Paid Search,48414.89,181833,9633,756
2026-08-05,CAM032,Affiliate,26860.05,109709,3964,206
2026-08-05,CAM033,Paid Social,55557.06,230831,10025,596
2026-08-05,CAM034,Affiliate,25251.76,94039,3511,188
2026-08-05,CAM035,Paid Social,77102.28,327911,14868,968
2026-08-05,CAM036,Paid Social,59982.97,252350,9567,579
2026-08-05,CAM037,Display,36142.15,188942,5184,192
2026-08-05,CAM038,Display,34880.25,179909,4551,152
2026-08-05,CAM039,Email,17823.88,116047,9703,954
2026-08-05,CAM040,Affiliate,22718.87,82624,2876,142
2026-08-05,CAM041,Paid Social,67265.08,285905,12167,762
2026-08-05,CAM042,Email,13631.66,81341,6688,719
2026-08-05,CAM043,Paid Search,57518.3,195230,11132,764
2026-08-05,CAM044,Paid Social,66869.01,322376,14189,916
2026-08-06,CAM001,Affiliate,26392.69,103897,3487,202
2026-08-06,CAM002,Email,17491.0,104578,7907,839
2026-08-06,CAM003,Paid Search,67581.97,250424,13146,908
2026-08-06,CAM004,Display,33028.68,147819,3591,127
2026-08-06,CAM005,Affiliate,30817.38,128893,4143,236
2026-08-06,CAM006,Paid Search,56126.07,171823,9275,628
2026-08-06,CAM007,Display,28960.85,159613,3605,127
2026-08-06,CAM008,Paid Search,71574.8,265504,13435,1032
2026-08-06,CAM009,Affiliate,29573.22,117150,4507,232
2026-08-06,CAM010,Email,14666.8,109578,9476,1006
2026-08-06,CAM011,Affiliate,22419.3,99859,3384,180
2026-08-06,CAM012,Email,20029.63,121879,9484,893
2026-08-06,CAM013,Affiliate,15195.01,60034,2310,130
2026-08-06,CAM014,Paid Social,77701.94,332413,15300,882
2026-08-06,CAM015,Paid Search,46465.28,165701,8693,658
2026-08-06,CAM016,Paid Search,49831.59,173222,9436,639
2026-08-06,CAM017,Paid Social,65971.71,259079,10103,632
2026-08-06,CAM018,Email,20704.81,143071,11608,1203
2026-08-06,CAM019,Paid Search,65422.86,220901,11847,926
2026-08-06,CAM020,Paid Social,64617.89,278378,10816,695
2026-08-06,CAM021,Paid Search,68131.34,265599,16014,1134
2026-08-06,CAM022,Display,35907.4,155046,3611,118
2026-08-06,CAM023,Email,17361.98,103848,7537,770
2026-08-06,CAM024,Display,27179.47,145531,3938,136
2026-08-06,CAM025,Email,23461.04,187618,14198,1520
2026-08-06,CAM026,Paid Social,66605.03,268492,12314,806
2026-08-06,CAM027,Email,22042.39,144266,11178,1083
2026-08-06,CAM028,Email,14916.07,110207,9353,939
2026-08-06,CAM029,Paid Social,71756.09,327618,12904,732
2026-08-06,CAM030,Email,15291.05,105274,8067,795
2026-08-06,CAM031,Paid Search,44956.33,165364,9429,760
2026-08-06,CAM032,Affiliate,28950.93,131562,4914,246
2026-08-06,CAM033,Paid Social,73006.89,361947,16595,1022
2026-08-06,CAM034,Affiliate,29327.25,133688,4286,253
2026-08-06,CAM035,Paid Social,53101.23,218699,9843,638
2026-08-06,CAM036,Paid Social,65975.64,309680,12585,726
2026-08-06,CAM037,Display,26136.37,118462,3057,106
2026-08-06,CAM038,Display,31860.28,155703,3781,145
2026-08-06,CAM039,Email,16150.14,105947,8178,872
2026-08-06,CAM040,Affiliate,26976.41,98166,3208,192
2026-08-06,CAM041,Paid Social,81431.79,363379,14436,866
2026-08-06,CAM042,Email,19541.36,118546,8615,782
2026-08-06,CAM043,Paid Search,63023.86,239642,12794,1036
2026-08-06,CAM044,Paid Social,56541.9,266685,10930,698
2026-08-07,CAM001,Affiliate,25790.79,105020,3801,201
2026-08-07,CAM002,Email,16966.34,116523,9043,819
2026-08-07,CAM003,Paid Search,52443.44,173273,9794,665
2026-08-07,CAM004,Display,29666.86,135163,3167,108
2026-08-07,CAM005,Affiliate,23996.29,91822,3511,195
2026-08-07,CAM006,Paid Search,50794.97,173509,8871,696
2026-08-07,CAM007,Display,32024.12,165350,4031,136
2026-08-07,CAM008,Paid Search,51794.56,164407,8853,599
2026-08-07,CAM009,Affiliate,22866.27,82101,2609,146
2026-08-07,CAM010,Email,20180.62,131441,10836,1132
2026-08-07,CAM011,Affiliate,25412.82,101450,3518,209
2026-08-07,CAM012,Email,19882.71,122764,8914,908
2026-08-07,CAM013,Affiliate,23699.66,94675,3499,208
2026-08-07,CAM014,Paid Social,73038.69,308962,11776,716
2026-08-07,CAM015,Paid Search,54280.73,172214,9033,701
2026-08-07,CAM016,Paid Search,56832.13,200458,10905,806
2026-08-07,CAM017,Paid Social,51801.06,202812,9135,502
2026-08-07,CAM018,Email,17105.92,129892,10959,1174
2026-08-07,CAM019,Paid Search,57189.17,177659,9664,761
2026-08-07,CAM020,Paid Social,59972.14,309266,14155,890
2026-08-07,CAM021,Paid Search,44798.03,145641,7232,572
2026-08-07,CAM022,Display,35029.45,184781,4308,142
2026-08-07,CAM023,Email,16958.29,115192,8464,889
2026-08-07,CAM024,Display,38385.34,191831,4690,157
2026-08-07,CAM025,Email,20290.91,158529,13764,1244
2026-08-07,CAM026,Paid Social,77089.21,330455,13280,719
2026-08-07,CAM027,Email,19358.74,132935,10051,1064
2026-08-07,CAM028,Email,14305.33,88777,7169,705
2026-08-07,CAM029,Paid Social,59918.43,309853,13409,872
2026-08-07,CAM030,Email,17914.18,118088,9669,1061
2026-08-07,CAM031,Paid Search,56040.06,177996,10050,772
2026-08-07,CAM032,Affiliate,20352.66,73710,2445,124
2026-08-07,CAM033,Paid Social,74609.92,371385,14421,894
2026-08-07,CAM034,Affiliate,29408.27,119074,4448,259
2026-08-07,CAM035,Paid Social,62666.92,244166,9951,604
2026-08-07,CAM036,Paid Social,58103.7,244791,11138,653
2026-08-07,CAM037,Display,42102.44,214809,5623,182
2026-08-07,CAM038,Display,34907.27,175874,4205,133
2026-08-07,CAM039,Email,19097.76,118482,9621,1004
2026-08-07,CAM040,Affiliate,25648.9,104182,3644,191
2026-08-07,CAM041,Paid Social,71931.95,295695,11775,730
2026-08-07,CAM042,Email,20356.38,137639,11303,1135
2026-08-07,CAM043,Paid Search,53426.82,192152,9668,709
2026-08-07,CAM044,Paid Social,76426.09,298795,11940,759
2026-08-08,CAM001,Affiliate,28329.67,106209,3914,223
2026-08-08,CAM002,Email,17107.17,136385,9848,1025
2026-08-08,CAM003,Paid Search,53224.36,160949,7974,649
2026-08-08,CAM004,Display,33435.15,156330,4200,144
2026-08-08,CAM005,Affiliate,23798.73,91285,3129,186
2026-08-08,CAM006,Paid Search,56849.7,225790,12635,902
2026-08-08,CAM007,Display,40529.24,193389,4686,149
2026-08-08,CAM008,Paid Search,57125.85,184720,11004,839
2026-08-08,CAM009,Affiliate,24333.47,101012,3794,211
2026-08-08,CAM010,Email,17025.79,105042,8295,812
2026-08-08,CAM011,Affiliate,18801.07,64403,2113,113
2026-08-08,CAM012,Email,14879.74,94592,7107,713
2026-08-08,CAM013,Affiliate,20501.81,70558,2514,141
2026-08-08,CAM014,Paid Social,49342.33,237870,9394,575
2026-08-08,CAM015,Paid Search,58003.34,177967,9313,636
2026-08-08,CAM016,Paid Search,58414.73,231370,12737,972
2026-08-08,CAM017,Paid Social,64220.31,331717,13805,906
2026-08-08,CAM018,Email,18500.75,112355,9030,954
2026-08-08,CAM019,Paid Search,56180.49,181218,10699,804
2026-08-08,CAM020,Paid Social,53562.97,213410,8743,494
2026-08-08,CAM021,Paid Search,52780.84,159845,8790,643
2026-08-08,CAM022,Display,39418.4,175277,4526,163
2026-08-08,CAM023,Email,19736.37,150208,11871,1179
2026-08-08,CAM024,Display,36517.34,169861,4538,167
2026-08-08,CAM025,Email,18505.06,114390,9021,927
2026-08-08,CAM026,Paid Social,58650.59,232432,9771,632
2026-08-08,CAM027,Email,14220.45,102875,8083,873
2026-08-08,CAM028,Email,20877.97,143362,11006,1061
2026-08-08,CAM029,Paid Social,71523.47,318960,13419,754
2026-08-08,CAM030,Email,16718.41,106371,9330,945
2026-08-08,CAM031,Paid Search,53144.88,165365,8770,688
2026-08-08,CAM032,Affiliate,25633.62,92050,3428,191
2026-08-08,CAM033,Paid Social,60069.26,301574,11489,673
2026-08-08,CAM034,Affiliate,29493.97,110497,3524,184
2026-08-08,CAM035,Paid Social,64963.11,323672,12804,800
2026-08-08,CAM036,Paid Social,56889.58,253862,9900,602
2026-08-08,CAM037,Display,35805.25,202397,5083,194
2026-08-08,CAM038,Display,29510.82,137719,3213,114
2026-08-08,CAM039,Email,20710.63,154528,12120,1245
2026-08-08,CAM040,Affiliate,25994.01,116556,3942,221
2026-08-08,CAM041,Paid Social,64118.21,306619,13922,848
2026-08-08,CAM042,Email,20213.24,122614,9873,1017
2026-08-08,CAM043,Paid Search,70289.78,254925,14747,1047
2026-08-08,CAM044,Paid Social,68873.41,317582,13912,853
2026-08-09,CAM001,Affiliate,21898.68,78005,2991,149
2026-08-09,CAM002,Email,16637.86,133535,10153,949
2026-08-09,CAM003,Paid Search,61552.28,191356,11196,923
2026-08-09,CAM004,Display,41928.42,227906,5671,190
2026-08-09,CAM005,Affiliate,23777.13,96361,3472,185
2026-08-09,CAM006,Paid Search,59603.46,200680,10908,865
2026-08-09,CAM007,Display,34315.16,170480,4141,150
2026-08-09,CAM008,Paid Search,42170.64,162790,8469,649
2026-08-09,CAM009,Affiliate,26482.6,94421,3475,190
2026-08-09,CAM010,Email,12441.34,75988,6066,553
2026-08-09,CAM011,Affiliate,23630.21,89746,3275,188
2026-08-09,CAM012,Email,19959.98,158911,12792,1262
2026-08-09,CAM013,Affiliate,26518.63,97803,3181,170
2026-08-09,CAM014,Paid Social,75286.27,303987,12872,784
2026-08-09,CAM015,Paid Search,65723.39,243084,12614,962
2026-08-09,CAM016,Paid Search,51044.23,200983,11221,840
2026-08-09,CAM017,Paid Social,67220.11,306630,13851,837
2026-08-09,CAM018,Email,18774.77,141283,10916,1101
2026-08-09,CAM019,Paid Search,58376.69,191947,11593,801
2026-08-09,CAM020,Paid Social,72698.79,346560,14993,977
2026-08-09,CAM021,Paid Search,46384.43,179010,10695,823
2026-08-09,CAM022,Display,35002.76,165411,3916,137
2026-08-09,CAM023,Email,24389.38,177248,12872,1295
2026-08-09,CAM024,Display,27288.19,144046,3747,133
2026-08-09,CAM025,Email,16930.05,131486,11517,1042
2026-08-09,CAM026,Paid Social,62389.89,322036,13207,803
2026-08-09,CAM027,Email,18352.05,140274,10395,1012
2026-08-09,CAM028,Email,17203.85,130982,10252,1032
2026-08-09,CAM029,Paid Social,62878.5,253685,9796,529
2026-08-09,CAM030,Email,18247.66,134573,10423,1065
2026-08-09,CAM031,Paid Search,42756.14,162909,8978,623
2026-08-09,CAM032,Affiliate,32656.83,125121,4197,248
2026-08-09,CAM033,Paid Social,60762.89,239756,10022,552
2026-08-09,CAM034,Affiliate,24387.14,93092,3301,169
2026-08-09,CAM035,Paid Social,52005.92,227310,10136,571
2026-08-09,CAM036,Paid Social,72395.96,288480,12533,734
2026-08-09,CAM037,Display,40273.52,228007,6068,228
2026-08-09,CAM038,Display,35149.71,193243,4690,150
2026-08-09,CAM039,Email,18375.95,129593,10791,1056
2026-08-09,CAM040,Affiliate,21099.4,71923,2652,158
2026-08-09,CAM041,Paid Social,63756.41,322383,13054,841
2026-08-09,CAM042,Email,16722.93,103766,7919,864
2026-08-09,CAM043,Paid Search,50934.26,198758,11722,887
2026-08-09,CAM044,Paid Social,68731.08,287536,12534,706
2026-08-10,CAM001,Affiliate,25180.8,97276,3457,205
2026-08-10,CAM002,Email,18685.36,114352,8843,958
2026-08-10,CAM003,Paid Search,62496.32,245700,13383,1032
2026-08-10,CAM004,Display,30119.38,152594,3744,124
2026-08-10,CAM005,Affiliate,26559.95,121673,4638,267
2026-08-10,CAM006,Paid Search,59643.42,227503,13730,972
2026-08-10,CAM007,Display,35878.14,156697,3672,121
2026-08-10,CAM008,Paid Search,59508.0,198621,11612,847
2026-08-10,CAM009,Affiliate,22603.87,102447,3719,210
2026-08-10,CAM010,Email,14480.32,99132,8620,854
2026-08-10,CAM011,Affiliate,28349.59,121305,4099,222
2026-08-10,CAM012,Email,20041.45,156632,12983,1304
2026-08-10,CAM013,Affiliate,25126.29,107063,3839,208
2026-08-10,CAM014,Paid Social,55948.67,233601,8915,579
2026-08-10,CAM015,Paid Search,45903.55,137724,7334,555
2026-08-10,CAM016,Paid Search,52442.4,193679,11058,800
2026-08-10,CAM017,Paid Social,75059.12,325135,14192,884
2026-08-10,CAM018,Email,16003.81,112396,9002,955
2026-08-10,CAM019,Paid Search,54578.36,184468,10413,829
2026-08-10,CAM020,Paid Social,78430.5,363044,15421,841
2026-08-10,CAM021,Paid Search,51785.38,178085,9676,695
2026-08-10,CAM022,Display,31250.96,145293,3873,144
2026-08-10,CAM023,Email,16201.79,127525,9859,950
2026-08-10,CAM024,Display,30233.82,133868,3156,116
2026-08-10,CAM025,Email,19069.07,116991,9434,1018
2026-08-10,CAM026,Paid Social,72937.35,335815,15432,987
2026-08-10,CAM027,Email,17521.74,120812,9591,917
2026-08-10,CAM028,Email,14393.12,88544,6597,720
2026-08-10,CAM029,Paid Social,61798.85,256783,11487,637
2026-08-10,CAM030,Email,20424.13,131324,11273,1044
2026-08-10,CAM031,Paid Search,47448.44,165397,9213,677
2026-08-10,CAM032,Affiliate,26631.39,97708,3269,172
2026-08-10,CAM033,Paid Social,79429.36,362740,16514,1040
2026-08-10,CAM034,Affiliate,27716.41,103767,3603,203
2026-08-10,CAM035,Paid Social,63883.8,314461,13605,861
2026-08-10,CAM036,Paid Social,57433.69,228925,10069,594
2026-08-10,CAM037,Display,32979.69,149238,4097,131
2026-08-10,CAM038,Display,40141.62,217607,5503,176
2026-08-10,CAM039,Email,18105.95,108583,7828,761
2026-08-10,CAM040,Affiliate,25696.24,111907,3613,199
2026-08-10,CAM041,Paid Social,72003.16,317977,13246,813
2026-08-10,CAM042,Email,18299.83,117537,9527,874
2026-08-10,CAM043,Paid Search,54897.65,174610,9394,681
2026-08-10,CAM044,Paid Social,65472.56,261422,12042,788
2026-08-11,CAM001,Affiliate,25121.74,92199,3187,161
2026-08-11,CAM002,Email,12393.96,93264,7416,761
2026-08-11,CAM003,Paid Search,52574.65,174411,8714,598
2026-08-11,CAM004,Display,32401.59,183427,4550,152
2026-08-11,CAM005,Affiliate,19407.78,79856,2888,163
2026-08-11,CAM006,Paid Search,58273.78,204508,11846,966
2026-08-11,CAM007,Display,36513.39,202260,5109,161
2026-08-11,CAM008,Paid Search,53326.88,187622,10117,833
2026-08-11,CAM009,Affiliate,24776.8,106768,3548,214
2026-08-11,CAM010,Email,16437.14,98575,7235,672
2026-08-11,CAM011,Affiliate,32175.65,119213,4521,242
2026-08-11,CAM012,Email,16585.49,111606,8378,758
2026-08-11,CAM013,Affiliate,24033.57,109251,3735,220
2026-08-11,CAM014,Paid Social,61326.71,268298,11608,691
2026-08-11,CAM015,Paid Search,50489.91,162645,8146,671
2026-08-11,CAM016,Paid Search,55450.27,168000,8634,649
2026-08-11,CAM017,Paid Social,74836.68,370038,16348,1070
2026-08-11,CAM018,Email,19672.89,118911,10095,1110
2026-08-11,CAM019,Paid Search,46008.88,146758,8751,679
2026-08-11,CAM020,Paid Social,77339.24,394340,15358,839
2026-08-11,CAM021,Paid Search,55167.32,207236,11405,844
2026-08-11,CAM022,Display,42656.73,243018,6099,199
2026-08-11,CAM023,Email,18095.51,143752,10581,977
2026-08-11,CAM024,Display,32968.53,160704,3642,137
2026-08-11,CAM025,Email,16890.98,130169,9723,1046
2026-08-11,CAM026,Paid Social,74356.23,312907,13678,757
2026-08-11,CAM027,Email,19508.77,118191,9343,1020
2026-08-11,CAM028,Email,19615.02,140964,10591,1110
2026-08-11,CAM029,Paid Social,63689.95,281574,11162,700
2026-08-11,CAM030,Email,21380.36,161738,13379,1383
2026-08-11,CAM031,Paid Search,47512.58,190269,11440,843
2026-08-11,CAM032,Affiliate,23003.55,84552,2867,169
2026-08-11,CAM033,Paid Social,75039.12,287781,10911,668
2026-08-11,CAM034,Affiliate,24200.4,84627,3144,175
2026-08-11,CAM035,Paid Social,69837.43,314355,12131,666
2026-08-11,CAM036,Paid Social,63500.89,279390,12857,796
2026-08-11,CAM037,Display,35956.61,192302,4476,149
2026-08-11,CAM038,Display,41043.68,228832,5271,179
2026-08-11,CAM039,Email,16941.82,104037,9013,874
2026-08-11,CAM040,Affiliate,24552.6,94859,3371,203
2026-08-11,CAM041,Paid Social,72035.09,372765,16597,912
2026-08-11,CAM042,Email,17442.95,123242,9287,900
2026-08-11,CAM043,Paid Search,41124.74,132708,6778,493
2026-08-11,CAM044,Paid Social,53838.34,230459,8990,488
2026-08-12,CAM001,Affiliate,31577.88,121924,4466,231
2026-08-12,CAM002,Email,20404.36,158207,11802,1285
2026-08-12,CAM003,Paid Search,63235.2,221472,11133,798
2026-08-12,CAM004,Display,28104.71,134941,3215,113
2026-08-12,CAM005,Affiliate,20813.75,73679,2455,127
2026-08-12,CAM006,Paid Search,63225.14,231191,12212,845
2026-08-12,CAM007,Display,35103.02,171065,4194,151
2026-08-12,CAM008,Paid Search,51066.3,200668,10335,780
2026-08-12,CAM009,Affiliate,26757.77,104548,3785,191
2026-08-12,CAM010,Email,18620.48,114306,8424,795
2026-08-12,CAM011,Affiliate,27212.52,100028,3715,207
2026-08-12,CAM012,Email,16187.63,128469,10319,1087
2026-08-12,CAM013,Affiliate,28769.74,101127,3865,231
2026-08-12,CAM014,Paid Social,61550.79,248442,10307,644
2026-08-12,CAM015,Paid Search,55076.05,187154,10276,821
2026-08-12,CAM016,Paid Search,61699.08,217201,11106,845
2026-08-12,CAM017,Paid Social,70225.01,283824,11112,729
2026-08-12,CAM018,Email,18988.88,141480,11300,1118
2026-08-12,CAM019,Paid Search,57705.68,204964,10908,803
2026-08-12,CAM020,Paid Social,58528.88,278999,12612,742
2026-08-12,CAM021,Paid Search,48764.87,147508,8104,600
2026-08-12,CAM022,Display,35360.65,150844,3681,136
2026-08-12,CAM023,Email,18616.78,138984,10174,985
2026-08-12,CAM024,Display,39560.85,173060,4724,153
2026-08-12,CAM025,Email,19598.91,130181,10564,974
2026-08-12,CAM026,Paid Social,68060.38,284884,12531,711
2026-08-12,CAM027,Email,17050.32,105366,8766,860
2026-08-12,CAM028,Email,12791.25,92825,7365,775
2026-08-12,CAM029,Paid Social,57211.64,271931,12314,798
2026-08-12,CAM030,Email,19407.4,148035,12609,1195
2026-08-12,CAM031,Paid Search,46503.62,143468,8513,623
2026-08-12,CAM032,Affiliate,33039.16,124794,4122,215
2026-08-12,CAM033,Paid Social,54280.97,236108,10269,594
2026-08-12,CAM034,Affiliate,27091.63,109543,3779,194
2026-08-12,CAM035,Paid Social,66775.1,273112,10966,678
2026-08-12,CAM036,Paid Social,53767.79,264866,10232,555
2026-08-12,CAM037,Display,31757.52,178387,4875,179
2026-08-12,CAM038,Display,33833.78,151310,3511,125
2026-08-12,CAM039,Email,16516.55,107196,8093,864
2026-08-12,CAM040,Affiliate,20205.38,91672,3435,187
2026-08-12,CAM041,Paid Social,56762.99,239453,10846,639
2026-08-12,CAM042,Email,19880.68,130059,10853,1009
2026-08-12,CAM043,Paid Search,62442.67,214560,12527,969
2026-08-12,CAM044,Paid Social,71702.17,345422,14264,834
2026-08-13,CAM001,Affiliate,27645.15,108788,3493,182
2026-08-13,CAM002,Email,14323.3,94564,7850,839
2026-08-13,CAM003,Paid Search,54502.6,176292,8801,637
2026-08-13,CAM004,Display,39644.45,216152,5289,168
2026-08-13,CAM005,Affiliate,27857.69,98761,3495,180
2026-08-13,CAM006,Paid Search,48116.93,190334,10178,782
2026-08-13,CAM007,Display,37466.56,188446,4783,150
2026-08-13,CAM008,Paid Search,62358.16,228134,11692,902
2026-08-13,CAM009,Affiliate,24063.58,83576,2661,135
2026-08-13,CAM010,Email,20210.91,139153,10865,1116
2026-08-13,CAM011,Affiliate,17219.4,71586,2470,142
2026-08-13,CAM012,Email,21160.15,159714,12806,1285
2026-08-13,CAM013,Affiliate,20860.58,77204,2692,150
2026-08-13,CAM014,Paid Social,63147.45,262437,10790,691
2026-08-13,CAM015,Paid Search,54729.44,190852,10428,731
2026-08-13,CAM016,Paid Search,52258.43,206042,11116,880
2026-08-13,CAM017,Paid Social,80500.41,366127,14456,842
2026-08-13,CAM018,Email,15542.43,114876,9572,911
2026-08-13,CAM019,Paid Search,51994.07,156447,7928,557
2026-08-13,CAM020,Paid Social,58952.87,302950,12654,818
2026-08-13,CAM021,Paid Search,58780.23,217452,11663,850
2026-08-13,CAM022,Display,34084.53,175406,4457,159
2026-08-13,CAM023,Email,16697.39,128418,10069,1085
2026-08-13,CAM024,Display,39544.23,221990,5207,189
2026-08-13,CAM025,Email,20252.81,148093,12767,1251
2026-08-13,CAM026,Paid Social,66038.09,340437,13432,798
2026-08-13,CAM027,Email,13453.08,90787,7942,735
2026-08-13,CAM028,Email,14978.82,96173,7384,786
2026-08-13,CAM029,Paid Social,51773.34,205350,8550,506
2026-08-13,CAM030,Email,16101.64,114609,8704,903
2026-08-13,CAM031,Paid Search,49825.95,187102,10282,835
2026-08-13,CAM032,Affiliate,26295.76,114229,3942,220
2026-08-13,CAM033,Paid Social,53168.07,274387,12028,782
2026-08-13,CAM034,Affiliate,26219.95,91434,2909,171
2026-08-13,CAM035,Paid Social,68498.12,348441,14118,779
2026-08-13,CAM036,Paid Social,67292.82,281375,12846,782
2026-08-13,CAM037,Display,38367.44,165495,4512,161
2026-08-13,CAM038,Display,32744.09,155481,3678,128
2026-08-13,CAM039,Email,16356.42,107859,7792,728
2026-08-13,CAM040,Affiliate,18912.11,70686,2302,116
2026-08-13,CAM041,Paid Social,69012.97,328308,12769,702
2026-08-13,CAM042,Email,18580.48,127019,10448,1002
2026-08-13,CAM043,Paid Search,73909.38,220547,12602,992
2026-08-13,CAM044,Paid Social,60001.3,229668,9831,552
2026-08-14,CAM001,Affiliate,26261.42,116791,4367,247
2026-08-14,CAM002,Email,20138.93,145296,11219,1041
2026-08-14,CAM003,Paid Search,60651.24,207879,11554,838
2026-08-14,CAM004,Display,36798.31,175309,4080,131
2026-08-14,CAM005,Affiliate,25219.36,95549,3584,179
2026-08-14,CAM006,Paid Search,58680.18,219988,11096,838
2026-08-14,CAM007,Display,38669.0,220553,5181,181
2026-08-14,CAM008,Paid Search,50557.46,182425,10403,843
2026-08-14,CAM009,Affiliate,25758.06,98031,3353,172
2026-08-14,CAM010,Email,19729.34,120634,10549,1057
2026-08-14,CAM011,Affiliate,22485.02,89213,2828,151
2026-08-14,CAM012,Email,18332.93,119529,9967,915
2026-08-14,CAM013,Affiliate,20029.03,82833,2626,139
2026-08-14,CAM014,Paid Social,67037.42,326838,14916,944
2026-08-14,CAM015,Paid Search,49149.2,167368,9704,664
2026-08-14,CAM016,Paid Search,50281.29,164680,8767,694
2026-08-14,CAM017,Paid Social,70022.96,316769,13777,867
2026-08-14,CAM018,Email,17172.19,111489,8129,754
2026-08-14,CAM019,Paid Search,56041.77,174780,9334,734
2026-08-14,CAM020,Paid Social,84647.51,431196,18931,1180
2026-08-14,CAM021,Paid Search,53576.19,187190,9430,711
2026-08-14,CAM022,Display,36884.58,193463,4526,166
2026-08-14,CAM023,Email,18425.08,129939,9960,981
2026-08-14,CAM024,Display,35904.17,194296,4866,172
2026-08-14,CAM025,Email,18050.33,135824,10148,1033
2026-08-14,CAM026,Paid Social,58404.9,243333,11010,676
2026-08-14,CAM027,Email,17513.33,109762,8533,918
2026-08-14,CAM028,Email,19716.59,121400,9352,880
2026-08-14,CAM029,Paid Social,70633.08,358978,15101,816
2026-08-14,CAM030,Email,14752.69,111814,9289,990
2026-08-14,CAM031,Paid Search,53071.7,165587,9601,757
2026-08-14,CAM032,Affiliate,21225.83,88555,3361,190
2026-08-14,CAM033,Paid Social,50875.76,218604,9778,612
2026-08-14,CAM034,Affiliate,19725.81,82717,2715,144
2026-08-14,CAM035,Paid Social,70612.83,347465,15654,907
2026-08-14,CAM036,Paid Social,72796.06,311666,12294,705
2026-08-14,CAM037,Display,38587.64,220534,5345,196
2026-08-14,CAM038,Display,31522.34,142327,3308,116
2026-08-14,CAM039,Email,20146.51,129440,9606,871
2026-08-14,CAM040,Affiliate,21599.8,92080,3180,177
2026-08-14,CAM041,Paid Social,70688.29,322763,14430,868
2026-08-14,CAM042,Email,19043.9,147687,12089,1329
2026-08-14,CAM043,Paid Search,55829.79,207624,11062,884
2026-08-14,CAM044,Paid Social,82933.96,381460,16070,1008
2026-08-15,CAM001,Affiliate,21554.42,77853,2942,150
2026-08-15,CAM002,Email,18574.79,129387,9583,944
2026-08-15,CAM003,Paid Search,54885.95,201131,11134,899
2026-08-15,CAM004,Display,42562.82,234771,5473,196
2026-08-15,CAM005,Affiliate,20300.54,90758,2867,147
2026-08-15,CAM006,Paid Search,53570.63,168208,8683,660
2026-08-15,CAM007,Display,39922.04,220827,4970,181
2026-08-15,CAM008,Paid Search,59642.08,226755,13531,1017
2026-08-15,CAM009,Affiliate,24683.95,86267,3095,177
2026-08-15,CAM010,Email,17617.99,115261,9546,860
2026-08-15,CAM011,Affiliate,28330.67,99653,3372,173
2026-08-15,CAM012,Email,14527.58,90020,6488,666
2026-08-15,CAM013,Affiliate,27001.0,108778,3837,229
2026-08-15,CAM014,Paid Social,61316.4,240603,10292,593
2026-08-15,CAM015,Paid Search,62079.63,239354,12678,914
2026-08-15,CAM016,Paid Search,68919.4,266783,15589,1220
2026-08-15,CAM017,Paid Social,62599.86,257950,10259,603
2026-08-15,CAM018,Email,21417.43,157822,13340,1434
2026-08-15,CAM019,Paid Search,54062.8,167385,8344,665
2026-08-15,CAM020,Paid Social,49490.65,247788,11358,676
2026-08-15,CAM021,Paid Search,53745.8,165565,9075,672
2026-08-15,CAM022,Display,40594.86,222829,5622,207
2026-08-15,CAM023,Email,20631.64,151097,13154,1209
2026-08-15,CAM024,Display,35895.49,173529,4034,142
2026-08-15,CAM025,Email,20851.76,163322,13488,1387
2026-08-15,CAM026,Paid Social,63858.73,284755,12652,826
2026-08-15,CAM027,Email,16909.13,119497,9928,1007
2026-08-15,CAM028,Email,18480.17,117887,8732,853
2026-08-15,CAM029,Paid Social,72820.35,322878,12503,710
2026-08-15,CAM030,Email,16521.99,107249,9008,846
2026-08-15,CAM031,Paid Search,55770.9,204094,10135,726
2026-08-15,CAM032,Affiliate,24286.44,108619,4155,235
2026-08-15,CAM033,Paid Social,62854.02,280639,12438,722
2026-08-15,CAM034,Affiliate,21378.09,72689,2738,153
2026-08-15,CAM035,Paid Social,48681.35,241672,11100,683
2026-08-15,CAM036,Paid Social,75934.21,350991,15393,978
2026-08-15,CAM037,Display,29384.77,160915,4024,143
2026-08-15,CAM038,Display,27894.29,134692,3218,115
2026-08-15,CAM039,Email,19967.11,119348,9587,1034
2026-08-15,CAM040,Affiliate,24464.25,97579,3686,198
2026-08-15,CAM041,Paid Social,50883.64,247992,10243,629
2026-08-15,CAM042,Email,14189.61,110148,9670,1041
2026-08-15,CAM043,Paid Search,63733.95,255635,14075,1025
2026-08-15,CAM044,Paid Social,79345.49,398912,18067,1095
